COMMAND=./mvnw --batch-mode --no-transfer-progress -pl apps/api -am test -Ddependency-check.skip=true
EXIT_CODE=0
STDOUT
[INFO] Scanning for projects...
[INFO] ------------------------------------------------------------------------
[INFO] Reactor Build Order:
[INFO] 
[INFO] GITS Knowledge Engineering                                         [pom]
[INFO] operational-ontology                                               [jar]
[INFO] semantic-runtime                                                   [jar]
[INFO] knowledge-architecture                                             [jar]
[INFO] context-evidence                                                   [jar]
[INFO] scenario-execute                                                   [jar]
[INFO] human-action                                                       [jar]
[INFO] evaluation                                                         [jar]
[INFO] scenario-customer-journey                                          [jar]
[INFO] semantic-jena                                                      [jar]
[INFO] persistence-relational                                             [jar]
[INFO] Oracle Source Adapter                                              [jar]
[INFO] knowledge-filesystem                                               [jar]
[INFO] gits-kno-api                                                       [jar]
[INFO] 
[INFO] --------------< com.gien.gits:gits-knowledge-engineering >--------------
[INFO] Building GITS Knowledge Engineering 0.1.0-SNAPSHOT                [1/14]
[INFO]   from pom.xml
[INFO] --------------------------------[ pom ]---------------------------------
[INFO] 
[INFO] --- enforcer:3.6.2:enforce (enforce-toolchain) @ gits-knowledge-engineering ---
[INFO] Rule 0: org.apache.maven.enforcer.rules.version.RequireJavaVersion passed
[INFO] Rule 1: org.apache.maven.enforcer.rules.version.RequireMavenVersion passed
[INFO] 
[INFO] -----------------< com.gien.gits:operational-ontology >-----------------
[INFO] Building operational-ontology 0.1.0-SNAPSHOT                      [2/14]
[INFO]   from modules/operational-ontology/pom.xml
[INFO] --------------------------------[ jar ]---------------------------------
[INFO] 
[INFO] --- enforcer:3.6.2:enforce (enforce-toolchain) @ operational-ontology ---
[INFO] 
[INFO] --- resources:3.3.1:resources (default-resources) @ operational-ontology ---
[INFO] skip non existing resourceDirectory /home/szf/dev/gits-cbanking/modules/operational-ontology/src/main/resources
[INFO] skip non existing resourceDirectory /home/szf/dev/gits-cbanking/modules/operational-ontology/src/main/resources
[INFO] 
[INFO] --- compiler:3.14.1:compile (default-compile) @ operational-ontology ---
[WARNING]  Parameter 'compilerVersion' (user property 'maven.compiler.compilerVersion') is deprecated: This parameter is no longer evaluated by the underlying compilers, instead the actual version of the javac binary is automatically retrieved.
[INFO] Nothing to compile - all classes are up to date.
[INFO] 
[INFO] --- resources:3.3.1:testResources (default-testResources) @ operational-ontology ---
[INFO] skip non existing resourceDirectory /home/szf/dev/gits-cbanking/modules/operational-ontology/src/test/resources
[INFO] 
[INFO] --- compiler:3.14.1:testCompile (default-testCompile) @ operational-ontology ---
[WARNING]  Parameter 'compilerVersion' (user property 'maven.compiler.compilerVersion') is deprecated: This parameter is no longer evaluated by the underlying compilers, instead the actual version of the javac binary is automatically retrieved.
[INFO] Nothing to compile - all classes are up to date.
[INFO] 
[INFO] --- surefire:3.5.6:test (default-test) @ operational-ontology ---
[INFO] Using auto detected provider org.apache.maven.surefire.junitplatform.JUnitPlatformProvider
[INFO] 
[INFO] -------------------------------------------------------
[INFO]  T E S T S
[INFO] -------------------------------------------------------
[INFO] Running com.gien.gits.ontology.PolicyRuleTest
[INFO] Tests run: 6, Failures: 0, Errors: 0, Skipped: 0, Time elapsed: 0.042 s -- in com.gien.gits.ontology.PolicyRuleTest
[INFO] Running com.gien.gits.ontology.RecordModelTest
[INFO] Tests run: 26, Failures: 0, Errors: 0, Skipped: 0, Time elapsed: 0.057 s -- in com.gien.gits.ontology.RecordModelTest
[INFO] Running com.gien.gits.ontology.OperationalOntologyTest
[INFO] Tests run: 3, Failures: 0, Errors: 0, Skipped: 0, Time elapsed: 0.005 s -- in com.gien.gits.ontology.OperationalOntologyTest
[INFO] Running com.gien.gits.ontology.ExternalEventTest
[INFO] Tests run: 7, Failures: 0, Errors: 0, Skipped: 0, Time elapsed: 0.010 s -- in com.gien.gits.ontology.ExternalEventTest
[INFO] 
[INFO] Results:
[INFO] 
[INFO] Tests run: 42, Failures: 0, Errors: 0, Skipped: 0
[INFO] 
[INFO] 
[INFO] -------------------< com.gien.gits:semantic-runtime >-------------------
[INFO] Building semantic-runtime 0.1.0-SNAPSHOT                          [3/14]
[INFO]   from modules/semantic-runtime/pom.xml
[INFO] --------------------------------[ jar ]---------------------------------
[INFO] 
[INFO] --- enforcer:3.6.2:enforce (enforce-toolchain) @ semantic-runtime ---
[INFO] 
[INFO] --- resources:3.3.1:resources (default-resources) @ semantic-runtime ---
[INFO] skip non existing resourceDirectory /home/szf/dev/gits-cbanking/modules/semantic-runtime/src/main/resources
[INFO] skip non existing resourceDirectory /home/szf/dev/gits-cbanking/modules/semantic-runtime/src/main/resources
[INFO] 
[INFO] --- compiler:3.14.1:compile (default-compile) @ semantic-runtime ---
[WARNING]  Parameter 'compilerVersion' (user property 'maven.compiler.compilerVersion') is deprecated: This parameter is no longer evaluated by the underlying compilers, instead the actual version of the javac binary is automatically retrieved.
[INFO] Nothing to compile - all classes are up to date.
[INFO] 
[INFO] --- resources:3.3.1:testResources (default-testResources) @ semantic-runtime ---
[INFO] skip non existing resourceDirectory /home/szf/dev/gits-cbanking/modules/semantic-runtime/src/test/resources
[INFO] 
[INFO] --- compiler:3.14.1:testCompile (default-testCompile) @ semantic-runtime ---
[WARNING]  Parameter 'compilerVersion' (user property 'maven.compiler.compilerVersion') is deprecated: This parameter is no longer evaluated by the underlying compilers, instead the actual version of the javac binary is automatically retrieved.
[INFO] Nothing to compile - all classes are up to date.
[INFO] 
[INFO] --- surefire:3.5.6:test (default-test) @ semantic-runtime ---
[INFO] Using auto detected provider org.apache.maven.surefire.junitplatform.JUnitPlatformProvider
[INFO] 
[INFO] -------------------------------------------------------
[INFO]  T E S T S
[INFO] -------------------------------------------------------
[INFO] Running com.gien.gits.semantic.InMemorySemanticRepositoryTest
[INFO] Tests run: 4, Failures: 0, Errors: 0, Skipped: 0, Time elapsed: 0.033 s -- in com.gien.gits.semantic.InMemorySemanticRepositoryTest
[INFO] Running com.gien.gits.semantic.FailClosedSemanticQueryGuardTest
[INFO] Tests run: 7, Failures: 0, Errors: 0, Skipped: 0, Time elapsed: 0.011 s -- in com.gien.gits.semantic.FailClosedSemanticQueryGuardTest
[INFO] Running com.gien.gits.semantic.SemanticPackageTest
[INFO] Tests run: 5, Failures: 0, Errors: 0, Skipped: 0, Time elapsed: 0.007 s -- in com.gien.gits.semantic.SemanticPackageTest
[INFO] 
[INFO] Results:
[INFO] 
[INFO] Tests run: 16, Failures: 0, Errors: 0, Skipped: 0
[INFO] 
[INFO] 
[INFO] ----------------< com.gien.gits:knowledge-architecture >----------------
[INFO] Building knowledge-architecture 0.1.0-SNAPSHOT                    [4/14]
[INFO]   from modules/knowledge-architecture/pom.xml
[INFO] --------------------------------[ jar ]---------------------------------
[INFO] 
[INFO] --- enforcer:3.6.2:enforce (enforce-toolchain) @ knowledge-architecture ---
[INFO] 
[INFO] --- resources:3.3.1:resources (default-resources) @ knowledge-architecture ---
[INFO] skip non existing resourceDirectory /home/szf/dev/gits-cbanking/modules/knowledge-architecture/src/main/resources
[INFO] skip non existing resourceDirectory /home/szf/dev/gits-cbanking/modules/knowledge-architecture/src/main/resources
[INFO] 
[INFO] --- compiler:3.14.1:compile (default-compile) @ knowledge-architecture ---
[WARNING]  Parameter 'compilerVersion' (user property 'maven.compiler.compilerVersion') is deprecated: This parameter is no longer evaluated by the underlying compilers, instead the actual version of the javac binary is automatically retrieved.
[INFO] Nothing to compile - all classes are up to date.
[INFO] 
[INFO] --- resources:3.3.1:testResources (default-testResources) @ knowledge-architecture ---
[INFO] Copying 9 resources from src/test/resources to target/test-classes
[INFO] 
[INFO] --- compiler:3.14.1:testCompile (default-testCompile) @ knowledge-architecture ---
[WARNING]  Parameter 'compilerVersion' (user property 'maven.compiler.compilerVersion') is deprecated: This parameter is no longer evaluated by the underlying compilers, instead the actual version of the javac binary is automatically retrieved.
[INFO] Nothing to compile - all classes are up to date.
[INFO] 
[INFO] --- surefire:3.5.6:test (default-test) @ knowledge-architecture ---
[INFO] Using auto detected provider org.apache.maven.surefire.junitplatform.JUnitPlatformProvider
[INFO] 
[INFO] -------------------------------------------------------
[INFO]  T E S T S
[INFO] -------------------------------------------------------
[INFO] Running com.gien.gits.knowledge.hash.CanonicalHashGoldenTest
[INFO] Tests run: 3, Failures: 0, Errors: 0, Skipped: 0, Time elapsed: 0.065 s -- in com.gien.gits.knowledge.hash.CanonicalHashGoldenTest
[INFO] Running com.gien.gits.knowledge.plan.DefaultActivationPlannerTest
[INFO] Tests run: 13, Failures: 0, Errors: 0, Skipped: 0, Time elapsed: 0.024 s -- in com.gien.gits.knowledge.plan.DefaultActivationPlannerTest
[INFO] Running com.gien.gits.knowledge.RoutePolicyTest
[INFO] Tests run: 4, Failures: 0, Errors: 0, Skipped: 0, Time elapsed: 0.003 s -- in com.gien.gits.knowledge.RoutePolicyTest
[INFO] Running com.gien.gits.knowledge.KnowledgeMapTest
[INFO] Tests run: 2, Failures: 0, Errors: 0, Skipped: 0, Time elapsed: 0.002 s -- in com.gien.gits.knowledge.KnowledgeMapTest
[INFO] 
[INFO] Results:
[INFO] 
[INFO] Tests run: 22, Failures: 0, Errors: 0, Skipped: 0
[INFO] 
[INFO] 
[INFO] -------------------< com.gien.gits:context-evidence >-------------------
[INFO] Building context-evidence 0.1.0-SNAPSHOT                          [5/14]
[INFO]   from modules/context-evidence/pom.xml
[INFO] --------------------------------[ jar ]---------------------------------
[INFO] 
[INFO] --- enforcer:3.6.2:enforce (enforce-toolchain) @ context-evidence ---
[INFO] 
[INFO] --- resources:3.3.1:resources (default-resources) @ context-evidence ---
[INFO] skip non existing resourceDirectory /home/szf/dev/gits-cbanking/modules/context-evidence/src/main/resources
[INFO] skip non existing resourceDirectory /home/szf/dev/gits-cbanking/modules/context-evidence/src/main/resources
[INFO] 
[INFO] --- compiler:3.14.1:compile (default-compile) @ context-evidence ---
[WARNING]  Parameter 'compilerVersion' (user property 'maven.compiler.compilerVersion') is deprecated: This parameter is no longer evaluated by the underlying compilers, instead the actual version of the javac binary is automatically retrieved.
[INFO] Nothing to compile - all classes are up to date.
[INFO] 
[INFO] --- resources:3.3.1:testResources (default-testResources) @ context-evidence ---
[INFO] skip non existing resourceDirectory /home/szf/dev/gits-cbanking/modules/context-evidence/src/test/resources
[INFO] 
[INFO] --- compiler:3.14.1:testCompile (default-testCompile) @ context-evidence ---
[WARNING]  Parameter 'compilerVersion' (user property 'maven.compiler.compilerVersion') is deprecated: This parameter is no longer evaluated by the underlying compilers, instead the actual version of the javac binary is automatically retrieved.
[INFO] Nothing to compile - all classes are up to date.
[INFO] 
[INFO] --- surefire:3.5.6:test (default-test) @ context-evidence ---
[INFO] Using auto detected provider org.apache.maven.surefire.junitplatform.JUnitPlatformProvider
[INFO] 
[INFO] -------------------------------------------------------
[INFO]  T E S T S
[INFO] -------------------------------------------------------
[INFO] Running com.gien.gits.context.ContextAssemblyRequestTest
[INFO] Tests run: 2, Failures: 0, Errors: 0, Skipped: 0, Time elapsed: 0.041 s -- in com.gien.gits.context.ContextAssemblyRequestTest
[INFO] Running com.gien.gits.context.PlanDrivenContextAssemblerTest
[INFO] Tests run: 4, Failures: 0, Errors: 0, Skipped: 0, Time elapsed: 0.013 s -- in com.gien.gits.context.PlanDrivenContextAssemblerTest
[INFO] Running com.gien.gits.context.DefaultContextAssemblerTest
[INFO] Tests run: 9, Failures: 0, Errors: 0, Skipped: 0, Time elapsed: 0.010 s -- in com.gien.gits.context.DefaultContextAssemblerTest
[INFO] Running com.gien.gits.context.EvidenceBundleTest
[INFO] Tests run: 4, Failures: 0, Errors: 0, Skipped: 0, Time elapsed: 0.004 s -- in com.gien.gits.context.EvidenceBundleTest
[INFO] 
[INFO] Results:
[INFO] 
[INFO] Tests run: 19, Failures: 0, Errors: 0, Skipped: 0
[INFO] 
[INFO] 
[INFO] -------------------< com.gien.gits:scenario-execute >-------------------
[INFO] Building scenario-execute 0.1.0-SNAPSHOT                          [6/14]
[INFO]   from scenario/execute/pom.xml
[INFO] --------------------------------[ jar ]---------------------------------
[INFO] 
[INFO] --- enforcer:3.6.2:enforce (enforce-toolchain) @ scenario-execute ---
[INFO] 
[INFO] --- resources:3.3.1:resources (default-resources) @ scenario-execute ---
[INFO] skip non existing resourceDirectory /home/szf/dev/gits-cbanking/scenario/execute/src/main/resources
[INFO] skip non existing resourceDirectory /home/szf/dev/gits-cbanking/scenario/execute/src/main/resources
[INFO] 
[INFO] --- compiler:3.14.1:compile (default-compile) @ scenario-execute ---
[WARNING]  Parameter 'compilerVersion' (user property 'maven.compiler.compilerVersion') is deprecated: This parameter is no longer evaluated by the underlying compilers, instead the actual version of the javac binary is automatically retrieved.
[INFO] Nothing to compile - all classes are up to date.
[INFO] 
[INFO] --- resources:3.3.1:testResources (default-testResources) @ scenario-execute ---
[INFO] skip non existing resourceDirectory /home/szf/dev/gits-cbanking/scenario/execute/src/test/resources
[INFO] 
[INFO] --- compiler:3.14.1:testCompile (default-testCompile) @ scenario-execute ---
[WARNING]  Parameter 'compilerVersion' (user property 'maven.compiler.compilerVersion') is deprecated: This parameter is no longer evaluated by the underlying compilers, instead the actual version of the javac binary is automatically retrieved.
[INFO] Nothing to compile - all classes are up to date.
[INFO] 
[INFO] --- surefire:3.5.6:test (default-test) @ scenario-execute ---
[INFO] Using auto detected provider org.apache.maven.surefire.junitplatform.JUnitPlatformProvider
[INFO] 
[INFO] -------------------------------------------------------
[INFO]  T E S T S
[INFO] -------------------------------------------------------
[INFO] Running com.gien.gits.hermes.CustomerOperatingViewTest
[INFO] Tests run: 5, Failures: 0, Errors: 0, Skipped: 0, Time elapsed: 0.059 s -- in com.gien.gits.hermes.CustomerOperatingViewTest
[INFO] Running com.gien.gits.hermes.MeetingScriptTest
[INFO] Tests run: 9, Failures: 0, Errors: 0, Skipped: 0, Time elapsed: 0.020 s -- in com.gien.gits.hermes.MeetingScriptTest
[INFO] Running com.gien.gits.hermes.OutreachScriptTest
[INFO] Tests run: 8, Failures: 0, Errors: 0, Skipped: 0, Time elapsed: 0.009 s -- in com.gien.gits.hermes.OutreachScriptTest
[INFO] Running com.gien.gits.engagement.CustomerOperatingViewTest
[INFO] Tests run: 10, Failures: 0, Errors: 0, Skipped: 0, Time elapsed: 0.007 s -- in com.gien.gits.engagement.CustomerOperatingViewTest
[INFO] Running com.gien.gits.engagement.CrmWritebackCommandTest
[INFO] Running 完整性: 必填字段不可为空
[INFO] Tests run: 5, Failures: 0, Errors: 0, Skipped: 0, Time elapsed: 0.005 s -- in 完整性: 必填字段不可为空
[INFO] Running 幂等性: idempotencyKey至少16字符
[INFO] Tests run: 3, Failures: 0, Errors: 0, Skipped: 0, Time elapsed: 0.002 s -- in 幂等性: idempotencyKey至少16字符
[INFO] Running 禁令#1: requiresHumanConfirm必须为true
[INFO] Tests run: 2, Failures: 0, Errors: 0, Skipped: 0, Time elapsed: 0.003 s -- in 禁令#1: requiresHumanConfirm必须为true
[INFO] Tests run: 0, Failures: 0, Errors: 0, Skipped: 0, Time elapsed: 0.039 s -- in com.gien.gits.engagement.CrmWritebackCommandTest
[INFO] Running com.gien.gits.engagement.InteractionExtractionTest
[INFO] Tests run: 8, Failures: 0, Errors: 0, Skipped: 0, Time elapsed: 0.006 s -- in com.gien.gits.engagement.InteractionExtractionTest
[INFO] Running com.gien.gits.engagement.skill.SkillExecutionRouterTest
[INFO] Tests run: 8, Failures: 0, Errors: 0, Skipped: 0, Time elapsed: 0.027 s -- in com.gien.gits.engagement.skill.SkillExecutionRouterTest
[INFO] Running com.gien.gits.engagement.skill.SkillIdMapperTest
[INFO] Tests run: 9, Failures: 0, Errors: 0, Skipped: 0, Time elapsed: 0.004 s -- in com.gien.gits.engagement.skill.SkillIdMapperTest
[INFO] 
[INFO] Results:
[INFO] 
[INFO] Tests run: 67, Failures: 0, Errors: 0, Skipped: 0
[INFO] 
[INFO] 
[INFO] ---------------------< com.gien.gits:human-action >---------------------
[INFO] Building human-action 0.1.0-SNAPSHOT                              [7/14]
[INFO]   from modules/human-action/pom.xml
[INFO] --------------------------------[ jar ]---------------------------------
[INFO] 
[INFO] --- enforcer:3.6.2:enforce (enforce-toolchain) @ human-action ---
[INFO] 
[INFO] --- resources:3.3.1:resources (default-resources) @ human-action ---
[INFO] skip non existing resourceDirectory /home/szf/dev/gits-cbanking/modules/human-action/src/main/resources
[INFO] skip non existing resourceDirectory /home/szf/dev/gits-cbanking/modules/human-action/src/main/resources
[INFO] 
[INFO] --- compiler:3.14.1:compile (default-compile) @ human-action ---
[WARNING]  Parameter 'compilerVersion' (user property 'maven.compiler.compilerVersion') is deprecated: This parameter is no longer evaluated by the underlying compilers, instead the actual version of the javac binary is automatically retrieved.
[INFO] Nothing to compile - all classes are up to date.
[INFO] 
[INFO] --- resources:3.3.1:testResources (default-testResources) @ human-action ---
[INFO] skip non existing resourceDirectory /home/szf/dev/gits-cbanking/modules/human-action/src/test/resources
[INFO] 
[INFO] --- compiler:3.14.1:testCompile (default-testCompile) @ human-action ---
[WARNING]  Parameter 'compilerVersion' (user property 'maven.compiler.compilerVersion') is deprecated: This parameter is no longer evaluated by the underlying compilers, instead the actual version of the javac binary is automatically retrieved.
[INFO] Nothing to compile - all classes are up to date.
[INFO] 
[INFO] --- surefire:3.5.6:test (default-test) @ human-action ---
[INFO] Using auto detected provider org.apache.maven.surefire.junitplatform.JUnitPlatformProvider
[INFO] 
[INFO] -------------------------------------------------------
[INFO]  T E S T S
[INFO] -------------------------------------------------------
[INFO] Running com.gien.gits.action.ControlledActionServiceTest
[INFO] Tests run: 4, Failures: 0, Errors: 0, Skipped: 0, Time elapsed: 0.049 s -- in com.gien.gits.action.ControlledActionServiceTest
[INFO] Running com.gien.gits.action.ActionReceiptTest
[INFO] Tests run: 7, Failures: 0, Errors: 0, Skipped: 0, Time elapsed: 0.008 s -- in com.gien.gits.action.ActionReceiptTest
[INFO] 
[INFO] Results:
[INFO] 
[INFO] Tests run: 11, Failures: 0, Errors: 0, Skipped: 0
[INFO] 
[INFO] 
[INFO] ----------------------< com.gien.gits:evaluation >----------------------
[INFO] Building evaluation 0.1.0-SNAPSHOT                                [8/14]
[INFO]   from modules/evaluation/pom.xml
[INFO] --------------------------------[ jar ]---------------------------------
[INFO] 
[INFO] --- enforcer:3.6.2:enforce (enforce-toolchain) @ evaluation ---
[INFO] 
[INFO] --- resources:3.3.1:resources (default-resources) @ evaluation ---
[INFO] skip non existing resourceDirectory /home/szf/dev/gits-cbanking/modules/evaluation/src/main/resources
[INFO] skip non existing resourceDirectory /home/szf/dev/gits-cbanking/modules/evaluation/src/main/resources
[INFO] 
[INFO] --- compiler:3.14.1:compile (default-compile) @ evaluation ---
[WARNING]  Parameter 'compilerVersion' (user property 'maven.compiler.compilerVersion') is deprecated: This parameter is no longer evaluated by the underlying compilers, instead the actual version of the javac binary is automatically retrieved.
[INFO] Nothing to compile - all classes are up to date.
[INFO] 
[INFO] --- resources:3.3.1:testResources (default-testResources) @ evaluation ---
[INFO] skip non existing resourceDirectory /home/szf/dev/gits-cbanking/modules/evaluation/src/test/resources
[INFO] 
[INFO] --- compiler:3.14.1:testCompile (default-testCompile) @ evaluation ---
[WARNING]  Parameter 'compilerVersion' (user property 'maven.compiler.compilerVersion') is deprecated: This parameter is no longer evaluated by the underlying compilers, instead the actual version of the javac binary is automatically retrieved.
[INFO] Nothing to compile - all classes are up to date.
[INFO] 
[INFO] --- surefire:3.5.6:test (default-test) @ evaluation ---
[INFO] Using auto detected provider org.apache.maven.surefire.junitplatform.JUnitPlatformProvider
[INFO] 
[INFO] -------------------------------------------------------
[INFO]  T E S T S
[INFO] -------------------------------------------------------
[INFO] Running com.gien.gits.evaluation.DefaultEvaluatorTest
[INFO] Tests run: 34, Failures: 0, Errors: 0, Skipped: 0, Time elapsed: 0.084 s -- in com.gien.gits.evaluation.DefaultEvaluatorTest
[INFO] Running com.gien.gits.evaluation.DefaultEvaluatorEdgeCaseTest
[INFO] Tests run: 4, Failures: 0, Errors: 0, Skipped: 0, Time elapsed: 0.004 s -- in com.gien.gits.evaluation.DefaultEvaluatorEdgeCaseTest
[INFO] Running com.gien.gits.evaluation.EvaluationModelTest
[INFO] Tests run: 8, Failures: 0, Errors: 0, Skipped: 0, Time elapsed: 0.013 s -- in com.gien.gits.evaluation.EvaluationModelTest
[INFO] 
[INFO] Results:
[INFO] 
[INFO] Tests run: 46, Failures: 0, Errors: 0, Skipped: 0
[INFO] 
[INFO] 
[INFO] --------------< com.gien.gits:scenario-customer-journey >---------------
[INFO] Building scenario-customer-journey 0.1.0-SNAPSHOT                 [9/14]
[INFO]   from modules/scenario-customer-journey/pom.xml
[INFO] --------------------------------[ jar ]---------------------------------
[INFO] 
[INFO] --- enforcer:3.6.2:enforce (enforce-toolchain) @ scenario-customer-journey ---
[INFO] 
[INFO] --- resources:3.3.1:resources (default-resources) @ scenario-customer-journey ---
[INFO] skip non existing resourceDirectory /home/szf/dev/gits-cbanking/modules/scenario-customer-journey/src/main/resources
[INFO] skip non existing resourceDirectory /home/szf/dev/gits-cbanking/modules/scenario-customer-journey/src/main/resources
[INFO] 
[INFO] --- compiler:3.14.1:compile (default-compile) @ scenario-customer-journey ---
[WARNING]  Parameter 'compilerVersion' (user property 'maven.compiler.compilerVersion') is deprecated: This parameter is no longer evaluated by the underlying compilers, instead the actual version of the javac binary is automatically retrieved.
[INFO] Nothing to compile - all classes are up to date.
[INFO] 
[INFO] --- resources:3.3.1:testResources (default-testResources) @ scenario-customer-journey ---
[INFO] skip non existing resourceDirectory /home/szf/dev/gits-cbanking/modules/scenario-customer-journey/src/test/resources
[INFO] 
[INFO] --- compiler:3.14.1:testCompile (default-testCompile) @ scenario-customer-journey ---
[WARNING]  Parameter 'compilerVersion' (user property 'maven.compiler.compilerVersion') is deprecated: This parameter is no longer evaluated by the underlying compilers, instead the actual version of the javac binary is automatically retrieved.
[INFO] Nothing to compile - all classes are up to date.
[INFO] 
[INFO] --- surefire:3.5.6:test (default-test) @ scenario-customer-journey ---
[INFO] Using auto detected provider org.apache.maven.surefire.junitplatform.JUnitPlatformProvider
[INFO] 
[INFO] -------------------------------------------------------
[INFO]  T E S T S
[INFO] -------------------------------------------------------
[INFO] Running com.gien.gits.customerjourney.CustomerJourneyChainTest
[INFO] Running 状态机与交互集成验证
[INFO] Tests run: 2, Failures: 0, Errors: 0, Skipped: 0, Time elapsed: 0.037 s -- in 状态机与交互集成验证
[INFO] Running 交互本体模型验证
[INFO] Tests run: 4, Failures: 0, Errors: 0, Skipped: 0, Time elapsed: 0.008 s -- in 交互本体模型验证
[INFO] Running 业务场景：客户经理王磊经营鑫达贸易——完整交互链路
[INFO] Tests run: 3, Failures: 0, Errors: 0, Skipped: 0, Time elapsed: 0.008 s -- in 业务场景：客户经理王磊经营鑫达贸易——完整交互链路
[INFO] Tests run: 0, Failures: 0, Errors: 0, Skipped: 0, Time elapsed: 0.065 s -- in com.gien.gits.customerjourney.CustomerJourneyChainTest
[INFO] Running com.gien.gits.customerjourney.CustomerJourneyTest
[INFO] Tests run: 24, Failures: 0, Errors: 0, Skipped: 0, Time elapsed: 0.026 s -- in com.gien.gits.customerjourney.CustomerJourneyTest
[INFO] Running com.gien.gits.customerjourney.JourneyDomainModelTest
[INFO] Tests run: 7, Failures: 0, Errors: 0, Skipped: 0, Time elapsed: 0.008 s -- in com.gien.gits.customerjourney.JourneyDomainModelTest
[INFO] Running com.gien.gits.customerjourney.CustomerJourneyOrchestratorTest
[INFO] Tests run: 11, Failures: 0, Errors: 0, Skipped: 0, Time elapsed: 0.012 s -- in com.gien.gits.customerjourney.CustomerJourneyOrchestratorTest
[INFO] Running com.gien.gits.customerjourney.recommendation.ProductRecommendationRunTest
[INFO] Tests run: 20, Failures: 0, Errors: 0, Skipped: 0, Time elapsed: 0.027 s -- in com.gien.gits.customerjourney.recommendation.ProductRecommendationRunTest
[INFO] 
[INFO] Results:
[INFO] 
[INFO] Tests run: 71, Failures: 0, Errors: 0, Skipped: 0
[INFO] 
[INFO] 
[INFO] --------------------< com.gien.gits:semantic-jena >---------------------
[INFO] Building semantic-jena 0.1.0-SNAPSHOT                            [10/14]
[INFO]   from adapters/semantic-jena/pom.xml
[INFO] --------------------------------[ jar ]---------------------------------
[INFO] 
[INFO] --- enforcer:3.6.2:enforce (enforce-toolchain) @ semantic-jena ---
[INFO] 
[INFO] --- resources:3.3.1:resources (default-resources) @ semantic-jena ---
[INFO] skip non existing resourceDirectory /home/szf/dev/gits-cbanking/adapters/semantic-jena/src/main/resources
[INFO] skip non existing resourceDirectory /home/szf/dev/gits-cbanking/adapters/semantic-jena/src/main/resources
[INFO] 
[INFO] --- compiler:3.14.1:compile (default-compile) @ semantic-jena ---
[WARNING]  Parameter 'compilerVersion' (user property 'maven.compiler.compilerVersion') is deprecated: This parameter is no longer evaluated by the underlying compilers, instead the actual version of the javac binary is automatically retrieved.
[INFO] Nothing to compile - all classes are up to date.
[INFO] 
[INFO] --- resources:3.3.1:testResources (default-testResources) @ semantic-jena ---
[INFO] skip non existing resourceDirectory /home/szf/dev/gits-cbanking/adapters/semantic-jena/src/test/resources
[INFO] 
[INFO] --- compiler:3.14.1:testCompile (default-testCompile) @ semantic-jena ---
[WARNING]  Parameter 'compilerVersion' (user property 'maven.compiler.compilerVersion') is deprecated: This parameter is no longer evaluated by the underlying compilers, instead the actual version of the javac binary is automatically retrieved.
[INFO] Recompiling the module because of changed source code.
[INFO] Compiling 2 source files with javac [debug parameters release 21] to target/test-classes
[INFO] 
[INFO] --- surefire:3.5.6:test (default-test) @ semantic-jena ---
[INFO] Using auto detected provider org.apache.maven.surefire.junitplatform.JUnitPlatformProvider
[INFO] 
[INFO] -------------------------------------------------------
[INFO]  T E S T S
[INFO] -------------------------------------------------------
[INFO] Running com.gien.gits.adapter.jena.JenaSemanticRepositoryAdapterTest
[INFO] Tests run: 5, Failures: 0, Errors: 0, Skipped: 0, Time elapsed: 0.288 s -- in com.gien.gits.adapter.jena.JenaSemanticRepositoryAdapterTest
[INFO] Running com.gien.gits.adapter.jena.SemanticPackageIntegrationTest
[INFO] Tests run: 3, Failures: 0, Errors: 0, Skipped: 0, Time elapsed: 0.004 s -- in com.gien.gits.adapter.jena.SemanticPackageIntegrationTest
[INFO] 
[INFO] Results:
[INFO] 
[INFO] Tests run: 8, Failures: 0, Errors: 0, Skipped: 0
[INFO] 
[INFO] 
[INFO] ----------------< com.gien.gits:persistence-relational >----------------
[INFO] Building persistence-relational 0.1.0-SNAPSHOT                   [11/14]
[INFO]   from adapters/persistence-relational/pom.xml
[INFO] --------------------------------[ jar ]---------------------------------
[INFO] 
[INFO] --- enforcer:3.6.2:enforce (enforce-toolchain) @ persistence-relational ---
[INFO] 
[INFO] --- resources:3.3.1:resources (default-resources) @ persistence-relational ---
[INFO] Copying 0 resource from src/main/resources to target/classes
[INFO] Copying 70 resources from src/main/resources to target/classes
[INFO] 
[INFO] --- compiler:3.14.1:compile (default-compile) @ persistence-relational ---
[WARNING]  Parameter 'compilerVersion' (user property 'maven.compiler.compilerVersion') is deprecated: This parameter is no longer evaluated by the underlying compilers, instead the actual version of the javac binary is automatically retrieved.
[INFO] Nothing to compile - all classes are up to date.
[INFO] 
[INFO] --- resources:3.3.1:testResources (default-testResources) @ persistence-relational ---
[INFO] skip non existing resourceDirectory /home/szf/dev/gits-cbanking/adapters/persistence-relational/src/test/resources
[INFO] 
[INFO] --- compiler:3.14.1:testCompile (default-testCompile) @ persistence-relational ---
[WARNING]  Parameter 'compilerVersion' (user property 'maven.compiler.compilerVersion') is deprecated: This parameter is no longer evaluated by the underlying compilers, instead the actual version of the javac binary is automatically retrieved.
[INFO] Nothing to compile - all classes are up to date.
[INFO] 
[INFO] --- surefire:3.5.6:test (default-test) @ persistence-relational ---
[INFO] Using auto detected provider org.apache.maven.surefire.junitplatform.JUnitPlatformProvider
[INFO] 
[INFO] -------------------------------------------------------
[INFO]  T E S T S
[INFO] -------------------------------------------------------
[INFO] Running com.gien.gits.adapter.persistence.PersistenceModelTest
[INFO] Tests run: 7, Failures: 0, Errors: 0, Skipped: 0, Time elapsed: 0.046 s -- in com.gien.gits.adapter.persistence.PersistenceModelTest
[INFO] Running com.gien.gits.adapter.persistence.JdbcOperatingCaseRepositoryTest
[INFO] Tests run: 4, Failures: 0, Errors: 0, Skipped: 0, Time elapsed: 0.237 s -- in com.gien.gits.adapter.persistence.JdbcOperatingCaseRepositoryTest
[INFO] Running com.gien.gits.adapter.persistence.JsonHelperTest
[INFO] Tests run: 8, Failures: 0, Errors: 0, Skipped: 0, Time elapsed: 0.008 s -- in com.gien.gits.adapter.persistence.JsonHelperTest
[INFO] 
[INFO] Results:
[INFO] 
[INFO] Tests run: 19, Failures: 0, Errors: 0, Skipped: 0
[INFO] 
[INFO] 
[INFO] --------------------< com.gien.gits:oracle-source >---------------------
[INFO] Building Oracle Source Adapter 0.1.0-SNAPSHOT                    [12/14]
[INFO]   from adapters/oracle-source/pom.xml
[INFO] --------------------------------[ jar ]---------------------------------
[INFO] 
[INFO] --- enforcer:3.6.2:enforce (enforce-toolchain) @ oracle-source ---
[INFO] 
[INFO] --- resources:3.3.1:resources (default-resources) @ oracle-source ---
[INFO] skip non existing resourceDirectory /home/szf/dev/gits-cbanking/adapters/oracle-source/src/main/resources
[INFO] skip non existing resourceDirectory /home/szf/dev/gits-cbanking/adapters/oracle-source/src/main/resources
[INFO] 
[INFO] --- compiler:3.14.1:compile (default-compile) @ oracle-source ---
[WARNING]  Parameter 'compilerVersion' (user property 'maven.compiler.compilerVersion') is deprecated: This parameter is no longer evaluated by the underlying compilers, instead the actual version of the javac binary is automatically retrieved.
[INFO] Nothing to compile - all classes are up to date.
[INFO] 
[INFO] --- resources:3.3.1:testResources (default-testResources) @ oracle-source ---
[INFO] skip non existing resourceDirectory /home/szf/dev/gits-cbanking/adapters/oracle-source/src/test/resources
[INFO] 
[INFO] --- compiler:3.14.1:testCompile (default-testCompile) @ oracle-source ---
[WARNING]  Parameter 'compilerVersion' (user property 'maven.compiler.compilerVersion') is deprecated: This parameter is no longer evaluated by the underlying compilers, instead the actual version of the javac binary is automatically retrieved.
[INFO] Nothing to compile - all classes are up to date.
[INFO] 
[INFO] --- surefire:3.5.6:test (default-test) @ oracle-source ---
[INFO] Using auto detected provider org.apache.maven.surefire.junitplatform.JUnitPlatformProvider
[INFO] 
[INFO] -------------------------------------------------------
[INFO]  T E S T S
[INFO] -------------------------------------------------------
[INFO] Running com.gien.gits.adapter.oracle.OracleCustomerMappingTest
[INFO] Tests run: 5, Failures: 0, Errors: 0, Skipped: 0, Time elapsed: 0.037 s -- in com.gien.gits.adapter.oracle.OracleCustomerMappingTest
[INFO] Running com.gien.gits.adapter.oracle.OracleSourcePropertiesTest
[INFO] Tests run: 3, Failures: 0, Errors: 0, Skipped: 0, Time elapsed: 0.004 s -- in com.gien.gits.adapter.oracle.OracleSourcePropertiesTest
[INFO] Running com.gien.gits.adapter.oracle.JdbcOracleSourceAdapterTest
00:30:19.563 [main] INFO com.gien.gits.adapter.oracle.JdbcOracleSourceAdapter -- JdbcOracleSourceAdapter initialized, available=true
00:30:19.564 [main] INFO com.gien.gits.adapter.oracle.JdbcOracleSourceAdapter -- Reading claims from Oracle since: 2025-01-01T00:00
00:30:19.572 [main] INFO com.gien.gits.adapter.oracle.JdbcOracleSourceAdapter -- Read 2 claims from Oracle since 2025-01-01T00:00
00:30:19.576 [main] INFO com.gien.gits.adapter.oracle.JdbcOracleSourceAdapter -- JdbcOracleSourceAdapter initialized, available=true
00:30:19.576 [main] INFO com.gien.gits.adapter.oracle.JdbcOracleSourceAdapter -- Reading claims from Oracle since: 2026-01-01T00:00
00:30:19.577 [main] INFO com.gien.gits.adapter.oracle.JdbcOracleSourceAdapter -- Read 0 claims from Oracle since 2026-01-01T00:00
00:30:19.580 [main] INFO com.gien.gits.adapter.oracle.JdbcOracleSourceAdapter -- JdbcOracleSourceAdapter initialized, available=true
00:30:19.580 [main] INFO com.gien.gits.adapter.oracle.JdbcOracleSourceAdapter -- JdbcOracleSourceAdapter initialized, available=false
00:30:19.584 [main] INFO com.gien.gits.adapter.oracle.JdbcOracleSourceAdapter -- JdbcOracleSourceAdapter initialized, available=true
00:30:19.585 [main] INFO com.gien.gits.adapter.oracle.JdbcOracleSourceAdapter -- Reading claims from Oracle since: 2025-07-01T00:00
00:30:19.585 [main] INFO com.gien.gits.adapter.oracle.JdbcOracleSourceAdapter -- Read 1 claims from Oracle since 2025-07-01T00:00
00:30:19.589 [main] INFO com.gien.gits.adapter.oracle.JdbcOracleSourceAdapter -- JdbcOracleSourceAdapter initialized, available=true
[INFO] Tests run: 5, Failures: 0, Errors: 0, Skipped: 0, Time elapsed: 0.290 s -- in com.gien.gits.adapter.oracle.JdbcOracleSourceAdapterTest
[INFO] 
[INFO] Results:
[INFO] 
[INFO] Tests run: 13, Failures: 0, Errors: 0, Skipped: 0
[INFO] 
[INFO] 
[INFO] -----------------< com.gien.gits:knowledge-filesystem >-----------------
[INFO] Building knowledge-filesystem 0.1.0-SNAPSHOT                     [13/14]
[INFO]   from adapters/knowledge-filesystem/pom.xml
[INFO] --------------------------------[ jar ]---------------------------------
[INFO] 
[INFO] --- enforcer:3.6.2:enforce (enforce-toolchain) @ knowledge-filesystem ---
[INFO] 
[INFO] --- resources:3.3.1:resources (default-resources) @ knowledge-filesystem ---
[INFO] skip non existing resourceDirectory /home/szf/dev/gits-cbanking/adapters/knowledge-filesystem/src/main/resources
[INFO] skip non existing resourceDirectory /home/szf/dev/gits-cbanking/adapters/knowledge-filesystem/src/main/resources
[INFO] 
[INFO] --- compiler:3.14.1:compile (default-compile) @ knowledge-filesystem ---
[WARNING]  Parameter 'compilerVersion' (user property 'maven.compiler.compilerVersion') is deprecated: This parameter is no longer evaluated by the underlying compilers, instead the actual version of the javac binary is automatically retrieved.
[INFO] Nothing to compile - all classes are up to date.
[INFO] 
[INFO] --- resources:3.3.1:testResources (default-testResources) @ knowledge-filesystem ---
[INFO] skip non existing resourceDirectory /home/szf/dev/gits-cbanking/adapters/knowledge-filesystem/src/test/resources
[INFO] 
[INFO] --- compiler:3.14.1:testCompile (default-testCompile) @ knowledge-filesystem ---
[WARNING]  Parameter 'compilerVersion' (user property 'maven.compiler.compilerVersion') is deprecated: This parameter is no longer evaluated by the underlying compilers, instead the actual version of the javac binary is automatically retrieved.
[INFO] Nothing to compile - all classes are up to date.
[INFO] 
[INFO] --- surefire:3.5.6:test (default-test) @ knowledge-filesystem ---
[INFO] Using auto detected provider org.apache.maven.surefire.junitplatform.JUnitPlatformProvider
[INFO] 
[INFO] -------------------------------------------------------
[INFO]  T E S T S
[INFO] -------------------------------------------------------
[INFO] Running com.gien.gits.adapter.filesystem.FilesystemKnowledgeMapReaderTest
[INFO] Tests run: 5, Failures: 0, Errors: 0, Skipped: 0, Time elapsed: 0.176 s -- in com.gien.gits.adapter.filesystem.FilesystemKnowledgeMapReaderTest
[INFO] Running com.gien.gits.adapter.filesystem.FilesystemActivationContractReaderTest
[INFO] Tests run: 6, Failures: 0, Errors: 0, Skipped: 0, Time elapsed: 0.027 s -- in com.gien.gits.adapter.filesystem.FilesystemActivationContractReaderTest
[INFO] Running com.gien.gits.adapter.filesystem.PathSafetyTest
[INFO] Tests run: 4, Failures: 0, Errors: 0, Skipped: 0, Time elapsed: 0.004 s -- in com.gien.gits.adapter.filesystem.PathSafetyTest
[INFO] Running com.gien.gits.adapter.filesystem.KnowledgeWikiFilesystemAdapterTest
[INFO] Tests run: 8, Failures: 0, Errors: 0, Skipped: 0, Time elapsed: 0.011 s -- in com.gien.gits.adapter.filesystem.KnowledgeWikiFilesystemAdapterTest
[INFO] Running com.gien.gits.adapter.filesystem.JsonFrontmatterExtractorTest
[INFO] Tests run: 7, Failures: 0, Errors: 0, Skipped: 0, Time elapsed: 0.006 s -- in com.gien.gits.adapter.filesystem.JsonFrontmatterExtractorTest
[INFO] Running com.gien.gits.adapter.filesystem.FilesystemKnowledgeElementReaderTest
[INFO] Tests run: 6, Failures: 0, Errors: 0, Skipped: 0, Time elapsed: 0.019 s -- in com.gien.gits.adapter.filesystem.FilesystemKnowledgeElementReaderTest
[INFO] Running com.gien.gits.adapter.filesystem.FilesystemAssetCatalogReaderTest
[INFO] Tests run: 5, Failures: 0, Errors: 0, Skipped: 0, Time elapsed: 0.026 s -- in com.gien.gits.adapter.filesystem.FilesystemAssetCatalogReaderTest
[INFO] Running com.gien.gits.adapter.filesystem.InMemoryReadersTest
[INFO] Tests run: 6, Failures: 0, Errors: 0, Skipped: 0, Time elapsed: 0.005 s -- in com.gien.gits.adapter.filesystem.InMemoryReadersTest
[INFO] Running com.gien.gits.adapter.filesystem.FilesystemRoutePolicyReaderTest
[INFO] Tests run: 5, Failures: 0, Errors: 0, Skipped: 0, Time elapsed: 0.015 s -- in com.gien.gits.adapter.filesystem.FilesystemRoutePolicyReaderTest
[INFO] 
[INFO] Results:
[INFO] 
[INFO] Tests run: 52, Failures: 0, Errors: 0, Skipped: 0
[INFO] 
[INFO] 
[INFO] ---------------------< com.gien.gits:gits-kno-api >---------------------
[INFO] Building gits-kno-api 0.1.0-SNAPSHOT                             [14/14]
[INFO]   from apps/api/pom.xml
[INFO] --------------------------------[ jar ]---------------------------------
[INFO] 
[INFO] --- enforcer:3.6.2:enforce (enforce-toolchain) @ gits-kno-api ---
[INFO] 
[INFO] --- jacoco:0.8.12:prepare-agent (default) @ gits-kno-api ---
[INFO] argLine set to -javaagent:/home/szf/.m2/repository/org/jacoco/org.jacoco.agent/0.8.12/org.jacoco.agent-0.8.12-runtime.jar=destfile=/home/szf/dev/gits-cbanking/apps/api/target/jacoco.exec
[INFO] 
[INFO] --- resources:3.3.1:resources (default-resources) @ gits-kno-api ---
[INFO] Copying 6 resources from src/main/resources to target/classes
[INFO] Copying 2 resources from src/main/resources to target/classes
[INFO] 
[INFO] --- compiler:3.14.1:compile (default-compile) @ gits-kno-api ---
[WARNING]  Parameter 'compilerVersion' (user property 'maven.compiler.compilerVersion') is deprecated: This parameter is no longer evaluated by the underlying compilers, instead the actual version of the javac binary is automatically retrieved.
[INFO] Nothing to compile - all classes are up to date.
[INFO] 
[INFO] --- resources:3.3.1:testResources (default-testResources) @ gits-kno-api ---
[INFO] Copying 2 resources from src/test/resources to target/test-classes
[INFO] 
[INFO] --- compiler:3.14.1:testCompile (default-testCompile) @ gits-kno-api ---
[WARNING]  Parameter 'compilerVersion' (user property 'maven.compiler.compilerVersion') is deprecated: This parameter is no longer evaluated by the underlying compilers, instead the actual version of the javac binary is automatically retrieved.
[INFO] Nothing to compile - all classes are up to date.
[INFO] 
[INFO] --- surefire:3.5.6:test (default-test) @ gits-kno-api ---
[INFO] Using auto detected provider org.apache.maven.surefire.junitplatform.JUnitPlatformProvider
[INFO] 
[INFO] -------------------------------------------------------
[INFO]  T E S T S
[INFO] -------------------------------------------------------
[INFO] Running com.gien.gits.adapter.dmn.DmnClaimReconciliationAdapterTest
[INFO] Running DMN 规则加载验证
00:30:21.706 [main] INFO com.gien.gits.adapter.dmn.DmnClaimReconciliationAdapter -- DMN决策表加载成功，共3条规则
00:30:21.742 [main] INFO com.gien.gits.adapter.dmn.DmnClaimReconciliationAdapter -- DMN决策表加载成功，共3条规则
[INFO] Tests run: 2, Failures: 0, Errors: 0, Skipped: 0, Time elapsed: 0.212 s -- in DMN 规则加载验证
[INFO] Running BusinessMetrics 记录验证
00:30:21.762 [main] INFO com.gien.gits.adapter.dmn.DmnClaimReconciliationAdapter -- DMN决策表加载成功，共3条规则
00:30:21.777 [main] INFO com.gien.gits.adapter.dmn.DmnClaimReconciliationAdapter -- DMN决策表加载成功，共3条规则
[INFO] Tests run: 2, Failures: 0, Errors: 0, Skipped: 0, Time elapsed: 0.025 s -- in BusinessMetrics 记录验证
[INFO] Running DMN 与 Fallback 结果一致性验证
00:30:21.788 [main] INFO com.gien.gits.adapter.dmn.DmnClaimReconciliationAdapter -- DMN决策表加载成功，共3条规则
[INFO] Tests run: 1, Failures: 0, Errors: 0, Skipped: 0, Time elapsed: 0.007 s -- in DMN 与 Fallback 结果一致性验证
[INFO] Running DMN Rule-3: conflict=false, fallback → CANDIDATE_CLAIM
00:30:21.799 [main] INFO com.gien.gits.adapter.dmn.DmnClaimReconciliationAdapter -- DMN决策表加载成功，共3条规则
00:30:21.804 [main] INFO com.gien.gits.adapter.dmn.DmnClaimReconciliationAdapter -- DMN决策表加载成功，共3条规则
00:30:21.809 [main] INFO com.gien.gits.adapter.dmn.DmnClaimReconciliationAdapter -- DMN决策表加载成功，共3条规则
[INFO] Tests run: 3, Failures: 0, Errors: 0, Skipped: 0, Time elapsed: 0.016 s -- in DMN Rule-3: conflict=false, fallback → CANDIDATE_CLAIM
[INFO] Running DMN Rule-2: conflict=false, match=true, evidence=true → VERIFIED_FACT
00:30:21.815 [main] INFO com.gien.gits.adapter.dmn.DmnClaimReconciliationAdapter -- DMN决策表加载成功，共3条规则
[INFO] Tests run: 1, Failures: 0, Errors: 0, Skipped: 0, Time elapsed: 0.005 s -- in DMN Rule-2: conflict=false, match=true, evidence=true → VERIFIED_FACT
[INFO] Running DMN Rule-1: conflictDetected=true → CONFLICT_REQUIRES_HUMAN_REVIEW
00:30:21.821 [main] INFO com.gien.gits.adapter.dmn.DmnClaimReconciliationAdapter -- DMN决策表加载成功，共3条规则
00:30:21.824 [main] INFO com.gien.gits.adapter.dmn.DmnClaimReconciliationAdapter -- DMN决策表加载成功，共3条规则
00:30:21.826 [main] INFO com.gien.gits.adapter.dmn.DmnClaimReconciliationAdapter -- DMN决策表加载成功，共3条规则
[INFO] Tests run: 3, Failures: 0, Errors: 0, Skipped: 0, Time elapsed: 0.009 s -- in DMN Rule-1: conflictDetected=true → CONFLICT_REQUIRES_HUMAN_REVIEW
[INFO] Tests run: 0, Failures: 0, Errors: 0, Skipped: 0, Time elapsed: 0.306 s -- in com.gien.gits.adapter.dmn.DmnClaimReconciliationAdapterTest
[INFO] Running com.gien.gits.adapter.dmn.FallbackClaimReconciliationAdapterTest
[INFO] Running Rule 3: 其余情况 → 候选声明
[INFO] Tests run: 7, Failures: 0, Errors: 0, Skipped: 0, Time elapsed: 0.155 s -- in Rule 3: 其余情况 → 候选声明
[INFO] Running Rule 2: 无冲突+权威匹配+证据完整 → 已验证事实
[INFO] Tests run: 3, Failures: 0, Errors: 0, Skipped: 0, Time elapsed: 0.014 s -- in Rule 2: 无冲突+权威匹配+证据完整 → 已验证事实
[INFO] Running Rule 1: 冲突检测 → 人工审核
[INFO] Tests run: 3, Failures: 0, Errors: 0, Skipped: 0, Time elapsed: 0.011 s -- in Rule 1: 冲突检测 → 人工审核
[INFO] Tests run: 0, Failures: 0, Errors: 0, Skipped: 0, Time elapsed: 1.330 s -- in com.gien.gits.adapter.dmn.FallbackClaimReconciliationAdapterTest
[INFO] Running com.gien.gits.adapter.oracle.OracleIntegrationTest
[WARNING] Tests run: 4, Failures: 0, Errors: 0, Skipped: 4, Time elapsed: 0.001 s -- in com.gien.gits.adapter.oracle.OracleIntegrationTest
[INFO] Running com.gien.gits.adapter.llm.RealLlmClientTest
00:30:24.362 [main] INFO com.gien.gits.adapter.llm.RealLlmClient -- RealLlmClient configured: baseUrl=http://localhost:34673, model=gpt-4o-mini, connectTimeout=5000ms, readTimeout=30000ms, maxRetry=3, circuitBreakerThreshold=5, circuitBreakerHalfOpenDelay=30000ms
00:30:24.663 [main] ERROR com.gien.gits.adapter.llm.RealLlmClient -- LLM API call failed: 401 Unauthorized: [no body]
00:30:24.663 [main] WARN com.gien.gits.adapter.llm.RealLlmClient -- LLM call attempt 1/3 failed, retrying in 1000ms: LLM API call failed: 401 Unauthorized: [no body]
00:30:25.675 [main] ERROR com.gien.gits.adapter.llm.RealLlmClient -- LLM API call failed: 401 Unauthorized: [no body]
00:30:25.675 [main] WARN com.gien.gits.adapter.llm.RealLlmClient -- LLM call attempt 2/3 failed, retrying in 2000ms: LLM API call failed: 401 Unauthorized: [no body]
00:30:27.681 [main] ERROR com.gien.gits.adapter.llm.RealLlmClient -- LLM API call failed: 401 Unauthorized: [no body]
00:30:27.682 [main] ERROR com.gien.gits.adapter.llm.RealLlmClient -- LLM call failed after 3 attempts: LLM API call failed: 401 Unauthorized: [no body]
00:30:27.693 [main] INFO com.gien.gits.adapter.llm.RealLlmClient -- RealLlmClient configured: baseUrl=http://localhost:34673, model=gpt-4o-mini, connectTimeout=5000ms, readTimeout=30000ms, maxRetry=3, circuitBreakerThreshold=5, circuitBreakerHalfOpenDelay=30000ms
00:30:27.702 [main] ERROR com.gien.gits.adapter.llm.RealLlmClient -- LLM API call failed: 500 Server Error: [no body]
00:30:27.702 [main] WARN com.gien.gits.adapter.llm.RealLlmClient -- LLM call attempt 1/3 failed, retrying in 1000ms: LLM API call failed: 500 Server Error: [no body]
00:30:28.707 [main] ERROR com.gien.gits.adapter.llm.RealLlmClient -- LLM API call failed: 500 Server Error: [no body]
00:30:28.707 [main] WARN com.gien.gits.adapter.llm.RealLlmClient -- LLM call attempt 2/3 failed, retrying in 2000ms: LLM API call failed: 500 Server Error: [no body]
00:30:30.717 [main] ERROR com.gien.gits.adapter.llm.RealLlmClient -- LLM API call failed: 500 Server Error: [no body]
00:30:30.717 [main] ERROR com.gien.gits.adapter.llm.RealLlmClient -- LLM call failed after 3 attempts: LLM API call failed: 500 Server Error: [no body]
00:30:30.723 [main] INFO com.gien.gits.adapter.llm.RealLlmClient -- RealLlmClient configured: baseUrl=http://localhost:34673, model=gpt-4o-mini, connectTimeout=5000ms, readTimeout=30000ms, maxRetry=3, circuitBreakerThreshold=5, circuitBreakerHalfOpenDelay=30000ms
00:30:30.743 [main] INFO com.gien.gits.adapter.llm.RealLlmClient -- RealLlmClient configured: baseUrl=http://localhost:34673, model=gpt-4o-mini, connectTimeout=5000ms, readTimeout=30000ms, maxRetry=3, circuitBreakerThreshold=5, circuitBreakerHalfOpenDelay=30000ms
00:30:30.752 [main] INFO com.gien.gits.adapter.llm.RealLlmClient -- RealLlmClient configured: baseUrl=http://localhost:34673, model=gpt-4o-mini, connectTimeout=5000ms, readTimeout=30000ms, maxRetry=3, circuitBreakerThreshold=5, circuitBreakerHalfOpenDelay=30000ms
00:30:30.757 [main] WARN com.gien.gits.adapter.llm.RealLlmClient -- LLM call attempt 1/3 failed, retrying in 1000ms: LLM response missing choices: {
  "choices": []
}

00:30:31.763 [main] WARN com.gien.gits.adapter.llm.RealLlmClient -- LLM call attempt 2/3 failed, retrying in 2000ms: LLM response missing choices: {
  "choices": []
}

00:30:33.774 [main] ERROR com.gien.gits.adapter.llm.RealLlmClient -- LLM call failed after 3 attempts: LLM response missing choices: {
  "choices": []
}

[INFO] Tests run: 5, Failures: 0, Errors: 0, Skipped: 0, Time elapsed: 10.56 s -- in com.gien.gits.adapter.llm.RealLlmClientTest
[INFO] Running com.gien.gits.adapter.llm.RealLlmClientIntegrationTest
00:30:33.807 [main] INFO com.gien.gits.adapter.llm.RealLlmClient -- RealLlmClient configured: baseUrl=http://localhost:9999, model=gpt-4o-mini, connectTimeout=5000ms, readTimeout=5000ms, maxRetry=1, circuitBreakerThreshold=2, circuitBreakerHalfOpenDelay=60000ms
00:30:33.812 [main] ERROR com.gien.gits.adapter.llm.RealLlmClient -- LLM API call failed: 500 Server Error: "Server Error"
00:30:33.812 [main] ERROR com.gien.gits.adapter.llm.RealLlmClient -- LLM call failed after 1 attempts: LLM API call failed: 500 Server Error: "Server Error"
00:30:33.818 [main] ERROR com.gien.gits.adapter.llm.RealLlmClient -- LLM API call failed: 500 Server Error: "Server Error"
00:30:33.818 [main] ERROR com.gien.gits.adapter.llm.RealLlmClient -- LLM call failed after 1 attempts: LLM API call failed: 500 Server Error: "Server Error"
00:30:33.818 [main] WARN com.gien.gits.adapter.llm.RealLlmClient -- Circuit breaker OPEN after 2 consecutive failures. Will transition to HALF_OPEN after 60000ms
00:30:33.825 [main] INFO com.gien.gits.adapter.llm.RealLlmClient -- RealLlmClient configured: baseUrl=http://localhost:9999, model=gpt-4o-mini, connectTimeout=5000ms, readTimeout=5000ms, maxRetry=2, circuitBreakerThreshold=5, circuitBreakerHalfOpenDelay=30000ms
00:30:33.829 [main] ERROR com.gien.gits.adapter.llm.RealLlmClient -- LLM API call failed: 500 Server Error: "Server Error"
00:30:33.829 [main] WARN com.gien.gits.adapter.llm.RealLlmClient -- LLM call attempt 1/2 failed, retrying in 50ms: LLM API call failed: 500 Server Error: "Server Error"
00:30:33.885 [main] ERROR com.gien.gits.adapter.llm.RealLlmClient -- LLM API call failed: 500 Server Error: "Server Error"
00:30:33.885 [main] ERROR com.gien.gits.adapter.llm.RealLlmClient -- LLM call failed after 2 attempts: LLM API call failed: 500 Server Error: "Server Error"
00:30:33.894 [main] INFO com.gien.gits.adapter.llm.RealLlmClient -- RealLlmClient configured: baseUrl=http://localhost:9999, model=gpt-4o-mini, connectTimeout=2000ms, readTimeout=500ms, maxRetry=3, circuitBreakerThreshold=5, circuitBreakerHalfOpenDelay=30000ms
00:30:34.402 [main] ERROR com.gien.gits.adapter.llm.RealLlmClient -- LLM API call failed: Error while extracting response for type [java.lang.String] and content type [application/octet-stream]
00:30:34.402 [main] WARN com.gien.gits.adapter.llm.RealLlmClient -- LLM call attempt 1/3 failed, retrying in 50ms: LLM API call failed: Error while extracting response for type [java.lang.String] and content type [application/octet-stream]
00:30:34.471 [main] INFO com.gien.gits.adapter.llm.RealLlmClient -- RealLlmClient configured: baseUrl=http://localhost:9999, model=gpt-4o-mini, connectTimeout=5000ms, readTimeout=5000ms, maxRetry=1, circuitBreakerThreshold=2, circuitBreakerHalfOpenDelay=100ms
00:30:34.477 [main] ERROR com.gien.gits.adapter.llm.RealLlmClient -- LLM API call failed: 500 Server Error: "Server Error"
00:30:34.477 [main] ERROR com.gien.gits.adapter.llm.RealLlmClient -- LLM call failed after 1 attempts: LLM API call failed: 500 Server Error: "Server Error"
00:30:34.482 [main] ERROR com.gien.gits.adapter.llm.RealLlmClient -- LLM API call failed: 500 Server Error: "Server Error"
00:30:34.482 [main] ERROR com.gien.gits.adapter.llm.RealLlmClient -- LLM call failed after 1 attempts: LLM API call failed: 500 Server Error: "Server Error"
00:30:34.482 [main] WARN com.gien.gits.adapter.llm.RealLlmClient -- Circuit breaker OPEN after 2 consecutive failures. Will transition to HALF_OPEN after 100ms
00:30:34.633 [main] INFO com.gien.gits.adapter.llm.RealLlmClient -- Circuit breaker transitioning to HALF_OPEN after 100ms
00:30:34.641 [main] INFO com.gien.gits.adapter.llm.RealLlmClient -- Circuit breaker transitioning from HALF_OPEN to CLOSED after successful request
00:30:34.784 [main] INFO com.gien.gits.adapter.llm.RealLlmClient -- RealLlmClient configured: baseUrl=http://localhost:9999, model=gpt-4o-mini, connectTimeout=5000ms, readTimeout=5000ms, maxRetry=3, circuitBreakerThreshold=5, circuitBreakerHalfOpenDelay=30000ms
00:30:34.791 [main] INFO com.gien.gits.adapter.llm.RealLlmClient -- RealLlmClient configured: baseUrl=http://localhost:9999, model=gpt-4o-mini, connectTimeout=5000ms, readTimeout=5000ms, maxRetry=3, circuitBreakerThreshold=5, circuitBreakerHalfOpenDelay=30000ms
00:30:34.795 [main] ERROR com.gien.gits.adapter.llm.RealLlmClient -- LLM API call failed: 500 Server Error: [no body]
00:30:34.795 [main] WARN com.gien.gits.adapter.llm.RealLlmClient -- LLM call attempt 1/3 failed, retrying in 50ms: LLM API call failed: 500 Server Error: [no body]
[INFO] Tests run: 7, Failures: 0, Errors: 0, Skipped: 0, Time elapsed: 1.567 s -- in com.gien.gits.adapter.llm.RealLlmClientIntegrationTest
[INFO] Running com.gien.gits.adapter.crm.LoggingCrmWritebackChannelTest
00:30:35.360 [main] INFO com.gien.gits.adapter.crm.LoggingCrmWritebackChannel -- [CRM-WRITEBACK] commandId=CMD-001, objectType=INTERACTION, operation=CREATE, riskLevel=LOW, requiresHumanConfirm=true, rmAction=review, idempotencyKey=idempotency-key-12345678
00:30:35.362 [main] INFO com.gien.gits.adapter.crm.LoggingCrmWritebackChannel -- [CRM-WRITEBACK] commandId=CMD-001, objectType=INTERACTION, operation=CREATE, riskLevel=LOW, requiresHumanConfirm=true, rmAction=review, idempotencyKey=idempotency-key-12345678
00:30:35.363 [main] INFO com.gien.gits.adapter.crm.LoggingCrmWritebackChannel -- [CRM-WRITEBACK] commandId=CMD-001, objectType=INTERACTION, operation=CREATE, riskLevel=LOW, requiresHumanConfirm=true, rmAction=review, idempotencyKey=idempotency-key-12345678
00:30:35.364 [main] INFO com.gien.gits.adapter.crm.LoggingCrmWritebackChannel -- [CRM-WRITEBACK] commandId=CMD-001, objectType=INTERACTION, operation=CREATE, riskLevel=LOW, requiresHumanConfirm=true, rmAction=review, idempotencyKey=idempotency-key-12345678
00:30:35.365 [main] INFO com.gien.gits.adapter.crm.LoggingCrmWritebackChannel -- [CRM-WRITEBACK] commandId=CMD-001, objectType=INTERACTION, operation=CREATE, riskLevel=LOW, requiresHumanConfirm=true, rmAction=review, idempotencyKey=idempotency-key-12345678
[INFO] Tests run: 4, Failures: 0, Errors: 0, Skipped: 0, Time elapsed: 0.011 s -- in com.gien.gits.adapter.crm.LoggingCrmWritebackChannelTest
[INFO] Running com.gien.gits.adapter.crm.HttpCrmWritebackChannelTest
00:30:35.378 [main] INFO com.gien.gits.adapter.crm.HttpCrmWritebackChannel -- HttpCrmWritebackChannel configured: url=http://localhost:33997/api/crm/writeback, authToken=none, connectTimeout=5000ms, readTimeout=30000ms, maxRetry=2, retryDelay=500ms
00:30:35.379 [main] INFO com.gien.gits.adapter.crm.HttpCrmWritebackChannel -- [CRM-WRITEBACK-HTTP] Sending commandId=cmd-001 objectType=INTERACTION operation=UPDATE to http://localhost:33997/api/crm/writeback
00:30:35.411 [main] INFO com.gien.gits.adapter.crm.HttpCrmWritebackChannel -- [CRM-WRITEBACK-HTTP] Response for commandId=cmd-001: {"status":"accepted"}
00:30:35.417 [main] INFO com.gien.gits.adapter.crm.HttpCrmWritebackChannel -- HttpCrmWritebackChannel configured: url=http://localhost:33997/api/crm/writeback, authToken=none, connectTimeout=5000ms, readTimeout=30000ms, maxRetry=2, retryDelay=500ms
00:30:35.418 [main] INFO com.gien.gits.adapter.crm.HttpCrmWritebackChannel -- [CRM-WRITEBACK-HTTP] Sending commandId=cmd-001 objectType=INTERACTION operation=UPDATE to http://localhost:33997/api/crm/writeback
00:30:35.424 [main] ERROR com.gien.gits.adapter.crm.HttpCrmWritebackChannel -- [CRM-WRITEBACK-HTTP] Server error: 500 for commandId=cmd-001
00:30:35.424 [main] WARN com.gien.gits.adapter.crm.HttpCrmWritebackChannel -- [CRM-WRITEBACK-HTTP] Server error (500), attempt 1/2: commandId=cmd-001, retrying in 500ms
00:30:35.925 [main] INFO com.gien.gits.adapter.crm.HttpCrmWritebackChannel -- [CRM-WRITEBACK-HTTP] Sending commandId=cmd-001 objectType=INTERACTION operation=UPDATE to http://localhost:33997/api/crm/writeback
00:30:35.934 [main] ERROR com.gien.gits.adapter.crm.HttpCrmWritebackChannel -- [CRM-WRITEBACK-HTTP] Server error: 500 for commandId=cmd-001
00:30:35.935 [main] ERROR com.gien.gits.adapter.crm.HttpCrmWritebackChannel -- [CRM-WRITEBACK-HTTP] All 2 attempts failed for commandId=cmd-001
00:30:35.944 [main] INFO com.gien.gits.adapter.crm.HttpCrmWritebackChannel -- HttpCrmWritebackChannel configured: url=http://localhost:33997/api/crm/writeback, authToken=***configured***, connectTimeout=5000ms, readTimeout=30000ms, maxRetry=2, retryDelay=500ms
00:30:35.945 [main] INFO com.gien.gits.adapter.crm.HttpCrmWritebackChannel -- [CRM-WRITEBACK-HTTP] Sending commandId=cmd-001 objectType=INTERACTION operation=UPDATE to http://localhost:33997/api/crm/writeback
00:30:35.951 [main] INFO com.gien.gits.adapter.crm.HttpCrmWritebackChannel -- [CRM-WRITEBACK-HTTP] Response for commandId=cmd-001: {"status":"accepted"}
00:30:35.955 [main] INFO com.gien.gits.adapter.crm.HttpCrmWritebackChannel -- HttpCrmWritebackChannel configured: url=http://localhost:33997/api/crm/writeback, authToken=none, connectTimeout=5000ms, readTimeout=30000ms, maxRetry=2, retryDelay=500ms
00:30:35.955 [main] INFO com.gien.gits.adapter.crm.HttpCrmWritebackChannel -- [CRM-WRITEBACK-HTTP] Sending commandId=cmd-001 objectType=INTERACTION operation=UPDATE to http://localhost:33997/api/crm/writeback
00:30:35.960 [main] INFO com.gien.gits.adapter.crm.HttpCrmWritebackChannel -- [CRM-WRITEBACK-HTTP] Response for commandId=cmd-001: {"status":"accepted"}
00:30:35.964 [main] INFO com.gien.gits.adapter.crm.HttpCrmWritebackChannel -- HttpCrmWritebackChannel configured: url=http://localhost:33997/api/crm/writeback, authToken=none, connectTimeout=5000ms, readTimeout=30000ms, maxRetry=2, retryDelay=500ms
00:30:35.965 [main] INFO com.gien.gits.adapter.crm.HttpCrmWritebackChannel -- [CRM-WRITEBACK-HTTP] Sending commandId=cmd-001 objectType=INTERACTION operation=UPDATE to http://localhost:33997/api/crm/writeback
00:30:35.970 [main] ERROR com.gien.gits.adapter.crm.HttpCrmWritebackChannel -- [CRM-WRITEBACK-HTTP] Client error: 401 for commandId=cmd-001
00:30:35.970 [main] WARN com.gien.gits.adapter.crm.HttpCrmWritebackChannel -- [CRM-WRITEBACK-HTTP] Client error (401), not retrying: commandId=cmd-001
00:30:35.973 [main] INFO com.gien.gits.adapter.crm.HttpCrmWritebackChannel -- HttpCrmWritebackChannel configured: url=http://localhost:33997/api/crm/writeback, authToken=none, connectTimeout=5000ms, readTimeout=30000ms, maxRetry=2, retryDelay=500ms
00:30:35.974 [main] INFO com.gien.gits.adapter.crm.HttpCrmWritebackChannel -- [CRM-WRITEBACK-HTTP] Sending commandId=cmd-001 objectType=INTERACTION operation=UPDATE to http://localhost:33997/api/crm/writeback
00:30:35.978 [main] INFO com.gien.gits.adapter.crm.HttpCrmWritebackChannel -- [CRM-WRITEBACK-HTTP] Response for commandId=cmd-001: {"status":"accepted"}
[INFO] Tests run: 6, Failures: 0, Errors: 0, Skipped: 0, Time elapsed: 0.612 s -- in com.gien.gits.adapter.crm.HttpCrmWritebackChannelTest
[INFO] Running com.gien.gits.adapter.crm.HttpCrmWritebackChannelIntegrationTest
00:30:35.992 [main] INFO com.gien.gits.adapter.crm.LoggingCrmWritebackChannel -- [CRM-WRITEBACK] commandId=CMD-TEST-001, objectType=CUSTOMER, operation=UPDATE, riskLevel=MEDIUM, requiresHumanConfirm=true, rmAction=RM-ACTION-001, idempotencyKey=IDEMPOTENCY-KEY-12345678
00:30:35.996 [main] INFO com.gien.gits.adapter.crm.HttpCrmWritebackChannel -- HttpCrmWritebackChannel configured: url=http://localhost:9998/api/crm/writeback, authToken=***configured***, connectTimeout=5000ms, readTimeout=5000ms, maxRetry=1, retryDelay=100ms
00:30:35.996 [main] INFO com.gien.gits.adapter.crm.HttpCrmWritebackChannel -- [CRM-WRITEBACK-HTTP] Sending commandId=CMD-TEST-001 objectType=CUSTOMER operation=UPDATE to http://localhost:9998/api/crm/writeback
00:30:36.002 [main] INFO com.gien.gits.adapter.crm.HttpCrmWritebackChannel -- [CRM-WRITEBACK-HTTP] Response for commandId=CMD-TEST-001: {"status":"accepted"}
00:30:36.006 [main] INFO com.gien.gits.adapter.crm.HttpCrmWritebackChannel -- HttpCrmWritebackChannel configured: url=http://localhost:9998/api/crm/writeback, authToken=***configured***, connectTimeout=5000ms, readTimeout=5000ms, maxRetry=3, retryDelay=50ms
00:30:36.006 [main] INFO com.gien.gits.adapter.crm.HttpCrmWritebackChannel -- [CRM-WRITEBACK-HTTP] Sending commandId=CMD-TEST-001 objectType=CUSTOMER operation=UPDATE to http://localhost:9998/api/crm/writeback
00:30:36.011 [main] ERROR com.gien.gits.adapter.crm.HttpCrmWritebackChannel -- [CRM-WRITEBACK-HTTP] Server error: 500 for commandId=CMD-TEST-001
00:30:36.012 [main] WARN com.gien.gits.adapter.crm.HttpCrmWritebackChannel -- [CRM-WRITEBACK-HTTP] Server error (500), attempt 1/3: commandId=CMD-TEST-001, retrying in 50ms
00:30:36.062 [main] INFO com.gien.gits.adapter.crm.HttpCrmWritebackChannel -- [CRM-WRITEBACK-HTTP] Sending commandId=CMD-TEST-001 objectType=CUSTOMER operation=UPDATE to http://localhost:9998/api/crm/writeback
00:30:36.071 [main] INFO com.gien.gits.adapter.crm.HttpCrmWritebackChannel -- [CRM-WRITEBACK-HTTP] Response for commandId=CMD-TEST-001: {"status":"accepted"}
00:30:36.078 [main] INFO com.gien.gits.adapter.crm.HttpCrmWritebackChannel -- HttpCrmWritebackChannel configured: url=http://localhost:9998/api/crm/writeback, authToken=***configured***, connectTimeout=5000ms, readTimeout=5000ms, maxRetry=2, retryDelay=50ms
00:30:36.078 [main] INFO com.gien.gits.adapter.crm.HttpCrmWritebackChannel -- [CRM-WRITEBACK-HTTP] Sending commandId=CMD-TEST-001 objectType=CUSTOMER operation=UPDATE to http://localhost:9998/api/crm/writeback
00:30:36.085 [main] ERROR com.gien.gits.adapter.crm.HttpCrmWritebackChannel -- [CRM-WRITEBACK-HTTP] Server error: 500 for commandId=CMD-TEST-001
00:30:36.085 [main] WARN com.gien.gits.adapter.crm.HttpCrmWritebackChannel -- [CRM-WRITEBACK-HTTP] Server error (500), attempt 1/2: commandId=CMD-TEST-001, retrying in 50ms
00:30:36.135 [main] INFO com.gien.gits.adapter.crm.HttpCrmWritebackChannel -- [CRM-WRITEBACK-HTTP] Sending commandId=CMD-TEST-001 objectType=CUSTOMER operation=UPDATE to http://localhost:9998/api/crm/writeback
00:30:36.139 [main] ERROR com.gien.gits.adapter.crm.HttpCrmWritebackChannel -- [CRM-WRITEBACK-HTTP] Server error: 500 for commandId=CMD-TEST-001
00:30:36.139 [main] ERROR com.gien.gits.adapter.crm.HttpCrmWritebackChannel -- [CRM-WRITEBACK-HTTP] All 2 attempts failed for commandId=CMD-TEST-001
00:30:36.143 [main] INFO com.gien.gits.adapter.crm.HttpCrmWritebackChannel -- HttpCrmWritebackChannel configured: url=http://localhost:9998/api/crm/writeback, authToken=***configured***, connectTimeout=2000ms, readTimeout=500ms, maxRetry=3, retryDelay=50ms
00:30:36.143 [main] INFO com.gien.gits.adapter.crm.HttpCrmWritebackChannel -- [CRM-WRITEBACK-HTTP] Sending commandId=CMD-TEST-001 objectType=CUSTOMER operation=UPDATE to http://localhost:9998/api/crm/writeback
00:30:36.648 [main] WARN com.gien.gits.adapter.crm.HttpCrmWritebackChannel -- [CRM-WRITEBACK-HTTP] Attempt 1/3 failed: commandId=CMD-TEST-001, retrying in 50ms: Error while extracting response for type [java.lang.String] and content type [application/octet-stream]
00:30:36.698 [main] INFO com.gien.gits.adapter.crm.HttpCrmWritebackChannel -- [CRM-WRITEBACK-HTTP] Sending commandId=CMD-TEST-001 objectType=CUSTOMER operation=UPDATE to http://localhost:9998/api/crm/writeback
00:30:36.706 [main] INFO com.gien.gits.adapter.crm.HttpCrmWritebackChannel -- [CRM-WRITEBACK-HTTP] Response for commandId=CMD-TEST-001: {"status":"accepted"}
00:30:36.712 [main] INFO com.gien.gits.adapter.crm.HttpCrmWritebackChannel -- HttpCrmWritebackChannel configured: url=http://localhost:9998/api/crm/writeback, authToken=***configured***, connectTimeout=5000ms, readTimeout=5000ms, maxRetry=2, retryDelay=100ms
00:30:36.712 [main] INFO com.gien.gits.adapter.crm.HttpCrmWritebackChannel -- [CRM-WRITEBACK-HTTP] Sending commandId=CMD-TEST-001 objectType=CUSTOMER operation=UPDATE to http://localhost:9998/api/crm/writeback
00:30:36.718 [main] INFO com.gien.gits.adapter.crm.HttpCrmWritebackChannel -- [CRM-WRITEBACK-HTTP] Response for commandId=CMD-TEST-001: {"status":"accepted"}
00:30:36.722 [main] INFO com.gien.gits.adapter.crm.HttpCrmWritebackChannel -- HttpCrmWritebackChannel configured: url=http://localhost:9998/api/crm/writeback, authToken=***configured***, connectTimeout=5000ms, readTimeout=5000ms, maxRetry=3, retryDelay=100ms
00:30:36.722 [main] INFO com.gien.gits.adapter.crm.HttpCrmWritebackChannel -- [CRM-WRITEBACK-HTTP] Sending commandId=CMD-TEST-001 objectType=CUSTOMER operation=UPDATE to http://localhost:9998/api/crm/writeback
00:30:36.727 [main] ERROR com.gien.gits.adapter.crm.HttpCrmWritebackChannel -- [CRM-WRITEBACK-HTTP] Client error: 400 for commandId=CMD-TEST-001
00:30:36.727 [main] WARN com.gien.gits.adapter.crm.HttpCrmWritebackChannel -- [CRM-WRITEBACK-HTTP] Client error (400), not retrying: commandId=CMD-TEST-001
00:30:36.730 [main] INFO com.gien.gits.adapter.crm.HttpCrmWritebackChannel -- HttpCrmWritebackChannel configured: url=http://localhost:9998/api/crm/writeback, authToken=***configured***, connectTimeout=5000ms, readTimeout=5000ms, maxRetry=2, retryDelay=50ms
00:30:36.730 [main] INFO com.gien.gits.adapter.crm.HttpCrmWritebackChannel -- [CRM-WRITEBACK-HTTP] Sending commandId=CMD-TEST-001 objectType=CUSTOMER operation=UPDATE to http://localhost:9998/api/crm/writeback
00:30:36.735 [main] ERROR com.gien.gits.adapter.crm.HttpCrmWritebackChannel -- [CRM-WRITEBACK-HTTP] Server error: 503 for commandId=CMD-TEST-001
00:30:36.735 [main] WARN com.gien.gits.adapter.crm.HttpCrmWritebackChannel -- [CRM-WRITEBACK-HTTP] Server error (503), attempt 1/2: commandId=CMD-TEST-001, retrying in 50ms
00:30:36.785 [main] INFO com.gien.gits.adapter.crm.HttpCrmWritebackChannel -- [CRM-WRITEBACK-HTTP] Sending commandId=CMD-TEST-001 objectType=CUSTOMER operation=UPDATE to http://localhost:9998/api/crm/writeback
00:30:36.791 [main] INFO com.gien.gits.adapter.crm.HttpCrmWritebackChannel -- [CRM-WRITEBACK-HTTP] Response for commandId=CMD-TEST-001: {"status":"accepted"}
00:30:36.794 [main] INFO com.gien.gits.adapter.crm.HttpCrmWritebackChannel -- HttpCrmWritebackChannel configured: url=http://localhost:9998/api/crm/writeback, authToken=***configured***, connectTimeout=5000ms, readTimeout=5000ms, maxRetry=3, retryDelay=100ms
00:30:36.794 [main] INFO com.gien.gits.adapter.crm.HttpCrmWritebackChannel -- [CRM-WRITEBACK-HTTP] Sending commandId=CMD-TEST-001 objectType=CUSTOMER operation=UPDATE to http://localhost:9998/api/crm/writeback
00:30:36.799 [main] ERROR com.gien.gits.adapter.crm.HttpCrmWritebackChannel -- [CRM-WRITEBACK-HTTP] Client error: 401 for commandId=CMD-TEST-001
00:30:36.800 [main] WARN com.gien.gits.adapter.crm.HttpCrmWritebackChannel -- [CRM-WRITEBACK-HTTP] Client error (401), not retrying: commandId=CMD-TEST-001
[INFO] Tests run: 9, Failures: 0, Errors: 0, Skipped: 0, Time elapsed: 1.318 s -- in com.gien.gits.adapter.crm.HttpCrmWritebackChannelIntegrationTest
[INFO] Running com.gien.gits.adapter.skill.InteractionMemoryMapperTest
00:30:37.309 [main] WARN com.gien.gits.adapter.skill.InteractionMemoryMapper -- [SP-21] data.result 缺失，返回空抽取 interactionId=INT-EMPTY
[INFO] Tests run: 4, Failures: 0, Errors: 0, Skipped: 0, Time elapsed: 0.017 s -- in com.gien.gits.adapter.skill.InteractionMemoryMapperTest
[INFO] Running com.gien.gits.adapter.skill.ProductRecommendationSkillContractTest
00:30:37.330 [main] INFO com.gien.gits.adapter.skill.DshHttpSkillExecutionAdapter -- DshHttpSkillExecutionAdapter configured: base-url=http://dsh.local:3080 execute=/api/skill/execute jobs=/v1/jobs
00:30:37.337 [main] INFO com.gien.gits.adapter.skill.DshHttpSkillExecutionAdapter -- DshHttpSkillExecutionAdapter configured: base-url=http://dsh.local:3080 execute=/api/skill/execute jobs=/v1/jobs
00:30:37.340 [main] INFO com.gien.gits.adapter.skill.DshHttpSkillExecutionAdapter -- [SKILL-HTTP] execute skillId=bank-front-product-recommendation requestId=REC-20260831-0001 customerId=CUST-001 async=false url=http://dsh.local:3080/api/skill/execute
00:30:37.348 [main] ERROR com.gien.gits.adapter.skill.DshHttpSkillExecutionAdapter -- [SKILL-HTTP] SKILL HTTP 403 for skillId=bank-front-product-recommendation requestId=REC-20260831-0001
00:30:37.351 [main] INFO com.gien.gits.adapter.skill.DshHttpSkillExecutionAdapter -- DshHttpSkillExecutionAdapter configured: base-url=http://dsh.local:3080 execute=/api/skill/execute jobs=/v1/jobs
00:30:37.352 [main] INFO com.gien.gits.adapter.skill.DshHttpSkillExecutionAdapter -- [SKILL-HTTP] execute skillId=bank-front-product-recommendation requestId=REC-20260831-0001 customerId=CUST-001 async=false url=http://dsh.local:3080/api/skill/execute
00:30:37.354 [main] ERROR com.gien.gits.adapter.skill.DshHttpSkillExecutionAdapter -- [SKILL-HTTP] 响应解析失败 skillId=bank-front-product-recommendation requestId=REC-20260831-0001
com.fasterxml.jackson.core.JsonParseException: Unrecognized token 'this': was expecting (JSON String, Number, Array, Object or token 'null', 'true' or 'false')
 at [Source: REDACTED (`StreamReadFeature.INCLUDE_SOURCE_IN_LOCATION` disabled); line: 1, column: 1]
	at com.fasterxml.jackson.core.JsonParser._constructReadException(JsonParser.java:2675)
	at com.fasterxml.jackson.core.json.ReaderBasedJsonParser._reportInvalidToken(ReaderBasedJsonParser.java:3025)
	at com.fasterxml.jackson.core.json.ReaderBasedJsonParser._reportInvalidToken(ReaderBasedJsonParser.java:2995)
	at com.fasterxml.jackson.core.json.ReaderBasedJsonParser._matchToken(ReaderBasedJsonParser.java:2760)
	at com.fasterxml.jackson.core.json.ReaderBasedJsonParser._matchTrue(ReaderBasedJsonParser.java:2714)
	at com.fasterxml.jackson.core.json.ReaderBasedJsonParser.nextToken(ReaderBasedJsonParser.java:742)
	at com.fasterxml.jackson.databind.ObjectMapper._readTreeAndClose(ObjectMapper.java:5081)
	at com.fasterxml.jackson.databind.ObjectMapper.readTree(ObjectMapper.java:3349)
	at com.gien.gits.adapter.skill.DshHttpSkillExecutionAdapter.parse(DshHttpSkillExecutionAdapter.java:189)
	at com.gien.gits.adapter.skill.DshHttpSkillExecutionAdapter.execute(DshHttpSkillExecutionAdapter.java:108)
	at com.gien.gits.adapter.skill.ProductRecommendationSkillContractTest.lambda$executeMalformedResponseThrows$6(ProductRecommendationSkillContractTest.java:253)
	at org.assertj.core.api.ThrowableAssert.catchThrowable(ThrowableAssert.java:66)
	at org.assertj.core.api.AssertionsForClassTypes.catchThrowable(AssertionsForClassTypes.java:908)
	at org.assertj.core.api.Assertions.catchThrowable(Assertions.java:1476)
	at org.assertj.core.api.Assertions.assertThatThrownBy(Assertions.java:1319)
	at com.gien.gits.adapter.skill.ProductRecommendationSkillContractTest.executeMalformedResponseThrows(ProductRecommendationSkillContractTest.java:253)
	at java.base/jdk.internal.reflect.DirectMethodHandleAccessor.invoke(DirectMethodHandleAccessor.java:103)
	at java.base/java.lang.reflect.Method.invoke(Method.java:580)
	at org.junit.platform.commons.util.ReflectionUtils.invokeMethod(ReflectionUtils.java:775)
	at org.junit.platform.commons.support.ReflectionSupport.invokeMethod(ReflectionSupport.java:479)
	at org.junit.jupiter.engine.execution.MethodInvocation.proceed(MethodInvocation.java:60)
	at org.junit.jupiter.engine.execution.InvocationInterceptorChain$ValidatingInvocation.proceed(InvocationInterceptorChain.java:131)
	at org.junit.jupiter.engine.extension.TimeoutExtension.intercept(TimeoutExtension.java:161)
	at org.junit.jupiter.engine.extension.TimeoutExtension.interceptTestableMethod(TimeoutExtension.java:152)
	at org.junit.jupiter.engine.extension.TimeoutExtension.interceptTestMethod(TimeoutExtension.java:91)
	at org.junit.jupiter.engine.execution.InterceptingExecutableInvoker$ReflectiveInterceptorCall.lambda$ofVoidMethod$0(InterceptingExecutableInvoker.java:112)
	at org.junit.jupiter.engine.execution.InterceptingExecutableInvoker.lambda$invoke$0(InterceptingExecutableInvoker.java:94)
	at org.junit.jupiter.engine.execution.InvocationInterceptorChain$InterceptedInvocation.proceed(InvocationInterceptorChain.java:106)
	at org.junit.jupiter.engine.execution.InvocationInterceptorChain.proceed(InvocationInterceptorChain.java:64)
	at org.junit.jupiter.engine.execution.InvocationInterceptorChain.chainAndInvoke(InvocationInterceptorChain.java:45)
	at org.junit.jupiter.engine.execution.InvocationInterceptorChain.invoke(InvocationInterceptorChain.java:37)
	at org.junit.jupiter.engine.execution.InterceptingExecutableInvoker.invoke(InterceptingExecutableInvoker.java:93)
	at org.junit.jupiter.engine.execution.InterceptingExecutableInvoker.invoke(InterceptingExecutableInvoker.java:87)
	at org.junit.jupiter.engine.descriptor.TestMethodTestDescriptor.lambda$invokeTestMethod$7(TestMethodTestDescriptor.java:216)
	at org.junit.platform.engine.support.hierarchical.ThrowableCollector.execute(ThrowableCollector.java:73)
	at org.junit.jupiter.engine.descriptor.TestMethodTestDescriptor.invokeTestMethod(TestMethodTestDescriptor.java:212)
	at org.junit.jupiter.engine.descriptor.TestMethodTestDescriptor.execute(TestMethodTestDescriptor.java:137)
	at org.junit.jupiter.engine.descriptor.TestMethodTestDescriptor.execute(TestMethodTestDescriptor.java:69)
	at org.junit.platform.engine.support.hierarchical.NodeTestTask.lambda$executeRecursively$6(NodeTestTask.java:156)
	at org.junit.platform.engine.support.hierarchical.ThrowableCollector.execute(ThrowableCollector.java:73)
	at org.junit.platform.engine.support.hierarchical.NodeTestTask.lambda$executeRecursively$8(NodeTestTask.java:146)
	at org.junit.platform.engine.support.hierarchical.Node.around(Node.java:137)
	at org.junit.platform.engine.support.hierarchical.NodeTestTask.lambda$executeRecursively$9(NodeTestTask.java:144)
	at org.junit.platform.engine.support.hierarchical.ThrowableCollector.execute(ThrowableCollector.java:73)
	at org.junit.platform.engine.support.hierarchical.NodeTestTask.executeRecursively(NodeTestTask.java:143)
	at org.junit.platform.engine.support.hierarchical.NodeTestTask.execute(NodeTestTask.java:100)
	at java.base/java.util.ArrayList.forEach(ArrayList.java:1596)
	at org.junit.platform.engine.support.hierarchical.SameThreadHierarchicalTestExecutorService.invokeAll(SameThreadHierarchicalTestExecutorService.java:41)
	at org.junit.platform.engine.support.hierarchical.NodeTestTask.lambda$executeRecursively$6(NodeTestTask.java:160)
	at org.junit.platform.engine.support.hierarchical.ThrowableCollector.execute(ThrowableCollector.java:73)
	at org.junit.platform.engine.support.hierarchical.NodeTestTask.lambda$executeRecursively$8(NodeTestTask.java:146)
	at org.junit.platform.engine.support.hierarchical.Node.around(Node.java:137)
	at org.junit.platform.engine.support.hierarchical.NodeTestTask.lambda$executeRecursively$9(NodeTestTask.java:144)
	at org.junit.platform.engine.support.hierarchical.ThrowableCollector.execute(ThrowableCollector.java:73)
	at org.junit.platform.engine.support.hierarchical.NodeTestTask.executeRecursively(NodeTestTask.java:143)
	at org.junit.platform.engine.support.hierarchical.NodeTestTask.execute(NodeTestTask.java:100)
	at java.base/java.util.ArrayList.forEach(ArrayList.java:1596)
	at org.junit.platform.engine.support.hierarchical.SameThreadHierarchicalTestExecutorService.invokeAll(SameThreadHierarchicalTestExecutorService.java:41)
	at org.junit.platform.engine.support.hierarchical.NodeTestTask.lambda$executeRecursively$6(NodeTestTask.java:160)
	at org.junit.platform.engine.support.hierarchical.ThrowableCollector.execute(ThrowableCollector.java:73)
	at org.junit.platform.engine.support.hierarchical.NodeTestTask.lambda$executeRecursively$8(NodeTestTask.java:146)
	at org.junit.platform.engine.support.hierarchical.Node.around(Node.java:137)
	at org.junit.platform.engine.support.hierarchical.NodeTestTask.lambda$executeRecursively$9(NodeTestTask.java:144)
	at org.junit.platform.engine.support.hierarchical.ThrowableCollector.execute(ThrowableCollector.java:73)
	at org.junit.platform.engine.support.hierarchical.NodeTestTask.executeRecursively(NodeTestTask.java:143)
	at org.junit.platform.engine.support.hierarchical.NodeTestTask.execute(NodeTestTask.java:100)
	at org.junit.platform.engine.support.hierarchical.SameThreadHierarchicalTestExecutorService.submit(SameThreadHierarchicalTestExecutorService.java:35)
	at org.junit.platform.engine.support.hierarchical.HierarchicalTestExecutor.execute(HierarchicalTestExecutor.java:57)
	at org.junit.platform.engine.support.hierarchical.HierarchicalTestEngine.execute(HierarchicalTestEngine.java:54)
	at org.junit.platform.launcher.core.EngineExecutionOrchestrator.execute(EngineExecutionOrchestrator.java:201)
	at org.junit.platform.launcher.core.EngineExecutionOrchestrator.execute(EngineExecutionOrchestrator.java:170)
	at org.junit.platform.launcher.core.EngineExecutionOrchestrator.execute(EngineExecutionOrchestrator.java:94)
	at org.junit.platform.launcher.core.EngineExecutionOrchestrator.lambda$execute$0(EngineExecutionOrchestrator.java:59)
	at org.junit.platform.launcher.core.EngineExecutionOrchestrator.withInterceptedStreams(EngineExecutionOrchestrator.java:142)
	at org.junit.platform.launcher.core.EngineExecutionOrchestrator.execute(EngineExecutionOrchestrator.java:58)
	at org.junit.platform.launcher.core.DefaultLauncher.execute(DefaultLauncher.java:103)
	at org.junit.platform.launcher.core.DefaultLauncher.execute(DefaultLauncher.java:85)
	at org.junit.platform.launcher.core.DelegatingLauncher.execute(DelegatingLauncher.java:47)
	at org.junit.platform.launcher.core.InterceptingLauncher.lambda$execute$1(InterceptingLauncher.java:39)
	at org.junit.platform.launcher.core.ClasspathAlignmentCheckingLauncherInterceptor.intercept(ClasspathAlignmentCheckingLauncherInterceptor.java:25)
	at org.junit.platform.launcher.core.InterceptingLauncher.execute(InterceptingLauncher.java:38)
	at org.junit.platform.launcher.core.DelegatingLauncher.execute(DelegatingLauncher.java:47)
	at org.apache.maven.surefire.junitplatform.LauncherAdapter.executeWithoutCancellationToken(LauncherAdapter.java:60)
	at org.apache.maven.surefire.junitplatform.LauncherAdapter.execute(LauncherAdapter.java:52)
	at org.apache.maven.surefire.junitplatform.JUnitPlatformProvider.execute(JUnitPlatformProvider.java:203)
	at org.apache.maven.surefire.junitplatform.JUnitPlatformProvider.invokeAllTests(JUnitPlatformProvider.java:168)
	at org.apache.maven.surefire.junitplatform.JUnitPlatformProvider.invoke(JUnitPlatformProvider.java:136)
	at org.apache.maven.surefire.booter.ForkedBooter.runSuitesInProcess(ForkedBooter.java:385)
	at org.apache.maven.surefire.booter.ForkedBooter.execute(ForkedBooter.java:162)
	at org.apache.maven.surefire.booter.ForkedBooter.run(ForkedBooter.java:507)
	at org.apache.maven.surefire.booter.ForkedBooter.main(ForkedBooter.java:495)
00:30:37.358 [main] INFO com.gien.gits.adapter.skill.DshHttpSkillExecutionAdapter -- DshHttpSkillExecutionAdapter configured: base-url=http://dsh.local:3080 execute=/api/skill/execute jobs=/v1/jobs
00:30:37.358 [main] INFO com.gien.gits.adapter.skill.DshHttpSkillExecutionAdapter -- DshHttpSkillExecutionAdapter configured: base-url=http://dsh.local:3080 execute=/api/skill/execute jobs=/v1/jobs
00:30:37.359 [main] INFO com.gien.gits.adapter.skill.DshHttpSkillExecutionAdapter -- [SKILL-HTTP] execute skillId=bank-front-product-recommendation requestId=REC-20260831-0001 customerId=CUST-001 async=true url=http://dsh.local:3080/api/skill/execute
00:30:37.360 [main] INFO com.gien.gits.adapter.skill.DshHttpSkillExecutionAdapter -- [SKILL-HTTP] async skillId=bank-front-product-recommendation requestId=REC-20260831-0001 jobId=JOB-PR-20260831-001
00:30:37.361 [main] INFO com.gien.gits.adapter.skill.DshJobPoller -- [SKILL-JOB] job=JOB-PR-20260831-001 status=PENDING, polling...
00:30:37.377 [main] INFO com.gien.gits.adapter.skill.DshJobPoller -- [SKILL-JOB] job=JOB-PR-20260831-001 COMPLETED
00:30:37.391 [main] INFO com.gien.gits.adapter.skill.DshHttpSkillExecutionAdapter -- DshHttpSkillExecutionAdapter configured: base-url=http://dsh.local:3080 execute=/api/skill/execute jobs=/v1/jobs
00:30:37.391 [main] INFO com.gien.gits.adapter.skill.DshHttpSkillExecutionAdapter -- [SKILL-HTTP] execute skillId=bank-front-product-recommendation requestId=REC-20260831-0001 customerId=CUST-001 async=false url=http://dsh.local:3080/api/skill/execute
00:30:37.393 [main] ERROR com.gien.gits.adapter.skill.DshHttpSkillExecutionAdapter -- [SKILL-HTTP] SKILL HTTP 422 for skillId=bank-front-product-recommendation requestId=REC-20260831-0001
00:30:37.394 [main] INFO com.gien.gits.adapter.skill.DshHttpSkillExecutionAdapter -- DshHttpSkillExecutionAdapter configured: base-url=http://dsh.local:3080 execute=/api/skill/execute jobs=/v1/jobs
00:30:37.461 [main] WARN com.gien.gits.adapter.skill.FallbackSkillExecutionAdapter -- [SKILL-FALLBACK] 禁止本地补数 skillId=bank-front-product-recommendation requestId=REC-20260831-0001
00:30:37.466 [main] INFO com.gien.gits.adapter.skill.DshHttpSkillExecutionAdapter -- DshHttpSkillExecutionAdapter configured: base-url=http://dsh.local:3080 execute=/api/skill/execute jobs=/v1/jobs
00:30:37.466 [main] INFO com.gien.gits.adapter.skill.DshHttpSkillExecutionAdapter -- [SKILL-HTTP] execute skillId=bank-front-product-recommendation requestId=REC-20260831-0001 customerId=CUST-001 async=false url=http://dsh.local:3080/api/skill/execute
00:30:37.468 [main] ERROR com.gien.gits.adapter.skill.DshHttpSkillExecutionAdapter -- [SKILL-HTTP] 网络/超时异常 skillId=bank-front-product-recommendation requestId=REC-20260831-0001: I/O error on POST request for "http://dsh.local:3080/api/skill/execute": Read timed out
00:30:37.470 [main] INFO com.gien.gits.adapter.skill.DshHttpSkillExecutionAdapter -- DshHttpSkillExecutionAdapter configured: base-url=http://dsh.local:3080 execute=/api/skill/execute jobs=/v1/jobs
00:30:37.473 [main] INFO com.gien.gits.adapter.skill.DshHttpSkillExecutionAdapter -- DshHttpSkillExecutionAdapter configured: base-url=http://dsh.local:3080 execute=/api/skill/execute jobs=/v1/jobs
00:30:37.473 [main] INFO com.gien.gits.adapter.skill.DshHttpSkillExecutionAdapter -- [SKILL-HTTP] execute skillId=bank-front-product-recommendation requestId=REC-20260831-0001 customerId=CUST-001 async=false url=http://dsh.local:3080/api/skill/execute
00:30:37.476 [main] INFO com.gien.gits.adapter.skill.DshHttpSkillExecutionAdapter -- DshHttpSkillExecutionAdapter configured: base-url=http://dsh.local:3080 execute=/api/skill/execute jobs=/v1/jobs
00:30:37.477 [main] INFO com.gien.gits.adapter.skill.DshHttpSkillExecutionAdapter -- [SKILL-HTTP] execute skillId=bank-front-product-recommendation requestId=REC-20260831-0001 customerId=CUST-001 async=false url=http://dsh.local:3080/api/skill/execute
00:30:37.478 [main] ERROR com.gien.gits.adapter.skill.DshHttpSkillExecutionAdapter -- [SKILL-HTTP] 网络/超时异常 skillId=bank-front-product-recommendation requestId=REC-20260831-0001: I/O error on POST request for "http://dsh.local:3080/api/skill/execute": Connection refused
00:30:37.478 [main] WARN com.gien.gits.adapter.skill.FallbackSkillExecutionAdapter -- [SKILL-FALLBACK] 禁止本地补数 skillId=bank-front-product-recommendation requestId=REC-20260831-0001
00:30:37.481 [main] INFO com.gien.gits.adapter.skill.DshHttpSkillExecutionAdapter -- DshHttpSkillExecutionAdapter configured: base-url=http://dsh.local:3080 execute=/api/skill/execute jobs=/v1/jobs
00:30:37.481 [main] INFO com.gien.gits.adapter.skill.DshHttpSkillExecutionAdapter -- [SKILL-HTTP] execute skillId=bank-front-product-recommendation requestId=REC-20260831-0001 customerId=CUST-001 async=false url=http://dsh.local:3080/api/skill/execute
00:30:37.483 [main] ERROR com.gien.gits.adapter.skill.DshHttpSkillExecutionAdapter -- [SKILL-HTTP] SKILL HTTP 409 for skillId=bank-front-product-recommendation requestId=REC-20260831-0001
00:30:37.485 [main] INFO com.gien.gits.adapter.skill.DshHttpSkillExecutionAdapter -- DshHttpSkillExecutionAdapter configured: base-url=http://dsh.local:3080 execute=/api/skill/execute jobs=/v1/jobs
00:30:37.485 [main] INFO com.gien.gits.adapter.skill.DshHttpSkillExecutionAdapter -- [SKILL-HTTP] execute skillId=bank-front-product-recommendation requestId=REC-20260831-0001 customerId=CUST-001 async=false url=http://dsh.local:3080/api/skill/execute
00:30:37.487 [main] ERROR com.gien.gits.adapter.skill.DshHttpSkillExecutionAdapter -- [SKILL-HTTP] SKILL HTTP 401 for skillId=bank-front-product-recommendation requestId=REC-20260831-0001
00:30:37.489 [main] INFO com.gien.gits.adapter.skill.DshHttpSkillExecutionAdapter -- DshHttpSkillExecutionAdapter configured: base-url=http://dsh.local:3080 execute=/api/skill/execute jobs=/v1/jobs
00:30:37.489 [main] INFO com.gien.gits.adapter.skill.DshHttpSkillExecutionAdapter -- [SKILL-HTTP] execute skillId=bank-front-product-recommendation requestId=REC-20260831-0001 customerId=CUST-001 async=false url=http://dsh.local:3080/api/skill/execute
00:30:37.490 [main] ERROR com.gien.gits.adapter.skill.DshHttpSkillExecutionAdapter -- [SKILL-HTTP] SKILL HTTP 500 for skillId=bank-front-product-recommendation requestId=REC-20260831-0001
[INFO] Tests run: 13, Failures: 0, Errors: 0, Skipped: 0, Time elapsed: 0.166 s -- in com.gien.gits.adapter.skill.ProductRecommendationSkillContractTest
[INFO] Running com.gien.gits.adapter.skill.FallbackSkillExecutionAdapterTest
00:30:37.493 [main] WARN com.gien.gits.adapter.skill.FallbackSkillExecutionAdapter -- [SKILL-FALLBACK] 禁止本地补数 skillId=skill-customer-previsit-report requestId=req-nf
00:30:37.494 [main] WARN com.gien.gits.adapter.skill.FallbackSkillExecutionAdapter -- [SKILL-FALLBACK] 禁止本地补数 skillId=skill-customer-outreach-script requestId=req-nf
00:30:37.495 [main] WARN com.gien.gits.adapter.skill.FallbackSkillExecutionAdapter -- [SKILL-FALLBACK] 禁止本地补数 skillId=skill-customer-meeting-script requestId=req-nf
00:30:37.496 [main] WARN com.gien.gits.adapter.skill.FallbackSkillExecutionAdapter -- [SKILL-FALLBACK] 禁止本地补数 skillId=bank-front-supply-chain-graph requestId=req-nf
00:30:37.497 [main] WARN com.gien.gits.adapter.skill.FallbackSkillExecutionAdapter -- [SKILL-FALLBACK] 禁止本地补数 skillId=bank-front-product-recommendation requestId=req-nf
00:30:37.502 [main] WARN com.gien.gits.adapter.skill.FallbackSkillExecutionAdapter -- [SKILL-FALLBACK] 使用本地 LlmClient 回落 skillId=skill-other-local-ok requestId=req-fb
00:30:37.506 [main] WARN com.gien.gits.adapter.skill.FallbackSkillExecutionAdapter -- [SKILL-FALLBACK] 使用本地 LlmClient 回落 skillId=skill-other-local-ok requestId=req-fail
00:30:37.506 [main] ERROR com.gien.gits.adapter.skill.FallbackSkillExecutionAdapter -- [SKILL-FALLBACK] 本地 LlmClient 也失败 skillId=skill-other-local-ok: 本地 LLM 故障
[INFO] Tests run: 7, Failures: 0, Errors: 0, Skipped: 0, Time elapsed: 0.016 s -- in com.gien.gits.adapter.skill.FallbackSkillExecutionAdapterTest
[INFO] Running com.gien.gits.adapter.skill.ServiceProposalMapperTest
00:30:37.535 [main] WARN com.gien.gits.adapter.skill.ServiceProposalMapper -- [SP-20] data.result 缺失，返回空 ServiceProposal
[INFO] Tests run: 4, Failures: 0, Errors: 0, Skipped: 0, Time elapsed: 0.043 s -- in com.gien.gits.adapter.skill.ServiceProposalMapperTest
[INFO] Running com.gien.gits.adapter.skill.DshHttpSkillExecutionAdapterTest
00:30:37.553 [main] INFO com.gien.gits.adapter.skill.DshHttpSkillExecutionAdapter -- DshHttpSkillExecutionAdapter configured: base-url=http://dsh.local:3080 execute=/api/skill/execute jobs=/v1/jobs
00:30:37.554 [main] INFO com.gien.gits.adapter.skill.DshHttpSkillExecutionAdapter -- [SKILL-HTTP] execute skillId=skill-customer-previsit-report requestId=req-abc customerId=CUST-CORP-0001 async=true url=http://dsh.local:3080/api/skill/execute
00:30:37.555 [main] INFO com.gien.gits.adapter.skill.DshHttpSkillExecutionAdapter -- [SKILL-HTTP] async skillId=skill-customer-previsit-report requestId=req-abc jobId=JOB-SKILL-20260824-002
00:30:37.555 [main] ERROR com.gien.gits.adapter.skill.DshJobPoller -- [SKILL-JOB] job=JOB-SKILL-20260824-002 FAILED
00:30:37.557 [main] INFO com.gien.gits.adapter.skill.DshHttpSkillExecutionAdapter -- DshHttpSkillExecutionAdapter configured: base-url=http://dsh.local:3080 execute=/api/skill/execute jobs=/v1/jobs
00:30:37.557 [main] INFO com.gien.gits.adapter.skill.DshHttpSkillExecutionAdapter -- [SKILL-HTTP] execute skillId=skill-customer-previsit-report requestId=req-abc customerId=CUST-CORP-0001 async=false url=http://dsh.local:3080/api/skill/execute
00:30:37.561 [main] INFO com.gien.gits.adapter.skill.DshHttpSkillExecutionAdapter -- DshHttpSkillExecutionAdapter configured: base-url=http://dsh.local:3080 execute=/api/skill/execute jobs=/v1/jobs
00:30:37.563 [main] INFO com.gien.gits.adapter.skill.DshHttpSkillExecutionAdapter -- DshHttpSkillExecutionAdapter configured: base-url=http://dsh.local:3080 execute=/api/skill/execute jobs=/v1/jobs
00:30:37.563 [main] INFO com.gien.gits.adapter.skill.DshHttpSkillExecutionAdapter -- [SKILL-HTTP] execute skillId=skill-customer-previsit-report requestId=req-abc customerId=CUST-CORP-0001 async=false url=http://dsh.local:3080/api/skill/execute
00:30:37.567 [main] INFO com.gien.gits.adapter.skill.DshHttpSkillExecutionAdapter -- DshHttpSkillExecutionAdapter configured: base-url=http://dsh.local:3080 execute=/api/skill/execute jobs=/v1/jobs
00:30:37.567 [main] INFO com.gien.gits.adapter.skill.DshHttpSkillExecutionAdapter -- [SKILL-HTTP] execute skillId=skill-customer-previsit-report requestId=req-abc customerId=CUST-CORP-0001 async=false url=http://dsh.local:3080/api/skill/execute
00:30:37.568 [main] ERROR com.gien.gits.adapter.skill.DshHttpSkillExecutionAdapter -- [SKILL-HTTP] SKILL HTTP 404 for skillId=skill-customer-previsit-report requestId=req-abc
00:30:37.570 [main] INFO com.gien.gits.adapter.skill.DshHttpSkillExecutionAdapter -- DshHttpSkillExecutionAdapter configured: base-url=http://dsh.local:3080 execute=/api/skill/execute jobs=/v1/jobs
00:30:37.570 [main] INFO com.gien.gits.adapter.skill.DshHttpSkillExecutionAdapter -- [SKILL-HTTP] execute skillId=skill-customer-previsit-report requestId=req-abc customerId=CUST-CORP-0001 async=true url=http://dsh.local:3080/api/skill/execute
00:30:37.571 [main] INFO com.gien.gits.adapter.skill.DshHttpSkillExecutionAdapter -- [SKILL-HTTP] async skillId=skill-customer-previsit-report requestId=req-abc jobId=JOB-SKILL-20260824-001
00:30:37.572 [main] INFO com.gien.gits.adapter.skill.DshJobPoller -- [SKILL-JOB] job=JOB-SKILL-20260824-001 COMPLETED
00:30:37.574 [main] INFO com.gien.gits.adapter.skill.DshHttpSkillExecutionAdapter -- DshHttpSkillExecutionAdapter configured: base-url=http://dsh.local:3080 execute=/api/skill/execute jobs=/v1/jobs
00:30:37.574 [main] INFO com.gien.gits.adapter.skill.DshHttpSkillExecutionAdapter -- [SKILL-HTTP] execute skillId=skill-customer-previsit-report requestId=req-abc customerId=CUST-CORP-0001 async=false url=http://dsh.local:3080/api/skill/execute
00:30:37.576 [main] INFO com.gien.gits.adapter.skill.DshHttpSkillExecutionAdapter -- DshHttpSkillExecutionAdapter configured: base-url=http://dsh.local:3080 execute=/api/skill/execute jobs=/v1/jobs
00:30:37.576 [main] INFO com.gien.gits.adapter.skill.DshHttpSkillExecutionAdapter -- [SKILL-HTTP] execute skillId=skill-customer-previsit-report requestId=req-abc customerId=CUST-CORP-0001 async=false url=http://dsh.local:3080/api/skill/execute
[INFO] Tests run: 8, Failures: 0, Errors: 0, Skipped: 0, Time elapsed: 0.026 s -- in com.gien.gits.adapter.skill.DshHttpSkillExecutionAdapterTest
[INFO] Running com.gien.gits.adapter.skill.DshJobPollerTest
00:30:37.580 [main] INFO com.gien.gits.adapter.skill.DshJobPoller -- [SKILL-JOB] job=JOB-TEST-001 status=RUNNING, polling...
00:30:37.591 [main] INFO com.gien.gits.adapter.skill.DshJobPoller -- [SKILL-JOB] job=JOB-TEST-001 COMPLETED
00:30:37.595 [main] INFO com.gien.gits.adapter.skill.DshJobPoller -- [SKILL-JOB] job=JOB-TEST-001 COMPLETED
00:30:37.598 [main] INFO com.gien.gits.adapter.skill.DshJobPoller -- [SKILL-JOB] job=JOB-TEST-001 status=RUNNING, polling...
00:30:37.699 [main] INFO com.gien.gits.adapter.skill.DshJobPoller -- [SKILL-JOB] job=JOB-TEST-001 status=RUNNING, polling...
00:30:37.699 [main] ERROR com.gien.gits.adapter.skill.DshJobPoller -- [SKILL-JOB] job=JOB-TEST-001 poll timeout after 150ms
00:30:37.705 [main] ERROR com.gien.gits.adapter.skill.DshJobPoller -- [SKILL-JOB] SKILL JOB HTTP 500 for jobId=JOB-TEST-001
00:30:37.708 [main] ERROR com.gien.gits.adapter.skill.DshJobPoller -- [SKILL-JOB] job=JOB-TEST-001 FAILED
[INFO] Tests run: 5, Failures: 0, Errors: 0, Skipped: 0, Time elapsed: 0.130 s -- in com.gien.gits.adapter.skill.DshJobPollerTest
[INFO] Running com.gien.gits.api.health.CrmHealthIndicatorTest
[INFO] Tests run: 3, Failures: 0, Errors: 0, Skipped: 0, Time elapsed: 0.049 s -- in com.gien.gits.api.health.CrmHealthIndicatorTest
[INFO] Running com.gien.gits.api.health.LlmHealthIndicatorTest
[INFO] Tests run: 3, Failures: 0, Errors: 0, Skipped: 0, Time elapsed: 0.003 s -- in com.gien.gits.api.health.LlmHealthIndicatorTest
[INFO] Running com.gien.gits.api.health.OracleHealthIndicatorTest
00:30:37.800 [main] WARN com.gien.gits.api.health.OracleHealthIndicator -- Oracle health check failed: Oracle connection failed
[INFO] Tests run: 3, Failures: 0, Errors: 0, Skipped: 0, Time elapsed: 0.038 s -- in com.gien.gits.api.health.OracleHealthIndicatorTest
[INFO] Running com.gien.gits.api.config.DatabaseConfigTest
00:30:37.858 [main] INFO org.springframework.test.context.support.AnnotationConfigContextLoaderUtils -- Could not detect default configuration classes for test class [com.gien.gits.api.config.DatabaseConfigTest]: DatabaseConfigTest does not declare any static, non-private, non-final, nested classes annotated with @Configuration.
00:30:37.963 [main] INFO org.springframework.boot.test.context.SpringBootTestContextBootstrapper -- Found @SpringBootConfiguration com.gien.gits.api.GitsKnoApiApplication for test class com.gien.gits.api.config.DatabaseConfigTest
2026-09-11 00:30:38.434 [main] INFO  c.g.g.api.config.DatabaseConfigTest [traceId=,spanId=] - Starting DatabaseConfigTest using Java 21.0.11 with PID 98186 (started by szf in /home/szf/dev/gits-cbanking/apps/api)
2026-09-11 00:30:38.435 [main] INFO  c.g.g.api.config.DatabaseConfigTest [traceId=,spanId=] - No active profile set, falling back to 1 default profile: "default"
2026-09-11 00:30:39.931 [main] INFO  com.zaxxer.hikari.HikariDataSource [traceId=,spanId=] - HikariPool-1 - Starting...
2026-09-11 00:30:40.138 [main] INFO  com.zaxxer.hikari.pool.HikariPool [traceId=,spanId=] - HikariPool-1 - Added connection conn0: url=jdbc:h2:mem:gitskno user=SA
2026-09-11 00:30:40.140 [main] INFO  com.zaxxer.hikari.HikariDataSource [traceId=,spanId=] - HikariPool-1 - Start completed.
2026-09-11 00:30:40.185 [main] INFO  org.flywaydb.core.FlywayExecutor [traceId=,spanId=] - Database: jdbc:h2:mem:gitskno (H2 2.3)
2026-09-11 00:30:40.221 [main] INFO  o.f.c.i.s.JdbcTableSchemaHistory [traceId=,spanId=] - Schema history table "PUBLIC"."flyway_schema_history" does not exist yet
2026-09-11 00:30:40.224 [main] INFO  o.f.core.internal.command.DbValidate [traceId=,spanId=] - Successfully validated 23 migrations (execution time 00:00.022s)
2026-09-11 00:30:40.228 [main] INFO  org.flywaydb.core.Flyway [traceId=,spanId=] - All configured schemas are empty; baseline operation skipped. A baseline or migration script with a lower version than the baseline version may execute if available. Check the Schemas parameter if this is not intended.
2026-09-11 00:30:40.229 [main] INFO  o.f.c.i.s.JdbcTableSchemaHistory [traceId=,spanId=] - Creating Schema History table "PUBLIC"."flyway_schema_history" ...
2026-09-11 00:30:40.254 [main] INFO  o.f.core.internal.command.DbMigrate [traceId=,spanId=] - Current version of schema "PUBLIC": << Empty Schema >>
2026-09-11 00:30:40.267 [main] INFO  o.f.core.internal.command.DbMigrate [traceId=,spanId=] - Migrating schema "PUBLIC" to version "001 - operational ontology core"
2026-09-11 00:30:40.303 [main] INFO  o.f.core.internal.command.DbMigrate [traceId=,spanId=] - Migrating schema "PUBLIC" to version "002 - interaction enriched"
2026-09-11 00:30:40.328 [main] INFO  o.f.core.internal.command.DbMigrate [traceId=,spanId=] - Migrating schema "PUBLIC" to version "003 - customer context"
2026-09-11 00:30:40.338 [main] INFO  o.f.core.internal.command.DbMigrate [traceId=,spanId=] - Migrating schema "PUBLIC" to version "004 - knowledge rules"
2026-09-11 00:30:40.346 [main] INFO  o.f.core.internal.command.DbMigrate [traceId=,spanId=] - Migrating schema "PUBLIC" to version "005 - operating enrichment"
2026-09-11 00:30:40.358 [main] INFO  o.f.core.internal.command.DbMigrate [traceId=,spanId=] - Migrating schema "PUBLIC" to version "006 - enum check constraints"
2026-09-11 00:30:40.363 [main] INFO  o.f.core.internal.command.DbMigrate [traceId=,spanId=] - Migrating schema "PUBLIC" to version "007 - postvisit analysis and previsit report content"
2026-09-11 00:30:40.369 [main] INFO  o.f.core.internal.command.DbMigrate [traceId=,spanId=] - Migrating schema "PUBLIC" to version "008 - transaction"
2026-09-11 00:30:40.374 [main] INFO  o.f.core.internal.command.DbMigrate [traceId=,spanId=] - Migrating schema "PUBLIC" to version "009 - outreach and meeting script"
2026-09-11 00:30:40.381 [main] INFO  o.f.core.internal.command.DbMigrate [traceId=,spanId=] - Migrating schema "PUBLIC" to version "010 - production indexes"
2026-09-11 00:30:40.388 [main] INFO  o.f.core.internal.command.DbMigrate [traceId=,spanId=] - Migrating schema "PUBLIC" to version "011 - v11 operational ontology entities"
2026-09-11 00:30:40.438 [main] INFO  o.f.core.internal.command.DbMigrate [traceId=,spanId=] - Migrating schema "PUBLIC" to version "012 - v11 human action entities"
2026-09-11 00:30:40.443 [main] INFO  o.f.core.internal.command.DbMigrate [traceId=,spanId=] - Migrating schema "PUBLIC" to version "013 - v11 extension entities"
2026-09-11 00:30:40.449 [main] INFO  o.f.core.internal.command.DbMigrate [traceId=,spanId=] - Migrating schema "PUBLIC" to version "014 - v11 seed data"
2026-09-11 00:30:40.462 [main] INFO  o.f.core.internal.command.DbMigrate [traceId=,spanId=] - Migrating schema "PUBLIC" to version "015 - v11 human gate audit trace"
2026-09-11 00:30:40.469 [main] INFO  o.f.core.internal.command.DbMigrate [traceId=,spanId=] - Migrating schema "PUBLIC" to version "016 - v11 seed data"
2026-09-11 00:30:40.475 [main] INFO  o.f.core.internal.command.DbMigrate [traceId=,spanId=] - Migrating schema "PUBLIC" to version "017 - v11 signal and gap seed data"
2026-09-11 00:30:40.480 [main] INFO  o.f.core.internal.command.DbMigrate [traceId=,spanId=] - Migrating schema "PUBLIC" to version "018 - customer seed data"
2026-09-11 00:30:40.484 [main] INFO  o.f.core.internal.command.DbMigrate [traceId=,spanId=] - Migrating schema "PUBLIC" to version "019 - previsit report content v11 columns"
2026-09-11 00:30:40.504 [main] INFO  o.f.core.internal.command.DbMigrate [traceId=,spanId=] - Migrating schema "PUBLIC" to version "020 - product recommendation"
2026-09-11 00:30:40.510 [main] INFO  o.f.core.internal.command.DbMigrate [traceId=,spanId=] - Migrating schema "PUBLIC" to version "021 - corporate product knowledge seed"
2026-09-11 00:30:40.516 [main] INFO  o.f.core.internal.command.DbMigrate [traceId=,spanId=] - Migrating schema "PUBLIC" to version "022 - operating case and opportunity seed"
2026-09-11 00:30:40.523 [main] INFO  o.f.core.internal.command.DbMigrate [traceId=,spanId=] - Migrating schema "PUBLIC" to version "023 - demo customer 0003 gap and signal"
2026-09-11 00:30:40.530 [main] INFO  o.f.core.internal.command.DbMigrate [traceId=,spanId=] - Successfully applied 23 migrations to schema "PUBLIC", now at version v023 (execution time 00:00.169s)
2026-09-11 00:30:41.279 [main] INFO  c.g.g.a.a.ClasspathScenarioDataProvider [traceId=,spanId=] - [ScenarioData] Classpath provider initialized: root=classpath:scenario-data/
2026-09-11 00:30:41.279 [main] INFO  c.g.g.api.config.ScenarioDataConfig [traceId=,spanId=] - [ScenarioData] Using Classpath provider (fallback)
2026-09-11 00:30:41.298 [main] WARN  c.g.g.a.s.ScenarioSeedDataService [traceId=,spanId=] - Customer data loaded but external events missing — will retry full load
2026-09-11 00:30:41.298 [main] INFO  c.g.g.a.s.ScenarioSeedDataService [traceId=,spanId=] - === Loading scenario seed data (provider=classpath) ===
2026-09-11 00:30:41.368 [main] INFO  c.g.g.a.s.ScenarioSeedDataService [traceId=,spanId=] - Loaded customer master: 3 new records
2026-09-11 00:30:41.372 [main] INFO  c.g.g.a.s.ScenarioSeedDataService [traceId=,spanId=] - Loaded legal entities: 3 records
2026-09-11 00:30:41.373 [main] INFO  c.g.g.a.s.ScenarioSeedDataService [traceId=,spanId=] - Loaded group relationships: 2 records
2026-09-11 00:30:41.374 [main] INFO  c.g.g.a.s.ScenarioSeedDataService [traceId=,spanId=] - Loaded bank relationship snapshot: 1 record
2026-09-11 00:30:41.376 [main] INFO  c.g.g.a.s.ScenarioSeedDataService [traceId=,spanId=] - Loaded credit facilities: 3 records
2026-09-11 00:30:41.377 [main] INFO  c.g.g.a.s.ScenarioSeedDataService [traceId=,spanId=] - Loaded product catalog: 3 records
2026-09-11 00:30:41.379 [main] INFO  c.g.g.a.s.ScenarioSeedDataService [traceId=,spanId=] - Loaded policy rules: 5 records
2026-09-11 00:30:41.383 [main] INFO  c.g.g.a.s.ScenarioSeedDataService [traceId=,spanId=] - Loaded external events: 6 records (V1.0: 4 + V1.1: 2)
2026-09-11 00:30:41.384 [main] INFO  c.g.g.a.s.ScenarioSeedDataService [traceId=,spanId=] - Loaded KYC gap profile: 1 record
2026-09-11 00:30:41.406 [main] INFO  c.g.g.a.s.ScenarioSeedDataService [traceId=,spanId=] - Loaded transactions: 85 records (12 months for CUST-CORP-0001)
2026-09-11 00:30:41.431 [main] INFO  c.g.g.a.s.ScenarioSeedDataService [traceId=,spanId=] - Loaded interactions: 22 records (6 customers, multiple channels)
2026-09-11 00:30:41.439 [main] INFO  c.g.g.a.s.ScenarioSeedDataService [traceId=,spanId=] - Loaded journeys: 3 new records
2026-09-11 00:30:41.441 [main] INFO  c.g.g.a.s.ScenarioSeedDataService [traceId=,spanId=] - Loaded journey reports: 5 new records
2026-09-11 00:30:41.447 [main] INFO  c.g.g.a.s.ScenarioSeedDataService [traceId=,spanId=] - Loaded claims: 12 new records
2026-09-11 00:30:41.447 [main] INFO  c.g.g.a.s.ScenarioSeedDataService [traceId=,spanId=] - === Scenario seed data loaded successfully (provider=classpath) ===
2026-09-11 00:30:41.961 [main] INFO  o.s.b.a.e.web.EndpointLinksResolver [traceId=,spanId=] - Exposing 3 endpoints beneath base path '/actuator'
2026-09-11 00:30:41.988 [main] WARN  o.s.b.a.s.s.UserDetailsServiceAutoConfiguration [traceId=,spanId=] - 

Using generated security password: a40946f8-5aca-4e9d-9913-25026c2bbf57

This generated password is for development use only. Your security configuration must be updated before running your application in production.

2026-09-11 00:30:41.997 [main] INFO  o.s.s.c.a.a.c.InitializeUserDetailsBeanManagerConfigurer$InitializeUserDetailsManagerConfigurer [traceId=,spanId=] - Global AuthenticationManager configured with UserDetailsService bean with name inMemoryUserDetailsManager
2026-09-11 00:30:42.157 [main] INFO  o.s.v.b.OptionalValidatorFactoryBean [traceId=,spanId=] - Failed to set up a Bean Validation provider: jakarta.validation.NoProviderFoundException: Unable to create a Configuration, because no Jakarta Bean Validation provider could be found. Add a provider like Hibernate Validator (RI) to your classpath.
2026-09-11 00:30:42.374 [main] INFO  o.s.b.a.h.H2ConsoleAutoConfiguration [traceId=,spanId=] - H2 console available at '/h2-console'. Database available at 'jdbc:h2:mem:gitskno'
2026-09-11 00:30:42.452 [main] INFO  o.s.s.config.TaskSchedulerRouter [traceId=,spanId=] - No TaskScheduler/ScheduledExecutorService bean found for scheduled processing
2026-09-11 00:30:42.456 [main] INFO  c.g.g.api.config.DatabaseConfigTest [traceId=,spanId=] - Started DatabaseConfigTest in 4.382 seconds (process running for 22.007)
[INFO] Tests run: 5, Failures: 0, Errors: 0, Skipped: 0, Time elapsed: 4.767 s -- in com.gien.gits.api.config.DatabaseConfigTest
[INFO] Running com.gien.gits.api.productknowledge.KertReleaseSnapshotAdapterTest
2026-09-11 00:30:42.574 [main] ERROR c.g.g.a.p.KertReleaseSnapshotAdapter [traceId=,spanId=] - [PK-INTERPRETATION] 快照目录不可达，受控失败: productId=PROD-CM-001 dir=/tmp/junit-13663048414022809979/does-not-exist
2026-09-11 00:30:42.589 [main] ERROR c.g.g.a.p.KertReleaseSnapshotAdapter [traceId=,spanId=] - [PK-INTERPRETATION] 投影解析失败，受控失败: productId=PROD-CM-001 file=/tmp/junit-2312322899560350956/PROD-CM-001.json
com.fasterxml.jackson.core.JsonParseException: Unexpected character ('t' (code 116)): was expecting double-quote to start field name
 at [Source: REDACTED (`StreamReadFeature.INCLUDE_SOURCE_IN_LOCATION` disabled); line: 1, column: 3]
	at com.fasterxml.jackson.core.JsonParser._constructReadException(JsonParser.java:2675)
	at com.fasterxml.jackson.core.base.ParserMinimalBase._reportUnexpectedChar(ParserMinimalBase.java:743)
	at com.fasterxml.jackson.core.json.UTF8StreamJsonParser._handleOddName(UTF8StreamJsonParser.java:2148)
	at com.fasterxml.jackson.core.json.UTF8StreamJsonParser._parseName(UTF8StreamJsonParser.java:1753)
	at com.fasterxml.jackson.core.json.UTF8StreamJsonParser.nextToken(UTF8StreamJsonParser.java:757)
	at com.fasterxml.jackson.databind.deser.BeanDeserializer.deserialize(BeanDeserializer.java:169)
	at com.fasterxml.jackson.databind.deser.DefaultDeserializationContext.readRootValue(DefaultDeserializationContext.java:342)
	at com.fasterxml.jackson.databind.ObjectMapper._readMapAndClose(ObjectMapper.java:5052)
	at com.fasterxml.jackson.databind.ObjectMapper.readValue(ObjectMapper.java:4015)
	at com.gien.gits.api.productknowledge.KertReleaseSnapshotAdapter.load(KertReleaseSnapshotAdapter.java:56)
	at com.gien.gits.api.productknowledge.KertReleaseSnapshotAdapterTest.lambda$corruptedProjectionIsFailedClosed$2(KertReleaseSnapshotAdapterTest.java:65)
	at org.assertj.core.api.ThrowableAssert.catchThrowable(ThrowableAssert.java:66)
	at org.assertj.core.api.AssertionsForClassTypes.catchThrowable(AssertionsForClassTypes.java:908)
	at org.assertj.core.api.Assertions.catchThrowable(Assertions.java:1476)
	at org.assertj.core.api.Assertions.assertThatThrownBy(Assertions.java:1319)
	at com.gien.gits.api.productknowledge.KertReleaseSnapshotAdapterTest.corruptedProjectionIsFailedClosed(KertReleaseSnapshotAdapterTest.java:65)
	at java.base/jdk.internal.reflect.DirectMethodHandleAccessor.invoke(DirectMethodHandleAccessor.java:103)
	at java.base/java.lang.reflect.Method.invoke(Method.java:580)
	at org.junit.platform.commons.util.ReflectionUtils.invokeMethod(ReflectionUtils.java:775)
	at org.junit.platform.commons.support.ReflectionSupport.invokeMethod(ReflectionSupport.java:479)
	at org.junit.jupiter.engine.execution.MethodInvocation.proceed(MethodInvocation.java:60)
	at org.junit.jupiter.engine.execution.InvocationInterceptorChain$ValidatingInvocation.proceed(InvocationInterceptorChain.java:131)
	at org.junit.jupiter.engine.extension.TimeoutExtension.intercept(TimeoutExtension.java:161)
	at org.junit.jupiter.engine.extension.TimeoutExtension.interceptTestableMethod(TimeoutExtension.java:152)
	at org.junit.jupiter.engine.extension.TimeoutExtension.interceptTestMethod(TimeoutExtension.java:91)
	at org.junit.jupiter.engine.execution.InterceptingExecutableInvoker$ReflectiveInterceptorCall.lambda$ofVoidMethod$0(InterceptingExecutableInvoker.java:112)
	at org.junit.jupiter.engine.execution.InterceptingExecutableInvoker.lambda$invoke$0(InterceptingExecutableInvoker.java:94)
	at org.junit.jupiter.engine.execution.InvocationInterceptorChain$InterceptedInvocation.proceed(InvocationInterceptorChain.java:106)
	at org.junit.jupiter.engine.execution.InvocationInterceptorChain.proceed(InvocationInterceptorChain.java:64)
	at org.junit.jupiter.engine.execution.InvocationInterceptorChain.chainAndInvoke(InvocationInterceptorChain.java:45)
	at org.junit.jupiter.engine.execution.InvocationInterceptorChain.invoke(InvocationInterceptorChain.java:37)
	at org.junit.jupiter.engine.execution.InterceptingExecutableInvoker.invoke(InterceptingExecutableInvoker.java:93)
	at org.junit.jupiter.engine.execution.InterceptingExecutableInvoker.invoke(InterceptingExecutableInvoker.java:87)
	at org.junit.jupiter.engine.descriptor.TestMethodTestDescriptor.lambda$invokeTestMethod$7(TestMethodTestDescriptor.java:216)
	at org.junit.platform.engine.support.hierarchical.ThrowableCollector.execute(ThrowableCollector.java:73)
	at org.junit.jupiter.engine.descriptor.TestMethodTestDescriptor.invokeTestMethod(TestMethodTestDescriptor.java:212)
	at org.junit.jupiter.engine.descriptor.TestMethodTestDescriptor.execute(TestMethodTestDescriptor.java:137)
	at org.junit.jupiter.engine.descriptor.TestMethodTestDescriptor.execute(TestMethodTestDescriptor.java:69)
	at org.junit.platform.engine.support.hierarchical.NodeTestTask.lambda$executeRecursively$6(NodeTestTask.java:156)
	at org.junit.platform.engine.support.hierarchical.ThrowableCollector.execute(ThrowableCollector.java:73)
	at org.junit.platform.engine.support.hierarchical.NodeTestTask.lambda$executeRecursively$8(NodeTestTask.java:146)
	at org.junit.platform.engine.support.hierarchical.Node.around(Node.java:137)
	at org.junit.platform.engine.support.hierarchical.NodeTestTask.lambda$executeRecursively$9(NodeTestTask.java:144)
	at org.junit.platform.engine.support.hierarchical.ThrowableCollector.execute(ThrowableCollector.java:73)
	at org.junit.platform.engine.support.hierarchical.NodeTestTask.executeRecursively(NodeTestTask.java:143)
	at org.junit.platform.engine.support.hierarchical.NodeTestTask.execute(NodeTestTask.java:100)
	at java.base/java.util.ArrayList.forEach(ArrayList.java:1596)
	at org.junit.platform.engine.support.hierarchical.SameThreadHierarchicalTestExecutorService.invokeAll(SameThreadHierarchicalTestExecutorService.java:41)
	at org.junit.platform.engine.support.hierarchical.NodeTestTask.lambda$executeRecursively$6(NodeTestTask.java:160)
	at org.junit.platform.engine.support.hierarchical.ThrowableCollector.execute(ThrowableCollector.java:73)
	at org.junit.platform.engine.support.hierarchical.NodeTestTask.lambda$executeRecursively$8(NodeTestTask.java:146)
	at org.junit.platform.engine.support.hierarchical.Node.around(Node.java:137)
	at org.junit.platform.engine.support.hierarchical.NodeTestTask.lambda$executeRecursively$9(NodeTestTask.java:144)
	at org.junit.platform.engine.support.hierarchical.ThrowableCollector.execute(ThrowableCollector.java:73)
	at org.junit.platform.engine.support.hierarchical.NodeTestTask.executeRecursively(NodeTestTask.java:143)
	at org.junit.platform.engine.support.hierarchical.NodeTestTask.execute(NodeTestTask.java:100)
	at java.base/java.util.ArrayList.forEach(ArrayList.java:1596)
	at org.junit.platform.engine.support.hierarchical.SameThreadHierarchicalTestExecutorService.invokeAll(SameThreadHierarchicalTestExecutorService.java:41)
	at org.junit.platform.engine.support.hierarchical.NodeTestTask.lambda$executeRecursively$6(NodeTestTask.java:160)
	at org.junit.platform.engine.support.hierarchical.ThrowableCollector.execute(ThrowableCollector.java:73)
	at org.junit.platform.engine.support.hierarchical.NodeTestTask.lambda$executeRecursively$8(NodeTestTask.java:146)
	at org.junit.platform.engine.support.hierarchical.Node.around(Node.java:137)
	at org.junit.platform.engine.support.hierarchical.NodeTestTask.lambda$executeRecursively$9(NodeTestTask.java:144)
	at org.junit.platform.engine.support.hierarchical.ThrowableCollector.execute(ThrowableCollector.java:73)
	at org.junit.platform.engine.support.hierarchical.NodeTestTask.executeRecursively(NodeTestTask.java:143)
	at org.junit.platform.engine.support.hierarchical.NodeTestTask.execute(NodeTestTask.java:100)
	at org.junit.platform.engine.support.hierarchical.SameThreadHierarchicalTestExecutorService.submit(SameThreadHierarchicalTestExecutorService.java:35)
	at org.junit.platform.engine.support.hierarchical.HierarchicalTestExecutor.execute(HierarchicalTestExecutor.java:57)
	at org.junit.platform.engine.support.hierarchical.HierarchicalTestEngine.execute(HierarchicalTestEngine.java:54)
	at org.junit.platform.launcher.core.EngineExecutionOrchestrator.execute(EngineExecutionOrchestrator.java:201)
	at org.junit.platform.launcher.core.EngineExecutionOrchestrator.execute(EngineExecutionOrchestrator.java:170)
	at org.junit.platform.launcher.core.EngineExecutionOrchestrator.execute(EngineExecutionOrchestrator.java:94)
	at org.junit.platform.launcher.core.EngineExecutionOrchestrator.lambda$execute$0(EngineExecutionOrchestrator.java:59)
	at org.junit.platform.launcher.core.EngineExecutionOrchestrator.withInterceptedStreams(EngineExecutionOrchestrator.java:142)
	at org.junit.platform.launcher.core.EngineExecutionOrchestrator.execute(EngineExecutionOrchestrator.java:58)
	at org.junit.platform.launcher.core.DefaultLauncher.execute(DefaultLauncher.java:103)
	at org.junit.platform.launcher.core.DefaultLauncher.execute(DefaultLauncher.java:85)
	at org.junit.platform.launcher.core.DelegatingLauncher.execute(DelegatingLauncher.java:47)
	at org.junit.platform.launcher.core.InterceptingLauncher.lambda$execute$1(InterceptingLauncher.java:39)
	at org.junit.platform.launcher.core.ClasspathAlignmentCheckingLauncherInterceptor.intercept(ClasspathAlignmentCheckingLauncherInterceptor.java:25)
	at org.junit.platform.launcher.core.InterceptingLauncher.execute(InterceptingLauncher.java:38)
	at org.junit.platform.launcher.core.DelegatingLauncher.execute(DelegatingLauncher.java:47)
	at org.apache.maven.surefire.junitplatform.LauncherAdapter.executeWithoutCancellationToken(LauncherAdapter.java:60)
	at org.apache.maven.surefire.junitplatform.LauncherAdapter.execute(LauncherAdapter.java:52)
	at org.apache.maven.surefire.junitplatform.JUnitPlatformProvider.execute(JUnitPlatformProvider.java:203)
	at org.apache.maven.surefire.junitplatform.JUnitPlatformProvider.invokeAllTests(JUnitPlatformProvider.java:168)
	at org.apache.maven.surefire.junitplatform.JUnitPlatformProvider.invoke(JUnitPlatformProvider.java:136)
	at org.apache.maven.surefire.booter.ForkedBooter.runSuitesInProcess(ForkedBooter.java:385)
	at org.apache.maven.surefire.booter.ForkedBooter.execute(ForkedBooter.java:162)
	at org.apache.maven.surefire.booter.ForkedBooter.run(ForkedBooter.java:507)
	at org.apache.maven.surefire.booter.ForkedBooter.main(ForkedBooter.java:495)
2026-09-11 00:30:42.592 [main] INFO  c.g.g.a.p.KertReleaseSnapshotAdapter [traceId=,spanId=] - [PK-INTERPRETATION] 无投影快照: productId=PROD-CM-001 path=/tmp/junit-16872420881955746580/PROD-CM-001.json
2026-09-11 00:30:42.595 [main] WARN  c.g.g.a.p.KertReleaseSnapshotAdapter [traceId=,spanId=] - [PK-INTERPRETATION] snapshot-dir 未配置，受控失败: productId=PROD-CM-001
2026-09-11 00:30:42.599 [main] INFO  c.g.g.a.p.KertReleaseSnapshotAdapter [traceId=,spanId=] - [PK-INTERPRETATION] 投影加载成功: productId=PROD-CM-001 releaseId=RLS-2026.09.06.1 lifecycle=PUBLISHED
[INFO] Tests run: 5, Failures: 0, Errors: 0, Skipped: 0, Time elapsed: 0.030 s -- in com.gien.gits.api.productknowledge.KertReleaseSnapshotAdapterTest
[INFO] Running com.gien.gits.api.productknowledge.ProductInterpretationControllerTest
2026-09-11 00:30:42.610 [main] INFO  o.s.v.b.OptionalValidatorFactoryBean [traceId=,spanId=] - Failed to set up a Bean Validation provider: jakarta.validation.NoProviderFoundException: Unable to create a Configuration, because no Jakarta Bean Validation provider could be found. Add a provider like Hibernate Validator (RI) to your classpath.
2026-09-11 00:30:42.617 [main] INFO  o.s.mock.web.MockServletContext [traceId=,spanId=] - Initializing Spring TestDispatcherServlet ''
2026-09-11 00:30:42.617 [main] INFO  o.s.t.w.s.TestDispatcherServlet [traceId=,spanId=] - Initializing Servlet ''
2026-09-11 00:30:42.617 [main] INFO  o.s.t.w.s.TestDispatcherServlet [traceId=,spanId=] - Completed initialization in 0 ms
2026-09-11 00:30:42.678 [main] INFO  o.s.v.b.OptionalValidatorFactoryBean [traceId=,spanId=] - Failed to set up a Bean Validation provider: jakarta.validation.NoProviderFoundException: Unable to create a Configuration, because no Jakarta Bean Validation provider could be found. Add a provider like Hibernate Validator (RI) to your classpath.
2026-09-11 00:30:42.683 [main] INFO  o.s.mock.web.MockServletContext [traceId=,spanId=] - Initializing Spring TestDispatcherServlet ''
2026-09-11 00:30:42.683 [main] INFO  o.s.t.w.s.TestDispatcherServlet [traceId=,spanId=] - Initializing Servlet ''
2026-09-11 00:30:42.684 [main] INFO  o.s.t.w.s.TestDispatcherServlet [traceId=,spanId=] - Completed initialization in 1 ms
2026-09-11 00:30:42.691 [main] INFO  o.s.v.b.OptionalValidatorFactoryBean [traceId=,spanId=] - Failed to set up a Bean Validation provider: jakarta.validation.NoProviderFoundException: Unable to create a Configuration, because no Jakarta Bean Validation provider could be found. Add a provider like Hibernate Validator (RI) to your classpath.
2026-09-11 00:30:42.695 [main] INFO  o.s.mock.web.MockServletContext [traceId=,spanId=] - Initializing Spring TestDispatcherServlet ''
2026-09-11 00:30:42.695 [main] INFO  o.s.t.w.s.TestDispatcherServlet [traceId=,spanId=] - Initializing Servlet ''
2026-09-11 00:30:42.695 [main] INFO  o.s.t.w.s.TestDispatcherServlet [traceId=,spanId=] - Completed initialization in 0 ms
2026-09-11 00:30:42.751 [main] INFO  o.s.v.b.OptionalValidatorFactoryBean [traceId=,spanId=] - Failed to set up a Bean Validation provider: jakarta.validation.NoProviderFoundException: Unable to create a Configuration, because no Jakarta Bean Validation provider could be found. Add a provider like Hibernate Validator (RI) to your classpath.
2026-09-11 00:30:42.754 [main] INFO  o.s.mock.web.MockServletContext [traceId=,spanId=] - Initializing Spring TestDispatcherServlet ''
2026-09-11 00:30:42.754 [main] INFO  o.s.t.w.s.TestDispatcherServlet [traceId=,spanId=] - Initializing Servlet ''
2026-09-11 00:30:42.754 [main] INFO  o.s.t.w.s.TestDispatcherServlet [traceId=,spanId=] - Completed initialization in 0 ms
2026-09-11 00:30:42.755 [main] ERROR c.g.g.a.p.ProductInterpretationController [traceId=,spanId=] - [PK-INTERPRETATION] 受控失败: KERT 解读快照目录未配置
2026-09-11 00:30:42.758 [main] INFO  o.s.v.b.OptionalValidatorFactoryBean [traceId=,spanId=] - Failed to set up a Bean Validation provider: jakarta.validation.NoProviderFoundException: Unable to create a Configuration, because no Jakarta Bean Validation provider could be found. Add a provider like Hibernate Validator (RI) to your classpath.
2026-09-11 00:30:42.760 [main] INFO  o.s.mock.web.MockServletContext [traceId=,spanId=] - Initializing Spring TestDispatcherServlet ''
2026-09-11 00:30:42.760 [main] INFO  o.s.t.w.s.TestDispatcherServlet [traceId=,spanId=] - Initializing Servlet ''
2026-09-11 00:30:42.761 [main] INFO  o.s.t.w.s.TestDispatcherServlet [traceId=,spanId=] - Completed initialization in 0 ms
2026-09-11 00:30:42.767 [main] INFO  o.s.v.b.OptionalValidatorFactoryBean [traceId=,spanId=] - Failed to set up a Bean Validation provider: jakarta.validation.NoProviderFoundException: Unable to create a Configuration, because no Jakarta Bean Validation provider could be found. Add a provider like Hibernate Validator (RI) to your classpath.
2026-09-11 00:30:42.771 [main] INFO  o.s.mock.web.MockServletContext [traceId=,spanId=] - Initializing Spring TestDispatcherServlet ''
2026-09-11 00:30:42.771 [main] INFO  o.s.t.w.s.TestDispatcherServlet [traceId=,spanId=] - Initializing Servlet ''
2026-09-11 00:30:42.772 [main] INFO  o.s.t.w.s.TestDispatcherServlet [traceId=,spanId=] - Completed initialization in 1 ms
2026-09-11 00:30:42.779 [main] INFO  o.s.v.b.OptionalValidatorFactoryBean [traceId=,spanId=] - Failed to set up a Bean Validation provider: jakarta.validation.NoProviderFoundException: Unable to create a Configuration, because no Jakarta Bean Validation provider could be found. Add a provider like Hibernate Validator (RI) to your classpath.
2026-09-11 00:30:42.786 [main] INFO  o.s.mock.web.MockServletContext [traceId=,spanId=] - Initializing Spring TestDispatcherServlet ''
2026-09-11 00:30:42.787 [main] INFO  o.s.t.w.s.TestDispatcherServlet [traceId=,spanId=] - Initializing Servlet ''
2026-09-11 00:30:42.787 [main] INFO  o.s.t.w.s.TestDispatcherServlet [traceId=,spanId=] - Completed initialization in 0 ms
2026-09-11 00:30:42.792 [main] INFO  o.s.v.b.OptionalValidatorFactoryBean [traceId=,spanId=] - Failed to set up a Bean Validation provider: jakarta.validation.NoProviderFoundException: Unable to create a Configuration, because no Jakarta Bean Validation provider could be found. Add a provider like Hibernate Validator (RI) to your classpath.
2026-09-11 00:30:42.797 [main] INFO  o.s.mock.web.MockServletContext [traceId=,spanId=] - Initializing Spring TestDispatcherServlet ''
2026-09-11 00:30:42.797 [main] INFO  o.s.t.w.s.TestDispatcherServlet [traceId=,spanId=] - Initializing Servlet ''
2026-09-11 00:30:42.797 [main] INFO  o.s.t.w.s.TestDispatcherServlet [traceId=,spanId=] - Completed initialization in 0 ms
2026-09-11 00:30:42.799 [main] INFO  c.g.g.a.p.ProductInterpretationController [traceId=,spanId=] - [PK-INTERPRETATION] productId=PROD-CM-001 releaseId=RLS-2026.09.06.1 view=ELIGIBILITY purpose=INTERPRETATION fields=1
2026-09-11 00:30:42.822 [main] INFO  o.s.v.b.OptionalValidatorFactoryBean [traceId=,spanId=] - Failed to set up a Bean Validation provider: jakarta.validation.NoProviderFoundException: Unable to create a Configuration, because no Jakarta Bean Validation provider could be found. Add a provider like Hibernate Validator (RI) to your classpath.
2026-09-11 00:30:42.827 [main] INFO  o.s.mock.web.MockServletContext [traceId=,spanId=] - Initializing Spring TestDispatcherServlet ''
2026-09-11 00:30:42.827 [main] INFO  o.s.t.w.s.TestDispatcherServlet [traceId=,spanId=] - Initializing Servlet ''
2026-09-11 00:30:42.827 [main] INFO  o.s.t.w.s.TestDispatcherServlet [traceId=,spanId=] - Completed initialization in 0 ms
2026-09-11 00:30:42.836 [main] INFO  o.s.v.b.OptionalValidatorFactoryBean [traceId=,spanId=] - Failed to set up a Bean Validation provider: jakarta.validation.NoProviderFoundException: Unable to create a Configuration, because no Jakarta Bean Validation provider could be found. Add a provider like Hibernate Validator (RI) to your classpath.
2026-09-11 00:30:42.839 [main] INFO  o.s.mock.web.MockServletContext [traceId=,spanId=] - Initializing Spring TestDispatcherServlet ''
2026-09-11 00:30:42.839 [main] INFO  o.s.t.w.s.TestDispatcherServlet [traceId=,spanId=] - Initializing Servlet ''
2026-09-11 00:30:42.839 [main] INFO  o.s.t.w.s.TestDispatcherServlet [traceId=,spanId=] - Completed initialization in 0 ms
[INFO] Tests run: 9, Failures: 0, Errors: 0, Skipped: 0, Time elapsed: 0.242 s -- in com.gien.gits.api.productknowledge.ProductInterpretationControllerTest
[INFO] Running com.gien.gits.api.tracing.TracingIntegrationTest
2026-09-11 00:30:42.846 [main] INFO  o.s.t.c.s.AnnotationConfigContextLoaderUtils [traceId=,spanId=] - Could not detect default configuration classes for test class [com.gien.gits.api.tracing.TracingIntegrationTest]: TracingIntegrationTest does not declare any static, non-private, non-final, nested classes annotated with @Configuration.
2026-09-11 00:30:42.856 [main] INFO  o.s.b.t.c.SpringBootTestContextBootstrapper [traceId=,spanId=] - Found @SpringBootConfiguration com.gien.gits.api.GitsKnoApiApplication for test class com.gien.gits.api.tracing.TracingIntegrationTest
2026-09-11 00:30:42.882 [main] INFO  c.g.g.a.t.TracingIntegrationTest [traceId=,spanId=] - Starting TracingIntegrationTest using Java 21.0.11 with PID 98186 (started by szf in /home/szf/dev/gits-cbanking/apps/api)
2026-09-11 00:30:42.882 [main] INFO  c.g.g.a.t.TracingIntegrationTest [traceId=,spanId=] - No active profile set, falling back to 1 default profile: "default"
2026-09-11 00:30:43.248 [main] INFO  com.zaxxer.hikari.HikariDataSource [traceId=,spanId=] - HikariPool-2 - Starting...
2026-09-11 00:30:43.249 [main] INFO  com.zaxxer.hikari.pool.HikariPool [traceId=,spanId=] - HikariPool-2 - Added connection conn3: url=jdbc:h2:mem:gitskno user=SA
2026-09-11 00:30:43.249 [main] INFO  com.zaxxer.hikari.HikariDataSource [traceId=,spanId=] - HikariPool-2 - Start completed.
2026-09-11 00:30:43.251 [main] INFO  org.flywaydb.core.FlywayExecutor [traceId=,spanId=] - Database: jdbc:h2:mem:gitskno (H2 2.3)
2026-09-11 00:30:43.264 [main] INFO  o.f.core.internal.command.DbValidate [traceId=,spanId=] - Successfully validated 23 migrations (execution time 00:00.011s)
2026-09-11 00:30:43.267 [main] INFO  o.f.core.internal.command.DbMigrate [traceId=,spanId=] - Current version of schema "PUBLIC": 023
2026-09-11 00:30:43.268 [main] INFO  o.f.core.internal.command.DbMigrate [traceId=,spanId=] - Schema "PUBLIC" is up to date. No migration necessary.
2026-09-11 00:30:43.440 [main] INFO  c.g.g.a.a.ClasspathScenarioDataProvider [traceId=,spanId=] - [ScenarioData] Classpath provider initialized: root=classpath:scenario-data/
2026-09-11 00:30:43.440 [main] INFO  c.g.g.api.config.ScenarioDataConfig [traceId=,spanId=] - [ScenarioData] Using Classpath provider (fallback)
2026-09-11 00:30:43.440 [main] INFO  c.g.g.a.s.ScenarioSeedDataService [traceId=,spanId=] - Seed data already loaded, skipping auto-load
2026-09-11 00:30:43.545 [main] INFO  o.s.b.a.e.web.EndpointLinksResolver [traceId=,spanId=] - Exposing 3 endpoints beneath base path '/actuator'
2026-09-11 00:30:43.554 [main] WARN  o.s.b.a.s.s.UserDetailsServiceAutoConfiguration [traceId=,spanId=] - 

Using generated security password: b4764875-2062-4c14-ba95-140af1e448eb

This generated password is for development use only. Your security configuration must be updated before running your application in production.

2026-09-11 00:30:43.554 [main] INFO  o.s.s.c.a.a.c.InitializeUserDetailsBeanManagerConfigurer$InitializeUserDetailsManagerConfigurer [traceId=,spanId=] - Global AuthenticationManager configured with UserDetailsService bean with name inMemoryUserDetailsManager
2026-09-11 00:30:43.582 [main] INFO  o.s.v.b.OptionalValidatorFactoryBean [traceId=,spanId=] - Failed to set up a Bean Validation provider: jakarta.validation.NoProviderFoundException: Unable to create a Configuration, because no Jakarta Bean Validation provider could be found. Add a provider like Hibernate Validator (RI) to your classpath.
2026-09-11 00:30:43.610 [main] INFO  o.s.b.a.h.H2ConsoleAutoConfiguration [traceId=,spanId=] - H2 console available at '/h2-console'. Database available at 'jdbc:h2:mem:gitskno'
2026-09-11 00:30:43.622 [main] INFO  o.s.b.t.m.w.SpringBootMockServletContext [traceId=,spanId=] - Initializing Spring TestDispatcherServlet ''
2026-09-11 00:30:43.622 [main] INFO  o.s.t.w.s.TestDispatcherServlet [traceId=,spanId=] - Initializing Servlet ''
2026-09-11 00:30:43.623 [main] INFO  o.s.t.w.s.TestDispatcherServlet [traceId=,spanId=] - Completed initialization in 1 ms
2026-09-11 00:30:43.641 [main] INFO  o.s.s.config.TaskSchedulerRouter [traceId=,spanId=] - No TaskScheduler/ScheduledExecutorService bean found for scheduled processing
2026-09-11 00:30:43.642 [main] INFO  c.g.g.a.t.TracingIntegrationTest [traceId=,spanId=] - Started TracingIntegrationTest in 0.783 seconds (process running for 23.194)
[INFO] Tests run: 3, Failures: 0, Errors: 0, Skipped: 0, Time elapsed: 0.862 s -- in com.gien.gits.api.tracing.TracingIntegrationTest
[INFO] Running com.gien.gits.api.adapter.ScenarioDataProviderTest
2026-09-11 00:30:43.709 [main] INFO  c.g.g.a.a.FileSystemScenarioDataProvider [traceId=,spanId=] - [ScenarioData] FileSystem provider initialized: root=/tmp/junit-8223119384572277729/scenario-data
2026-09-11 00:30:43.710 [main] INFO  c.g.g.a.a.ClasspathScenarioDataProvider [traceId=,spanId=] - [ScenarioData] Classpath provider initialized: root=classpath:scenario-data/
2026-09-11 00:30:43.711 [main] INFO  c.g.g.a.a.ClasspathScenarioDataProvider [traceId=,spanId=] - [ScenarioData] Classpath provider initialized: root=classpath:scenario-data/
2026-09-11 00:30:43.712 [main] INFO  c.g.g.a.a.ClasspathScenarioDataProvider [traceId=,spanId=] - [ScenarioData] Classpath provider initialized: root=classpath:scenario-data/
2026-09-11 00:30:43.713 [main] INFO  c.g.g.a.a.FileSystemScenarioDataProvider [traceId=,spanId=] - [ScenarioData] FileSystem provider initialized: root=/tmp/junit-3961323006835995998/scenario-data
2026-09-11 00:30:43.716 [main] INFO  c.g.g.a.a.FileSystemScenarioDataProvider [traceId=,spanId=] - [ScenarioData] FileSystem provider initialized: root=/tmp/junit-12765187137090120428/scenario-data
2026-09-11 00:30:43.718 [main] INFO  c.g.g.a.a.FileSystemScenarioDataProvider [traceId=,spanId=] - [ScenarioData] FileSystem provider initialized: root=/tmp/junit-15648722598533889958/scenario-data
2026-09-11 00:30:43.719 [main] INFO  c.g.g.a.a.FileSystemScenarioDataProvider [traceId=,spanId=] - [ScenarioData] FileSystem provider initialized: root=/tmp/junit-7004469465348342562/scenario-data
[INFO] Tests run: 9, Failures: 0, Errors: 0, Skipped: 0, Time elapsed: 0.012 s -- in com.gien.gits.api.adapter.ScenarioDataProviderTest
[INFO] Running com.gien.gits.api.controller.EvidenceVersionControllerTest
2026-09-11 00:30:43.724 [main] INFO  o.s.t.c.s.AnnotationConfigContextLoaderUtils [traceId=,spanId=] - Could not detect default configuration classes for test class [com.gien.gits.api.controller.EvidenceVersionControllerTest]: EvidenceVersionControllerTest does not declare any static, non-private, non-final, nested classes annotated with @Configuration.
2026-09-11 00:30:43.738 [main] INFO  o.s.b.t.c.SpringBootTestContextBootstrapper [traceId=,spanId=] - Found @SpringBootConfiguration com.gien.gits.api.GitsKnoApiApplication for test class com.gien.gits.api.controller.EvidenceVersionControllerTest
2026-09-11 00:30:43.757 [main] INFO  c.g.g.a.c.EvidenceVersionControllerTest [traceId=,spanId=] - Starting EvidenceVersionControllerTest using Java 21.0.11 with PID 98186 (started by szf in /home/szf/dev/gits-cbanking/apps/api)
2026-09-11 00:30:43.757 [main] INFO  c.g.g.a.c.EvidenceVersionControllerTest [traceId=,spanId=] - No active profile set, falling back to 1 default profile: "default"
2026-09-11 00:30:44.043 [main] INFO  o.s.v.b.OptionalValidatorFactoryBean [traceId=,spanId=] - Failed to set up a Bean Validation provider: jakarta.validation.NoProviderFoundException: Unable to create a Configuration, because no Jakarta Bean Validation provider could be found. Add a provider like Hibernate Validator (RI) to your classpath.
2026-09-11 00:30:44.069 [main] WARN  o.s.b.a.s.s.UserDetailsServiceAutoConfiguration [traceId=,spanId=] - 

Using generated security password: a82fb397-ce31-47b5-be6c-0b3e01c080b6

This generated password is for development use only. Your security configuration must be updated before running your application in production.

2026-09-11 00:30:44.070 [main] INFO  o.s.s.c.a.a.c.InitializeUserDetailsBeanManagerConfigurer$InitializeUserDetailsManagerConfigurer [traceId=,spanId=] - Global AuthenticationManager configured with UserDetailsService bean with name inMemoryUserDetailsManager
2026-09-11 00:30:44.093 [main] INFO  o.s.b.t.m.w.SpringBootMockServletContext [traceId=,spanId=] - Initializing Spring TestDispatcherServlet ''
2026-09-11 00:30:44.093 [main] INFO  o.s.t.w.s.TestDispatcherServlet [traceId=,spanId=] - Initializing Servlet ''
2026-09-11 00:30:44.093 [main] INFO  o.s.t.w.s.TestDispatcherServlet [traceId=,spanId=] - Completed initialization in 0 ms
2026-09-11 00:30:44.095 [main] INFO  c.g.g.a.c.EvidenceVersionControllerTest [traceId=,spanId=] - Started EvidenceVersionControllerTest in 0.355 seconds (process running for 23.647)
2026-09-11 00:30:44.101 [main] INFO  c.g.g.a.c.EvidenceVersionController [traceId=,spanId=] - Listing evidence versions: evidenceId=evidence-001
2026-09-11 00:30:44.115 [main] INFO  c.g.g.a.c.EvidenceVersionController [traceId=,spanId=] - Listing evidence versions: evidenceId=evidence-001
2026-09-11 00:30:44.120 [main] INFO  c.g.g.a.c.EvidenceVersionController [traceId=,spanId=] - Listing evidence versions: evidenceId=nonexistent
[INFO] Tests run: 3, Failures: 0, Errors: 0, Skipped: 0, Time elapsed: 0.408 s -- in com.gien.gits.api.controller.EvidenceVersionControllerTest
[INFO] Running com.gien.gits.api.controller.KycInsightControllerTest
2026-09-11 00:30:44.133 [main] INFO  o.s.t.c.s.AnnotationConfigContextLoaderUtils [traceId=,spanId=] - Could not detect default configuration classes for test class [com.gien.gits.api.controller.KycInsightControllerTest]: KycInsightControllerTest does not declare any static, non-private, non-final, nested classes annotated with @Configuration.
2026-09-11 00:30:44.137 [main] INFO  o.s.b.t.c.SpringBootTestContextBootstrapper [traceId=,spanId=] - Found @SpringBootConfiguration com.gien.gits.api.GitsKnoApiApplication for test class com.gien.gits.api.controller.KycInsightControllerTest
2026-09-11 00:30:44.150 [main] INFO  c.g.g.a.c.KycInsightControllerTest [traceId=,spanId=] - Starting KycInsightControllerTest using Java 21.0.11 with PID 98186 (started by szf in /home/szf/dev/gits-cbanking/apps/api)
2026-09-11 00:30:44.151 [main] INFO  c.g.g.a.c.KycInsightControllerTest [traceId=,spanId=] - No active profile set, falling back to 1 default profile: "default"
2026-09-11 00:30:44.342 [main] INFO  o.s.v.b.OptionalValidatorFactoryBean [traceId=,spanId=] - Failed to set up a Bean Validation provider: jakarta.validation.NoProviderFoundException: Unable to create a Configuration, because no Jakarta Bean Validation provider could be found. Add a provider like Hibernate Validator (RI) to your classpath.
2026-09-11 00:30:44.369 [main] WARN  o.s.b.a.s.s.UserDetailsServiceAutoConfiguration [traceId=,spanId=] - 

Using generated security password: bcf5d9a8-5b19-4f8b-aa08-089a7138cf7b

This generated password is for development use only. Your security configuration must be updated before running your application in production.

2026-09-11 00:30:44.369 [main] INFO  o.s.s.c.a.a.c.InitializeUserDetailsBeanManagerConfigurer$InitializeUserDetailsManagerConfigurer [traceId=,spanId=] - Global AuthenticationManager configured with UserDetailsService bean with name inMemoryUserDetailsManager
2026-09-11 00:30:44.375 [main] INFO  o.s.b.t.m.w.SpringBootMockServletContext [traceId=,spanId=] - Initializing Spring TestDispatcherServlet ''
2026-09-11 00:30:44.375 [main] INFO  o.s.t.w.s.TestDispatcherServlet [traceId=,spanId=] - Initializing Servlet ''
2026-09-11 00:30:44.375 [main] INFO  o.s.t.w.s.TestDispatcherServlet [traceId=,spanId=] - Completed initialization in 0 ms
2026-09-11 00:30:44.378 [main] INFO  c.g.g.a.c.KycInsightControllerTest [traceId=,spanId=] - Started KycInsightControllerTest in 0.239 seconds (process running for 23.929)
[INFO] Tests run: 5, Failures: 0, Errors: 0, Skipped: 0, Time elapsed: 0.308 s -- in com.gien.gits.api.controller.KycInsightControllerTest
[INFO] Running com.gien.gits.api.controller.EngagementJourneyControllerTest
2026-09-11 00:30:44.442 [main] INFO  o.s.t.c.s.AnnotationConfigContextLoaderUtils [traceId=,spanId=] - Could not detect default configuration classes for test class [com.gien.gits.api.controller.EngagementJourneyControllerTest]: EngagementJourneyControllerTest does not declare any static, non-private, non-final, nested classes annotated with @Configuration.
2026-09-11 00:30:44.451 [main] INFO  o.s.b.t.c.SpringBootTestContextBootstrapper [traceId=,spanId=] - Found @SpringBootConfiguration com.gien.gits.api.GitsKnoApiApplication for test class com.gien.gits.api.controller.EngagementJourneyControllerTest
2026-09-11 00:30:44.464 [main] INFO  c.g.g.a.c.EngagementJourneyControllerTest [traceId=,spanId=] - Starting EngagementJourneyControllerTest using Java 21.0.11 with PID 98186 (started by szf in /home/szf/dev/gits-cbanking/apps/api)
2026-09-11 00:30:44.464 [main] INFO  c.g.g.a.c.EngagementJourneyControllerTest [traceId=,spanId=] - No active profile set, falling back to 1 default profile: "default"
2026-09-11 00:30:45.046 [main] INFO  o.s.v.b.OptionalValidatorFactoryBean [traceId=,spanId=] - Failed to set up a Bean Validation provider: jakarta.validation.NoProviderFoundException: Unable to create a Configuration, because no Jakarta Bean Validation provider could be found. Add a provider like Hibernate Validator (RI) to your classpath.
2026-09-11 00:30:45.067 [main] WARN  o.s.b.a.s.s.UserDetailsServiceAutoConfiguration [traceId=,spanId=] - 

Using generated security password: 6c20de7c-56fc-4a44-832d-3391c71a8aea

This generated password is for development use only. Your security configuration must be updated before running your application in production.

2026-09-11 00:30:45.067 [main] INFO  o.s.s.c.a.a.c.InitializeUserDetailsBeanManagerConfigurer$InitializeUserDetailsManagerConfigurer [traceId=,spanId=] - Global AuthenticationManager configured with UserDetailsService bean with name inMemoryUserDetailsManager
2026-09-11 00:30:45.071 [main] INFO  o.s.b.t.m.w.SpringBootMockServletContext [traceId=,spanId=] - Initializing Spring TestDispatcherServlet ''
2026-09-11 00:30:45.071 [main] INFO  o.s.t.w.s.TestDispatcherServlet [traceId=,spanId=] - Initializing Servlet ''
2026-09-11 00:30:45.071 [main] INFO  o.s.t.w.s.TestDispatcherServlet [traceId=,spanId=] - Completed initialization in 0 ms
2026-09-11 00:30:45.072 [main] INFO  c.g.g.a.c.EngagementJourneyControllerTest [traceId=,spanId=] - Started EngagementJourneyControllerTest in 0.619 seconds (process running for 24.624)
[INFO] Tests run: 4, Failures: 0, Errors: 0, Skipped: 0, Time elapsed: 0.665 s -- in com.gien.gits.api.controller.EngagementJourneyControllerTest
[INFO] Running com.gien.gits.api.controller.CrmWritebackControllerTest
2026-09-11 00:30:45.108 [main] INFO  o.s.t.c.s.AnnotationConfigContextLoaderUtils [traceId=,spanId=] - Could not detect default configuration classes for test class [com.gien.gits.api.controller.CrmWritebackControllerTest]: CrmWritebackControllerTest does not declare any static, non-private, non-final, nested classes annotated with @Configuration.
2026-09-11 00:30:45.112 [main] INFO  o.s.b.t.c.SpringBootTestContextBootstrapper [traceId=,spanId=] - Found @SpringBootConfiguration com.gien.gits.api.GitsKnoApiApplication for test class com.gien.gits.api.controller.CrmWritebackControllerTest
2026-09-11 00:30:45.127 [main] INFO  c.g.g.a.c.CrmWritebackControllerTest [traceId=,spanId=] - Starting CrmWritebackControllerTest using Java 21.0.11 with PID 98186 (started by szf in /home/szf/dev/gits-cbanking/apps/api)
2026-09-11 00:30:45.127 [main] INFO  c.g.g.a.c.CrmWritebackControllerTest [traceId=,spanId=] - No active profile set, falling back to 1 default profile: "default"
2026-09-11 00:30:45.304 [main] INFO  o.s.v.b.OptionalValidatorFactoryBean [traceId=,spanId=] - Failed to set up a Bean Validation provider: jakarta.validation.NoProviderFoundException: Unable to create a Configuration, because no Jakarta Bean Validation provider could be found. Add a provider like Hibernate Validator (RI) to your classpath.
2026-09-11 00:30:45.325 [main] WARN  o.s.b.a.s.s.UserDetailsServiceAutoConfiguration [traceId=,spanId=] - 

Using generated security password: e1ef0146-ec6d-4758-92dc-a9e76637fb00

This generated password is for development use only. Your security configuration must be updated before running your application in production.

2026-09-11 00:30:45.326 [main] INFO  o.s.s.c.a.a.c.InitializeUserDetailsBeanManagerConfigurer$InitializeUserDetailsManagerConfigurer [traceId=,spanId=] - Global AuthenticationManager configured with UserDetailsService bean with name inMemoryUserDetailsManager
2026-09-11 00:30:45.331 [main] INFO  o.s.b.t.m.w.SpringBootMockServletContext [traceId=,spanId=] - Initializing Spring TestDispatcherServlet ''
2026-09-11 00:30:45.331 [main] INFO  o.s.t.w.s.TestDispatcherServlet [traceId=,spanId=] - Initializing Servlet ''
2026-09-11 00:30:45.331 [main] INFO  o.s.t.w.s.TestDispatcherServlet [traceId=,spanId=] - Completed initialization in 0 ms
2026-09-11 00:30:45.333 [main] INFO  c.g.g.a.c.CrmWritebackControllerTest [traceId=,spanId=] - Started CrmWritebackControllerTest in 0.219 seconds (process running for 24.885)
2026-09-11 00:30:45.337 [main] INFO  c.g.g.a.c.CrmWritebackController [traceId=,spanId=] - Getting CRM writeback command: commandId=crm-cmd-001
2026-09-11 00:30:45.350 [main] INFO  c.g.g.a.c.CrmWritebackController [traceId=,spanId=] - Listing CRM writeback commands: status=null, journeyId=null, customerId=CUST-001
2026-09-11 00:30:45.370 [main] INFO  c.g.g.a.c.CrmWritebackController [traceId=,spanId=] - Deciding CRM writeback command: commandId=crm-cmd-001, decision=APPROVE, actor=user-001
2026-09-11 00:30:45.375 [main] INFO  c.g.g.a.c.CrmWritebackController [traceId=,spanId=] - Getting CRM writeback command: commandId=nonexistent
2026-09-11 00:30:45.378 [main] INFO  c.g.g.a.c.CrmWritebackController [traceId=,spanId=] - Listing CRM writeback commands: status=null, journeyId=null, customerId=null
2026-09-11 00:30:45.382 [main] INFO  c.g.g.a.c.CrmWritebackController [traceId=,spanId=] - Listing CRM writeback commands: status=PENDING, journeyId=null, customerId=null
2026-09-11 00:30:45.387 [main] INFO  c.g.g.a.c.CrmWritebackController [traceId=,spanId=] - Listing CRM writeback commands: status=null, journeyId=jny-001, customerId=null
[INFO] Tests run: 7, Failures: 0, Errors: 0, Skipped: 0, Time elapsed: 0.282 s -- in com.gien.gits.api.controller.CrmWritebackControllerTest
[INFO] Running com.gien.gits.api.controller.KnowledgeRuleControllerTest
2026-09-11 00:30:45.391 [main] INFO  o.s.t.c.s.AnnotationConfigContextLoaderUtils [traceId=,spanId=] - Could not detect default configuration classes for test class [com.gien.gits.api.controller.KnowledgeRuleControllerTest]: KnowledgeRuleControllerTest does not declare any static, non-private, non-final, nested classes annotated with @Configuration.
2026-09-11 00:30:45.394 [main] INFO  o.s.b.t.c.SpringBootTestContextBootstrapper [traceId=,spanId=] - Found @SpringBootConfiguration com.gien.gits.api.GitsKnoApiApplication for test class com.gien.gits.api.controller.KnowledgeRuleControllerTest
2026-09-11 00:30:45.407 [main] INFO  c.g.g.a.c.KnowledgeRuleControllerTest [traceId=,spanId=] - Starting KnowledgeRuleControllerTest using Java 21.0.11 with PID 98186 (started by szf in /home/szf/dev/gits-cbanking/apps/api)
2026-09-11 00:30:45.407 [main] INFO  c.g.g.a.c.KnowledgeRuleControllerTest [traceId=,spanId=] - No active profile set, falling back to 1 default profile: "default"
2026-09-11 00:30:45.537 [main] INFO  o.s.v.b.OptionalValidatorFactoryBean [traceId=,spanId=] - Failed to set up a Bean Validation provider: jakarta.validation.NoProviderFoundException: Unable to create a Configuration, because no Jakarta Bean Validation provider could be found. Add a provider like Hibernate Validator (RI) to your classpath.
2026-09-11 00:30:45.562 [main] WARN  o.s.b.a.s.s.UserDetailsServiceAutoConfiguration [traceId=,spanId=] - 

Using generated security password: 2b2c1a3c-a3e2-4cea-a61b-e2c3b11deb92

This generated password is for development use only. Your security configuration must be updated before running your application in production.

2026-09-11 00:30:45.562 [main] INFO  o.s.s.c.a.a.c.InitializeUserDetailsBeanManagerConfigurer$InitializeUserDetailsManagerConfigurer [traceId=,spanId=] - Global AuthenticationManager configured with UserDetailsService bean with name inMemoryUserDetailsManager
2026-09-11 00:30:45.568 [main] INFO  o.s.b.t.m.w.SpringBootMockServletContext [traceId=,spanId=] - Initializing Spring TestDispatcherServlet ''
2026-09-11 00:30:45.568 [main] INFO  o.s.t.w.s.TestDispatcherServlet [traceId=,spanId=] - Initializing Servlet ''
2026-09-11 00:30:45.569 [main] INFO  o.s.t.w.s.TestDispatcherServlet [traceId=,spanId=] - Completed initialization in 1 ms
2026-09-11 00:30:45.571 [main] INFO  c.g.g.a.c.KnowledgeRuleControllerTest [traceId=,spanId=] - Started KnowledgeRuleControllerTest in 0.176 seconds (process running for 25.123)
[INFO] Tests run: 6, Failures: 0, Errors: 0, Skipped: 0, Time elapsed: 0.239 s -- in com.gien.gits.api.controller.KnowledgeRuleControllerTest
[INFO] Running com.gien.gits.api.controller.EvaluationControllerTest
[INFO] Running 评分结果映射
[INFO] Tests run: 1, Failures: 0, Errors: 0, Skipped: 0, Time elapsed: 0.255 s -- in 评分结果映射
[INFO] Running 上下文构建: ruleHitCount计算
[INFO] Tests run: 1, Failures: 0, Errors: 0, Skipped: 0, Time elapsed: 0.002 s -- in 上下文构建: ruleHitCount计算
[INFO] Running 上下文构建: lastDataUpdateAt计算
[INFO] Tests run: 2, Failures: 0, Errors: 0, Skipped: 0, Time elapsed: 0.004 s -- in 上下文构建: lastDataUpdateAt计算
[INFO] Running 上下文构建: evidenceCompleteCount计算
[INFO] Tests run: 1, Failures: 0, Errors: 0, Skipped: 0, Time elapsed: 0.002 s -- in 上下文构建: evidenceCompleteCount计算
[INFO] Running 案例不存在场景
[INFO] Tests run: 2, Failures: 0, Errors: 0, Skipped: 0, Time elapsed: 0.005 s -- in 案例不存在场景
[INFO] Tests run: 0, Failures: 0, Errors: 0, Skipped: 0, Time elapsed: 0.269 s -- in com.gien.gits.api.controller.EvaluationControllerTest
[INFO] Running com.gien.gits.api.controller.OperatingCaseControllerTest
2026-09-11 00:30:45.902 [main] INFO  o.s.t.c.s.AnnotationConfigContextLoaderUtils [traceId=,spanId=] - Could not detect default configuration classes for test class [com.gien.gits.api.controller.OperatingCaseControllerTest]: OperatingCaseControllerTest does not declare any static, non-private, non-final, nested classes annotated with @Configuration.
2026-09-11 00:30:45.907 [main] INFO  o.s.b.t.c.SpringBootTestContextBootstrapper [traceId=,spanId=] - Found @SpringBootConfiguration com.gien.gits.api.GitsKnoApiApplication for test class com.gien.gits.api.controller.OperatingCaseControllerTest
2026-09-11 00:30:45.923 [main] INFO  c.g.g.a.c.OperatingCaseControllerTest [traceId=,spanId=] - Starting OperatingCaseControllerTest using Java 21.0.11 with PID 98186 (started by szf in /home/szf/dev/gits-cbanking/apps/api)
2026-09-11 00:30:45.923 [main] INFO  c.g.g.a.c.OperatingCaseControllerTest [traceId=,spanId=] - No active profile set, falling back to 1 default profile: "default"
2026-09-11 00:30:46.062 [main] INFO  o.s.v.b.OptionalValidatorFactoryBean [traceId=,spanId=] - Failed to set up a Bean Validation provider: jakarta.validation.NoProviderFoundException: Unable to create a Configuration, because no Jakarta Bean Validation provider could be found. Add a provider like Hibernate Validator (RI) to your classpath.
2026-09-11 00:30:46.086 [main] WARN  o.s.b.a.s.s.UserDetailsServiceAutoConfiguration [traceId=,spanId=] - 

Using generated security password: 19869368-e02e-4c2f-9564-278e62bec2e2

This generated password is for development use only. Your security configuration must be updated before running your application in production.

2026-09-11 00:30:46.086 [main] INFO  o.s.s.c.a.a.c.InitializeUserDetailsBeanManagerConfigurer$InitializeUserDetailsManagerConfigurer [traceId=,spanId=] - Global AuthenticationManager configured with UserDetailsService bean with name inMemoryUserDetailsManager
2026-09-11 00:30:46.092 [main] INFO  o.s.b.t.m.w.SpringBootMockServletContext [traceId=,spanId=] - Initializing Spring TestDispatcherServlet ''
2026-09-11 00:30:46.092 [main] INFO  o.s.t.w.s.TestDispatcherServlet [traceId=,spanId=] - Initializing Servlet ''
2026-09-11 00:30:46.093 [main] INFO  o.s.t.w.s.TestDispatcherServlet [traceId=,spanId=] - Completed initialization in 1 ms
2026-09-11 00:30:46.097 [main] INFO  c.g.g.a.c.OperatingCaseControllerTest [traceId=,spanId=] - Started OperatingCaseControllerTest in 0.187 seconds (process running for 25.648)
[INFO] Tests run: 4, Failures: 0, Errors: 0, Skipped: 0, Time elapsed: 0.223 s -- in com.gien.gits.api.controller.OperatingCaseControllerTest
[INFO] Running com.gien.gits.api.controller.SupplyChainGraphControllerTest
2026-09-11 00:30:46.124 [main] INFO  o.s.t.c.s.AnnotationConfigContextLoaderUtils [traceId=,spanId=] - Could not detect default configuration classes for test class [com.gien.gits.api.controller.SupplyChainGraphControllerTest]: SupplyChainGraphControllerTest does not declare any static, non-private, non-final, nested classes annotated with @Configuration.
2026-09-11 00:30:46.127 [main] INFO  o.s.b.t.c.SpringBootTestContextBootstrapper [traceId=,spanId=] - Found @SpringBootConfiguration com.gien.gits.api.GitsKnoApiApplication for test class com.gien.gits.api.controller.SupplyChainGraphControllerTest
2026-09-11 00:30:46.140 [main] INFO  c.g.g.a.c.SupplyChainGraphControllerTest [traceId=,spanId=] - Starting SupplyChainGraphControllerTest using Java 21.0.11 with PID 98186 (started by szf in /home/szf/dev/gits-cbanking/apps/api)
2026-09-11 00:30:46.140 [main] INFO  c.g.g.a.c.SupplyChainGraphControllerTest [traceId=,spanId=] - No active profile set, falling back to 1 default profile: "default"
2026-09-11 00:30:46.276 [main] INFO  o.s.v.b.OptionalValidatorFactoryBean [traceId=,spanId=] - Failed to set up a Bean Validation provider: jakarta.validation.NoProviderFoundException: Unable to create a Configuration, because no Jakarta Bean Validation provider could be found. Add a provider like Hibernate Validator (RI) to your classpath.
2026-09-11 00:30:46.293 [main] WARN  o.s.b.a.s.s.UserDetailsServiceAutoConfiguration [traceId=,spanId=] - 

Using generated security password: 1d6c059d-a240-4ad3-88ea-b12b023067c7

This generated password is for development use only. Your security configuration must be updated before running your application in production.

2026-09-11 00:30:46.293 [main] INFO  o.s.s.c.a.a.c.InitializeUserDetailsBeanManagerConfigurer$InitializeUserDetailsManagerConfigurer [traceId=,spanId=] - Global AuthenticationManager configured with UserDetailsService bean with name inMemoryUserDetailsManager
2026-09-11 00:30:46.303 [main] INFO  o.s.b.t.m.w.SpringBootMockServletContext [traceId=,spanId=] - Initializing Spring TestDispatcherServlet ''
2026-09-11 00:30:46.303 [main] INFO  o.s.t.w.s.TestDispatcherServlet [traceId=,spanId=] - Initializing Servlet ''
2026-09-11 00:30:46.303 [main] INFO  o.s.t.w.s.TestDispatcherServlet [traceId=,spanId=] - Completed initialization in 0 ms
2026-09-11 00:30:46.305 [main] INFO  c.g.g.a.c.SupplyChainGraphControllerTest [traceId=,spanId=] - Started SupplyChainGraphControllerTest in 0.177 seconds (process running for 25.856)
[INFO] Tests run: 2, Failures: 0, Errors: 0, Skipped: 0, Time elapsed: 0.208 s -- in com.gien.gits.api.controller.SupplyChainGraphControllerTest
[INFO] Running com.gien.gits.api.controller.CustomerContextControllerTest
2026-09-11 00:30:46.333 [main] INFO  o.s.t.c.s.AnnotationConfigContextLoaderUtils [traceId=,spanId=] - Could not detect default configuration classes for test class [com.gien.gits.api.controller.CustomerContextControllerTest]: CustomerContextControllerTest does not declare any static, non-private, non-final, nested classes annotated with @Configuration.
2026-09-11 00:30:46.337 [main] INFO  o.s.b.t.c.SpringBootTestContextBootstrapper [traceId=,spanId=] - Found @SpringBootConfiguration com.gien.gits.api.GitsKnoApiApplication for test class com.gien.gits.api.controller.CustomerContextControllerTest
2026-09-11 00:30:46.351 [main] INFO  c.g.g.a.c.CustomerContextControllerTest [traceId=,spanId=] - Starting CustomerContextControllerTest using Java 21.0.11 with PID 98186 (started by szf in /home/szf/dev/gits-cbanking/apps/api)
2026-09-11 00:30:46.351 [main] INFO  c.g.g.a.c.CustomerContextControllerTest [traceId=,spanId=] - No active profile set, falling back to 1 default profile: "default"
2026-09-11 00:30:46.658 [main] INFO  o.s.v.b.OptionalValidatorFactoryBean [traceId=,spanId=] - Failed to set up a Bean Validation provider: jakarta.validation.NoProviderFoundException: Unable to create a Configuration, because no Jakarta Bean Validation provider could be found. Add a provider like Hibernate Validator (RI) to your classpath.
2026-09-11 00:30:46.675 [main] WARN  o.s.b.a.s.s.UserDetailsServiceAutoConfiguration [traceId=,spanId=] - 

Using generated security password: 658fac2c-8332-46b9-b97e-8c512a645aab

This generated password is for development use only. Your security configuration must be updated before running your application in production.

2026-09-11 00:30:46.675 [main] INFO  o.s.s.c.a.a.c.InitializeUserDetailsBeanManagerConfigurer$InitializeUserDetailsManagerConfigurer [traceId=,spanId=] - Global AuthenticationManager configured with UserDetailsService bean with name inMemoryUserDetailsManager
2026-09-11 00:30:46.678 [main] INFO  o.s.b.t.m.w.SpringBootMockServletContext [traceId=,spanId=] - Initializing Spring TestDispatcherServlet ''
2026-09-11 00:30:46.678 [main] INFO  o.s.t.w.s.TestDispatcherServlet [traceId=,spanId=] - Initializing Servlet ''
2026-09-11 00:30:46.678 [main] INFO  o.s.t.w.s.TestDispatcherServlet [traceId=,spanId=] - Completed initialization in 0 ms
2026-09-11 00:30:46.680 [main] INFO  c.g.g.a.c.CustomerContextControllerTest [traceId=,spanId=] - Started CustomerContextControllerTest in 0.341 seconds (process running for 26.232)
[INFO] Tests run: 8, Failures: 0, Errors: 0, Skipped: 0, Time elapsed: 0.405 s -- in com.gien.gits.api.controller.CustomerContextControllerTest
[INFO] Running com.gien.gits.api.controller.ProductRecommendationControllerTest
2026-09-11 00:30:46.738 [main] INFO  o.s.t.c.s.AnnotationConfigContextLoaderUtils [traceId=,spanId=] - Could not detect default configuration classes for test class [com.gien.gits.api.controller.ProductRecommendationControllerTest]: ProductRecommendationControllerTest does not declare any static, non-private, non-final, nested classes annotated with @Configuration.
2026-09-11 00:30:46.741 [main] INFO  o.s.b.t.c.SpringBootTestContextBootstrapper [traceId=,spanId=] - Found @SpringBootConfiguration com.gien.gits.api.GitsKnoApiApplication for test class com.gien.gits.api.controller.ProductRecommendationControllerTest
2026-09-11 00:30:46.753 [main] INFO  c.g.g.a.c.ProductRecommendationControllerTest [traceId=,spanId=] - Starting ProductRecommendationControllerTest using Java 21.0.11 with PID 98186 (started by szf in /home/szf/dev/gits-cbanking/apps/api)
2026-09-11 00:30:46.753 [main] INFO  c.g.g.a.c.ProductRecommendationControllerTest [traceId=,spanId=] - No active profile set, falling back to 1 default profile: "default"
2026-09-11 00:30:46.974 [main] INFO  o.s.v.b.OptionalValidatorFactoryBean [traceId=,spanId=] - Failed to set up a Bean Validation provider: jakarta.validation.NoProviderFoundException: Unable to create a Configuration, because no Jakarta Bean Validation provider could be found. Add a provider like Hibernate Validator (RI) to your classpath.
2026-09-11 00:30:46.995 [main] WARN  o.s.b.a.s.s.UserDetailsServiceAutoConfiguration [traceId=,spanId=] - 

Using generated security password: e7cc7415-3640-4d19-9629-734314f52c42

This generated password is for development use only. Your security configuration must be updated before running your application in production.

2026-09-11 00:30:46.995 [main] INFO  o.s.s.c.a.a.c.InitializeUserDetailsBeanManagerConfigurer$InitializeUserDetailsManagerConfigurer [traceId=,spanId=] - Global AuthenticationManager configured with UserDetailsService bean with name inMemoryUserDetailsManager
2026-09-11 00:30:47.000 [main] INFO  o.s.b.t.m.w.SpringBootMockServletContext [traceId=,spanId=] - Initializing Spring TestDispatcherServlet ''
2026-09-11 00:30:47.000 [main] INFO  o.s.t.w.s.TestDispatcherServlet [traceId=,spanId=] - Initializing Servlet ''
2026-09-11 00:30:47.000 [main] INFO  o.s.t.w.s.TestDispatcherServlet [traceId=,spanId=] - Completed initialization in 0 ms
2026-09-11 00:30:47.003 [main] INFO  c.g.g.a.c.ProductRecommendationControllerTest [traceId=,spanId=] - Started ProductRecommendationControllerTest in 0.261 seconds (process running for 26.554)
2026-09-11 00:30:47.021 [main] WARN  c.g.g.a.c.RecommendationExceptionHandler [traceId=,spanId=] - Recommendation gate precondition failed: code=NOT_RETRYABLE message=仅 REQUESTED 可重试
2026-09-11 00:30:47.036 [main] WARN  c.g.g.a.c.GlobalExceptionHandler [traceId=,spanId=] - Invalid argument: Idempotency-Key header is required
java.lang.IllegalArgumentException: Idempotency-Key header is required
	at com.gien.gits.api.controller.ProductRecommendationController.createRun(ProductRecommendationController.java:59)
	at java.base/jdk.internal.reflect.DirectMethodHandleAccessor.invoke(DirectMethodHandleAccessor.java:103)
	at java.base/java.lang.reflect.Method.invoke(Method.java:580)
	at org.springframework.web.method.support.InvocableHandlerMethod.doInvoke(InvocableHandlerMethod.java:258)
	at org.springframework.web.method.support.InvocableHandlerMethod.invokeForRequest(InvocableHandlerMethod.java:191)
	at org.springframework.web.servlet.mvc.method.annotation.ServletInvocableHandlerMethod.invokeAndHandle(ServletInvocableHandlerMethod.java:118)
	at org.springframework.web.servlet.mvc.method.annotation.RequestMappingHandlerAdapter.invokeHandlerMethod(RequestMappingHandlerAdapter.java:991)
	at org.springframework.web.servlet.mvc.method.annotation.RequestMappingHandlerAdapter.handleInternal(RequestMappingHandlerAdapter.java:896)
	at org.springframework.web.servlet.mvc.method.AbstractHandlerMethodAdapter.handle(AbstractHandlerMethodAdapter.java:87)
	at org.springframework.web.servlet.DispatcherServlet.doDispatch(DispatcherServlet.java:1089)
	at org.springframework.web.servlet.DispatcherServlet.doService(DispatcherServlet.java:979)
	at org.springframework.web.servlet.FrameworkServlet.processRequest(FrameworkServlet.java:1014)
	at org.springframework.web.servlet.FrameworkServlet.doPost(FrameworkServlet.java:914)
	at jakarta.servlet.http.HttpServlet.service(HttpServlet.java:590)
	at org.springframework.web.servlet.FrameworkServlet.service(FrameworkServlet.java:885)
	at org.springframework.test.web.servlet.TestDispatcherServlet.service(TestDispatcherServlet.java:72)
	at jakarta.servlet.http.HttpServlet.service(HttpServlet.java:658)
	at org.springframework.mock.web.MockFilterChain$ServletFilterProxy.doFilter(MockFilterChain.java:165)
	at org.springframework.mock.web.MockFilterChain.doFilter(MockFilterChain.java:132)
	at org.springframework.test.web.servlet.MockMvc.perform(MockMvc.java:201)
	at com.gien.gits.api.controller.ProductRecommendationControllerTest.createRun_missingIdempotencyKey_returns400(ProductRecommendationControllerTest.java:108)
	at java.base/jdk.internal.reflect.DirectMethodHandleAccessor.invoke(DirectMethodHandleAccessor.java:103)
	at java.base/java.lang.reflect.Method.invoke(Method.java:580)
	at org.junit.platform.commons.util.ReflectionUtils.invokeMethod(ReflectionUtils.java:775)
	at org.junit.platform.commons.support.ReflectionSupport.invokeMethod(ReflectionSupport.java:479)
	at org.junit.jupiter.engine.execution.MethodInvocation.proceed(MethodInvocation.java:60)
	at org.junit.jupiter.engine.execution.InvocationInterceptorChain$ValidatingInvocation.proceed(InvocationInterceptorChain.java:131)
	at org.junit.jupiter.engine.extension.TimeoutExtension.intercept(TimeoutExtension.java:161)
	at org.junit.jupiter.engine.extension.TimeoutExtension.interceptTestableMethod(TimeoutExtension.java:152)
	at org.junit.jupiter.engine.extension.TimeoutExtension.interceptTestMethod(TimeoutExtension.java:91)
	at org.junit.jupiter.engine.execution.InterceptingExecutableInvoker$ReflectiveInterceptorCall.lambda$ofVoidMethod$0(InterceptingExecutableInvoker.java:112)
	at org.junit.jupiter.engine.execution.InterceptingExecutableInvoker.lambda$invoke$0(InterceptingExecutableInvoker.java:94)
	at org.junit.jupiter.engine.execution.InvocationInterceptorChain$InterceptedInvocation.proceed(InvocationInterceptorChain.java:106)
	at org.junit.jupiter.engine.execution.InvocationInterceptorChain.proceed(InvocationInterceptorChain.java:64)
	at org.junit.jupiter.engine.execution.InvocationInterceptorChain.chainAndInvoke(InvocationInterceptorChain.java:45)
	at org.junit.jupiter.engine.execution.InvocationInterceptorChain.invoke(InvocationInterceptorChain.java:37)
	at org.junit.jupiter.engine.execution.InterceptingExecutableInvoker.invoke(InterceptingExecutableInvoker.java:93)
	at org.junit.jupiter.engine.execution.InterceptingExecutableInvoker.invoke(InterceptingExecutableInvoker.java:87)
	at org.junit.jupiter.engine.descriptor.TestMethodTestDescriptor.lambda$invokeTestMethod$7(TestMethodTestDescriptor.java:216)
	at org.junit.platform.engine.support.hierarchical.ThrowableCollector.execute(ThrowableCollector.java:73)
	at org.junit.jupiter.engine.descriptor.TestMethodTestDescriptor.invokeTestMethod(TestMethodTestDescriptor.java:212)
	at org.junit.jupiter.engine.descriptor.TestMethodTestDescriptor.execute(TestMethodTestDescriptor.java:137)
	at org.junit.jupiter.engine.descriptor.TestMethodTestDescriptor.execute(TestMethodTestDescriptor.java:69)
	at org.junit.platform.engine.support.hierarchical.NodeTestTask.lambda$executeRecursively$6(NodeTestTask.java:156)
	at org.junit.platform.engine.support.hierarchical.ThrowableCollector.execute(ThrowableCollector.java:73)
	at org.junit.platform.engine.support.hierarchical.NodeTestTask.lambda$executeRecursively$8(NodeTestTask.java:146)
	at org.junit.platform.engine.support.hierarchical.Node.around(Node.java:137)
	at org.junit.platform.engine.support.hierarchical.NodeTestTask.lambda$executeRecursively$9(NodeTestTask.java:144)
	at org.junit.platform.engine.support.hierarchical.ThrowableCollector.execute(ThrowableCollector.java:73)
	at org.junit.platform.engine.support.hierarchical.NodeTestTask.executeRecursively(NodeTestTask.java:143)
	at org.junit.platform.engine.support.hierarchical.NodeTestTask.execute(NodeTestTask.java:100)
	at java.base/java.util.ArrayList.forEach(ArrayList.java:1596)
	at org.junit.platform.engine.support.hierarchical.SameThreadHierarchicalTestExecutorService.invokeAll(SameThreadHierarchicalTestExecutorService.java:41)
	at org.junit.platform.engine.support.hierarchical.NodeTestTask.lambda$executeRecursively$6(NodeTestTask.java:160)
	at org.junit.platform.engine.support.hierarchical.ThrowableCollector.execute(ThrowableCollector.java:73)
	at org.junit.platform.engine.support.hierarchical.NodeTestTask.lambda$executeRecursively$8(NodeTestTask.java:146)
	at org.junit.platform.engine.support.hierarchical.Node.around(Node.java:137)
	at org.junit.platform.engine.support.hierarchical.NodeTestTask.lambda$executeRecursively$9(NodeTestTask.java:144)
	at org.junit.platform.engine.support.hierarchical.ThrowableCollector.execute(ThrowableCollector.java:73)
	at org.junit.platform.engine.support.hierarchical.NodeTestTask.executeRecursively(NodeTestTask.java:143)
	at org.junit.platform.engine.support.hierarchical.NodeTestTask.execute(NodeTestTask.java:100)
	at java.base/java.util.ArrayList.forEach(ArrayList.java:1596)
	at org.junit.platform.engine.support.hierarchical.SameThreadHierarchicalTestExecutorService.invokeAll(SameThreadHierarchicalTestExecutorService.java:41)
	at org.junit.platform.engine.support.hierarchical.NodeTestTask.lambda$executeRecursively$6(NodeTestTask.java:160)
	at org.junit.platform.engine.support.hierarchical.ThrowableCollector.execute(ThrowableCollector.java:73)
	at org.junit.platform.engine.support.hierarchical.NodeTestTask.lambda$executeRecursively$8(NodeTestTask.java:146)
	at org.junit.platform.engine.support.hierarchical.Node.around(Node.java:137)
	at org.junit.platform.engine.support.hierarchical.NodeTestTask.lambda$executeRecursively$9(NodeTestTask.java:144)
	at org.junit.platform.engine.support.hierarchical.ThrowableCollector.execute(ThrowableCollector.java:73)
	at org.junit.platform.engine.support.hierarchical.NodeTestTask.executeRecursively(NodeTestTask.java:143)
	at org.junit.platform.engine.support.hierarchical.NodeTestTask.execute(NodeTestTask.java:100)
	at org.junit.platform.engine.support.hierarchical.SameThreadHierarchicalTestExecutorService.submit(SameThreadHierarchicalTestExecutorService.java:35)
	at org.junit.platform.engine.support.hierarchical.HierarchicalTestExecutor.execute(HierarchicalTestExecutor.java:57)
	at org.junit.platform.engine.support.hierarchical.HierarchicalTestEngine.execute(HierarchicalTestEngine.java:54)
	at org.junit.platform.launcher.core.EngineExecutionOrchestrator.execute(EngineExecutionOrchestrator.java:201)
	at org.junit.platform.launcher.core.EngineExecutionOrchestrator.execute(EngineExecutionOrchestrator.java:170)
	at org.junit.platform.launcher.core.EngineExecutionOrchestrator.execute(EngineExecutionOrchestrator.java:94)
	at org.junit.platform.launcher.core.EngineExecutionOrchestrator.lambda$execute$0(EngineExecutionOrchestrator.java:59)
	at org.junit.platform.launcher.core.EngineExecutionOrchestrator.withInterceptedStreams(EngineExecutionOrchestrator.java:142)
	at org.junit.platform.launcher.core.EngineExecutionOrchestrator.execute(EngineExecutionOrchestrator.java:58)
	at org.junit.platform.launcher.core.DefaultLauncher.execute(DefaultLauncher.java:103)
	at org.junit.platform.launcher.core.DefaultLauncher.execute(DefaultLauncher.java:85)
	at org.junit.platform.launcher.core.DelegatingLauncher.execute(DelegatingLauncher.java:47)
	at org.junit.platform.launcher.core.InterceptingLauncher.lambda$execute$1(InterceptingLauncher.java:39)
	at org.junit.platform.launcher.core.ClasspathAlignmentCheckingLauncherInterceptor.intercept(ClasspathAlignmentCheckingLauncherInterceptor.java:25)
	at org.junit.platform.launcher.core.InterceptingLauncher.execute(InterceptingLauncher.java:38)
	at org.junit.platform.launcher.core.DelegatingLauncher.execute(DelegatingLauncher.java:47)
	at org.apache.maven.surefire.junitplatform.LauncherAdapter.executeWithoutCancellationToken(LauncherAdapter.java:60)
	at org.apache.maven.surefire.junitplatform.LauncherAdapter.execute(LauncherAdapter.java:52)
	at org.apache.maven.surefire.junitplatform.JUnitPlatformProvider.execute(JUnitPlatformProvider.java:203)
	at org.apache.maven.surefire.junitplatform.JUnitPlatformProvider.invokeAllTests(JUnitPlatformProvider.java:168)
	at org.apache.maven.surefire.junitplatform.JUnitPlatformProvider.invoke(JUnitPlatformProvider.java:136)
	at org.apache.maven.surefire.booter.ForkedBooter.runSuitesInProcess(ForkedBooter.java:385)
	at org.apache.maven.surefire.booter.ForkedBooter.execute(ForkedBooter.java:162)
	at org.apache.maven.surefire.booter.ForkedBooter.run(ForkedBooter.java:507)
	at org.apache.maven.surefire.booter.ForkedBooter.main(ForkedBooter.java:495)
2026-09-11 00:30:47.042 [main] INFO  c.g.g.a.c.ProductRecommendationController [traceId=,spanId=] - [PR-CTRL] createRun customerId=CUST-001 objective=补充流动资金融资方案 idem=IDEM-001
2026-09-11 00:30:47.049 [main] INFO  c.g.g.a.c.ProductRecommendationController [traceId=,spanId=] - [PR-CTRL] createRun customerId=CUST-001 objective=补充流动资金融资方案 idem=IDEM-001
2026-09-11 00:30:47.062 [main] INFO  c.g.g.a.c.ProductRecommendationController [traceId=,spanId=] - [PR-CTRL] createRun customerId=CUST-001 objective=补充流动资金融资方案 idem=IDEM-001
[INFO] Tests run: 14, Failures: 0, Errors: 0, Skipped: 0, Time elapsed: 0.328 s -- in com.gien.gits.api.controller.ProductRecommendationControllerTest
[INFO] Running com.gien.gits.api.controller.HumanGateControllerTest
2026-09-11 00:30:47.068 [main] INFO  o.s.t.c.s.AnnotationConfigContextLoaderUtils [traceId=,spanId=] - Could not detect default configuration classes for test class [com.gien.gits.api.controller.HumanGateControllerTest]: HumanGateControllerTest does not declare any static, non-private, non-final, nested classes annotated with @Configuration.
2026-09-11 00:30:47.071 [main] INFO  o.s.b.t.c.SpringBootTestContextBootstrapper [traceId=,spanId=] - Found @SpringBootConfiguration com.gien.gits.api.GitsKnoApiApplication for test class com.gien.gits.api.controller.HumanGateControllerTest
2026-09-11 00:30:47.081 [main] INFO  c.g.g.a.c.HumanGateControllerTest [traceId=,spanId=] - Starting HumanGateControllerTest using Java 21.0.11 with PID 98186 (started by szf in /home/szf/dev/gits-cbanking/apps/api)
2026-09-11 00:30:47.081 [main] INFO  c.g.g.a.c.HumanGateControllerTest [traceId=,spanId=] - No active profile set, falling back to 1 default profile: "default"
2026-09-11 00:30:47.282 [main] INFO  o.s.v.b.OptionalValidatorFactoryBean [traceId=,spanId=] - Failed to set up a Bean Validation provider: jakarta.validation.NoProviderFoundException: Unable to create a Configuration, because no Jakarta Bean Validation provider could be found. Add a provider like Hibernate Validator (RI) to your classpath.
2026-09-11 00:30:47.307 [main] WARN  o.s.b.a.s.s.UserDetailsServiceAutoConfiguration [traceId=,spanId=] - 

Using generated security password: 167768d2-8a5c-4353-91b1-38053fba8e61

This generated password is for development use only. Your security configuration must be updated before running your application in production.

2026-09-11 00:30:47.307 [main] INFO  o.s.s.c.a.a.c.InitializeUserDetailsBeanManagerConfigurer$InitializeUserDetailsManagerConfigurer [traceId=,spanId=] - Global AuthenticationManager configured with UserDetailsService bean with name inMemoryUserDetailsManager
2026-09-11 00:30:47.315 [main] INFO  o.s.b.t.m.w.SpringBootMockServletContext [traceId=,spanId=] - Initializing Spring TestDispatcherServlet ''
2026-09-11 00:30:47.315 [main] INFO  o.s.t.w.s.TestDispatcherServlet [traceId=,spanId=] - Initializing Servlet ''
2026-09-11 00:30:47.315 [main] INFO  o.s.t.w.s.TestDispatcherServlet [traceId=,spanId=] - Completed initialization in 0 ms
2026-09-11 00:30:47.318 [main] INFO  c.g.g.a.c.HumanGateControllerTest [traceId=,spanId=] - Started HumanGateControllerTest in 0.246 seconds (process running for 26.869)
2026-09-11 00:30:47.321 [main] INFO  c.g.g.a.c.HumanGateController [traceId=,spanId=] - Getting human gate: gateId=gate-001
2026-09-11 00:30:47.339 [main] INFO  c.g.g.a.c.HumanGateController [traceId=,spanId=] - Deciding HG-D01: gateId=HG-D01, decision=APPROVE, actor=RM-1, proposalVersionId=V2
2026-09-11 00:30:47.340 [main] WARN  c.g.g.a.c.RecommendationExceptionHandler [traceId=,spanId=] - Recommendation version conflict: stale proposal version
2026-09-11 00:30:47.348 [main] INFO  c.g.g.a.c.HumanGateController [traceId=,spanId=] - Deciding human gate: gateId=gate-001, decision=APPROVE, actor=user-001
2026-09-11 00:30:47.353 [main] INFO  c.g.g.a.c.HumanGateController [traceId=,spanId=] - Listing human gates: status=null, gateType=null, journeyId=null, customerId=null
2026-09-11 00:30:47.359 [main] INFO  c.g.g.a.c.HumanGateController [traceId=,spanId=] - Listing human gates: status=PENDING, gateType=null, journeyId=null, customerId=null
2026-09-11 00:30:47.364 [main] INFO  c.g.g.a.c.HumanGateController [traceId=,spanId=] - Deciding HG-D01: gateId=HG-D01, decision=APPROVE, actor=RM-1, proposalVersionId=V1
2026-09-11 00:30:47.372 [main] INFO  c.g.g.a.c.HumanGateController [traceId=,spanId=] - Getting human gate: gateId=nonexistent
[INFO] Tests run: 7, Failures: 0, Errors: 0, Skipped: 0, Time elapsed: 0.307 s -- in com.gien.gits.api.controller.HumanGateControllerTest
[INFO] Running com.gien.gits.api.controller.AuditTraceControllerTest
2026-09-11 00:30:47.375 [main] INFO  o.s.t.c.s.AnnotationConfigContextLoaderUtils [traceId=,spanId=] - Could not detect default configuration classes for test class [com.gien.gits.api.controller.AuditTraceControllerTest]: AuditTraceControllerTest does not declare any static, non-private, non-final, nested classes annotated with @Configuration.
2026-09-11 00:30:47.378 [main] INFO  o.s.b.t.c.SpringBootTestContextBootstrapper [traceId=,spanId=] - Found @SpringBootConfiguration com.gien.gits.api.GitsKnoApiApplication for test class com.gien.gits.api.controller.AuditTraceControllerTest
2026-09-11 00:30:47.394 [main] INFO  c.g.g.a.c.AuditTraceControllerTest [traceId=,spanId=] - Starting AuditTraceControllerTest using Java 21.0.11 with PID 98186 (started by szf in /home/szf/dev/gits-cbanking/apps/api)
2026-09-11 00:30:47.394 [main] INFO  c.g.g.a.c.AuditTraceControllerTest [traceId=,spanId=] - No active profile set, falling back to 1 default profile: "default"
2026-09-11 00:30:47.525 [main] INFO  o.s.v.b.OptionalValidatorFactoryBean [traceId=,spanId=] - Failed to set up a Bean Validation provider: jakarta.validation.NoProviderFoundException: Unable to create a Configuration, because no Jakarta Bean Validation provider could be found. Add a provider like Hibernate Validator (RI) to your classpath.
2026-09-11 00:30:47.547 [main] WARN  o.s.b.a.s.s.UserDetailsServiceAutoConfiguration [traceId=,spanId=] - 

Using generated security password: dd4865f3-25ba-4ed8-80b2-85adae1249cf

This generated password is for development use only. Your security configuration must be updated before running your application in production.

2026-09-11 00:30:47.547 [main] INFO  o.s.s.c.a.a.c.InitializeUserDetailsBeanManagerConfigurer$InitializeUserDetailsManagerConfigurer [traceId=,spanId=] - Global AuthenticationManager configured with UserDetailsService bean with name inMemoryUserDetailsManager
2026-09-11 00:30:47.551 [main] INFO  o.s.b.t.m.w.SpringBootMockServletContext [traceId=,spanId=] - Initializing Spring TestDispatcherServlet ''
2026-09-11 00:30:47.551 [main] INFO  o.s.t.w.s.TestDispatcherServlet [traceId=,spanId=] - Initializing Servlet ''
2026-09-11 00:30:47.551 [main] INFO  o.s.t.w.s.TestDispatcherServlet [traceId=,spanId=] - Completed initialization in 0 ms
2026-09-11 00:30:47.553 [main] INFO  c.g.g.a.c.AuditTraceControllerTest [traceId=,spanId=] - Started AuditTraceControllerTest in 0.173 seconds (process running for 27.105)
2026-09-11 00:30:47.556 [main] INFO  c.g.g.a.c.AuditTraceController [traceId=,spanId=] - Listing audit trace: entityType=null, entityId=null, actorId=null
2026-09-11 00:30:47.563 [main] INFO  c.g.g.a.c.AuditTraceController [traceId=,spanId=] - Listing audit trace: entityType=HumanGate, entityId=gate-001, actorId=null
[INFO] Tests run: 2, Failures: 0, Errors: 0, Skipped: 0, Time elapsed: 0.192 s -- in com.gien.gits.api.controller.AuditTraceControllerTest
[INFO] Running com.gien.gits.api.controller.GlobalExceptionHandlerTest
2026-09-11 00:30:47.568 [main] WARN  c.g.g.a.c.GlobalExceptionHandler [traceId=,spanId=] - Invalid argument: bad input
java.lang.IllegalArgumentException: bad input
	at com.gien.gits.api.controller.GlobalExceptionHandlerTest.handleIllegalArgument_returnsBadRequest(GlobalExceptionHandlerTest.java:24)
	at java.base/jdk.internal.reflect.DirectMethodHandleAccessor.invoke(DirectMethodHandleAccessor.java:103)
	at java.base/java.lang.reflect.Method.invoke(Method.java:580)
	at org.junit.platform.commons.util.ReflectionUtils.invokeMethod(ReflectionUtils.java:775)
	at org.junit.platform.commons.support.ReflectionSupport.invokeMethod(ReflectionSupport.java:479)
	at org.junit.jupiter.engine.execution.MethodInvocation.proceed(MethodInvocation.java:60)
	at org.junit.jupiter.engine.execution.InvocationInterceptorChain$ValidatingInvocation.proceed(InvocationInterceptorChain.java:131)
	at org.junit.jupiter.engine.extension.TimeoutExtension.intercept(TimeoutExtension.java:161)
	at org.junit.jupiter.engine.extension.TimeoutExtension.interceptTestableMethod(TimeoutExtension.java:152)
	at org.junit.jupiter.engine.extension.TimeoutExtension.interceptTestMethod(TimeoutExtension.java:91)
	at org.junit.jupiter.engine.execution.InterceptingExecutableInvoker$ReflectiveInterceptorCall.lambda$ofVoidMethod$0(InterceptingExecutableInvoker.java:112)
	at org.junit.jupiter.engine.execution.InterceptingExecutableInvoker.lambda$invoke$0(InterceptingExecutableInvoker.java:94)
	at org.junit.jupiter.engine.execution.InvocationInterceptorChain$InterceptedInvocation.proceed(InvocationInterceptorChain.java:106)
	at org.junit.jupiter.engine.execution.InvocationInterceptorChain.proceed(InvocationInterceptorChain.java:64)
	at org.junit.jupiter.engine.execution.InvocationInterceptorChain.chainAndInvoke(InvocationInterceptorChain.java:45)
	at org.junit.jupiter.engine.execution.InvocationInterceptorChain.invoke(InvocationInterceptorChain.java:37)
	at org.junit.jupiter.engine.execution.InterceptingExecutableInvoker.invoke(InterceptingExecutableInvoker.java:93)
	at org.junit.jupiter.engine.execution.InterceptingExecutableInvoker.invoke(InterceptingExecutableInvoker.java:87)
	at org.junit.jupiter.engine.descriptor.TestMethodTestDescriptor.lambda$invokeTestMethod$7(TestMethodTestDescriptor.java:216)
	at org.junit.platform.engine.support.hierarchical.ThrowableCollector.execute(ThrowableCollector.java:73)
	at org.junit.jupiter.engine.descriptor.TestMethodTestDescriptor.invokeTestMethod(TestMethodTestDescriptor.java:212)
	at org.junit.jupiter.engine.descriptor.TestMethodTestDescriptor.execute(TestMethodTestDescriptor.java:137)
	at org.junit.jupiter.engine.descriptor.TestMethodTestDescriptor.execute(TestMethodTestDescriptor.java:69)
	at org.junit.platform.engine.support.hierarchical.NodeTestTask.lambda$executeRecursively$6(NodeTestTask.java:156)
	at org.junit.platform.engine.support.hierarchical.ThrowableCollector.execute(ThrowableCollector.java:73)
	at org.junit.platform.engine.support.hierarchical.NodeTestTask.lambda$executeRecursively$8(NodeTestTask.java:146)
	at org.junit.platform.engine.support.hierarchical.Node.around(Node.java:137)
	at org.junit.platform.engine.support.hierarchical.NodeTestTask.lambda$executeRecursively$9(NodeTestTask.java:144)
	at org.junit.platform.engine.support.hierarchical.ThrowableCollector.execute(ThrowableCollector.java:73)
	at org.junit.platform.engine.support.hierarchical.NodeTestTask.executeRecursively(NodeTestTask.java:143)
	at org.junit.platform.engine.support.hierarchical.NodeTestTask.execute(NodeTestTask.java:100)
	at java.base/java.util.ArrayList.forEach(ArrayList.java:1596)
	at org.junit.platform.engine.support.hierarchical.SameThreadHierarchicalTestExecutorService.invokeAll(SameThreadHierarchicalTestExecutorService.java:41)
	at org.junit.platform.engine.support.hierarchical.NodeTestTask.lambda$executeRecursively$6(NodeTestTask.java:160)
	at org.junit.platform.engine.support.hierarchical.ThrowableCollector.execute(ThrowableCollector.java:73)
	at org.junit.platform.engine.support.hierarchical.NodeTestTask.lambda$executeRecursively$8(NodeTestTask.java:146)
	at org.junit.platform.engine.support.hierarchical.Node.around(Node.java:137)
	at org.junit.platform.engine.support.hierarchical.NodeTestTask.lambda$executeRecursively$9(NodeTestTask.java:144)
	at org.junit.platform.engine.support.hierarchical.ThrowableCollector.execute(ThrowableCollector.java:73)
	at org.junit.platform.engine.support.hierarchical.NodeTestTask.executeRecursively(NodeTestTask.java:143)
	at org.junit.platform.engine.support.hierarchical.NodeTestTask.execute(NodeTestTask.java:100)
	at java.base/java.util.ArrayList.forEach(ArrayList.java:1596)
	at org.junit.platform.engine.support.hierarchical.SameThreadHierarchicalTestExecutorService.invokeAll(SameThreadHierarchicalTestExecutorService.java:41)
	at org.junit.platform.engine.support.hierarchical.NodeTestTask.lambda$executeRecursively$6(NodeTestTask.java:160)
	at org.junit.platform.engine.support.hierarchical.ThrowableCollector.execute(ThrowableCollector.java:73)
	at org.junit.platform.engine.support.hierarchical.NodeTestTask.lambda$executeRecursively$8(NodeTestTask.java:146)
	at org.junit.platform.engine.support.hierarchical.Node.around(Node.java:137)
	at org.junit.platform.engine.support.hierarchical.NodeTestTask.lambda$executeRecursively$9(NodeTestTask.java:144)
	at org.junit.platform.engine.support.hierarchical.ThrowableCollector.execute(ThrowableCollector.java:73)
	at org.junit.platform.engine.support.hierarchical.NodeTestTask.executeRecursively(NodeTestTask.java:143)
	at org.junit.platform.engine.support.hierarchical.NodeTestTask.execute(NodeTestTask.java:100)
	at org.junit.platform.engine.support.hierarchical.SameThreadHierarchicalTestExecutorService.submit(SameThreadHierarchicalTestExecutorService.java:35)
	at org.junit.platform.engine.support.hierarchical.HierarchicalTestExecutor.execute(HierarchicalTestExecutor.java:57)
	at org.junit.platform.engine.support.hierarchical.HierarchicalTestEngine.execute(HierarchicalTestEngine.java:54)
	at org.junit.platform.launcher.core.EngineExecutionOrchestrator.execute(EngineExecutionOrchestrator.java:201)
	at org.junit.platform.launcher.core.EngineExecutionOrchestrator.execute(EngineExecutionOrchestrator.java:170)
	at org.junit.platform.launcher.core.EngineExecutionOrchestrator.execute(EngineExecutionOrchestrator.java:94)
	at org.junit.platform.launcher.core.EngineExecutionOrchestrator.lambda$execute$0(EngineExecutionOrchestrator.java:59)
	at org.junit.platform.launcher.core.EngineExecutionOrchestrator.withInterceptedStreams(EngineExecutionOrchestrator.java:142)
	at org.junit.platform.launcher.core.EngineExecutionOrchestrator.execute(EngineExecutionOrchestrator.java:58)
	at org.junit.platform.launcher.core.DefaultLauncher.execute(DefaultLauncher.java:103)
	at org.junit.platform.launcher.core.DefaultLauncher.execute(DefaultLauncher.java:85)
	at org.junit.platform.launcher.core.DelegatingLauncher.execute(DelegatingLauncher.java:47)
	at org.junit.platform.launcher.core.InterceptingLauncher.lambda$execute$1(InterceptingLauncher.java:39)
	at org.junit.platform.launcher.core.ClasspathAlignmentCheckingLauncherInterceptor.intercept(ClasspathAlignmentCheckingLauncherInterceptor.java:25)
	at org.junit.platform.launcher.core.InterceptingLauncher.execute(InterceptingLauncher.java:38)
	at org.junit.platform.launcher.core.DelegatingLauncher.execute(DelegatingLauncher.java:47)
	at org.apache.maven.surefire.junitplatform.LauncherAdapter.executeWithoutCancellationToken(LauncherAdapter.java:60)
	at org.apache.maven.surefire.junitplatform.LauncherAdapter.execute(LauncherAdapter.java:52)
	at org.apache.maven.surefire.junitplatform.JUnitPlatformProvider.execute(JUnitPlatformProvider.java:203)
	at org.apache.maven.surefire.junitplatform.JUnitPlatformProvider.invokeAllTests(JUnitPlatformProvider.java:168)
	at org.apache.maven.surefire.junitplatform.JUnitPlatformProvider.invoke(JUnitPlatformProvider.java:136)
	at org.apache.maven.surefire.booter.ForkedBooter.runSuitesInProcess(ForkedBooter.java:385)
	at org.apache.maven.surefire.booter.ForkedBooter.execute(ForkedBooter.java:162)
	at org.apache.maven.surefire.booter.ForkedBooter.run(ForkedBooter.java:507)
	at org.apache.maven.surefire.booter.ForkedBooter.main(ForkedBooter.java:495)
2026-09-11 00:30:47.570 [main] WARN  c.g.g.a.c.GlobalExceptionHandler [traceId=,spanId=] - No resource found: /api/v1/interactions
2026-09-11 00:30:47.571 [main] ERROR c.g.g.a.c.GlobalExceptionHandler [traceId=,spanId=] - Unhandled exception
java.lang.RuntimeException: oops
	at com.gien.gits.api.controller.GlobalExceptionHandlerTest.handleGeneral_returnsInternalServerError(GlobalExceptionHandlerTest.java:58)
	at java.base/jdk.internal.reflect.DirectMethodHandleAccessor.invoke(DirectMethodHandleAccessor.java:103)
	at java.base/java.lang.reflect.Method.invoke(Method.java:580)
	at org.junit.platform.commons.util.ReflectionUtils.invokeMethod(ReflectionUtils.java:775)
	at org.junit.platform.commons.support.ReflectionSupport.invokeMethod(ReflectionSupport.java:479)
	at org.junit.jupiter.engine.execution.MethodInvocation.proceed(MethodInvocation.java:60)
	at org.junit.jupiter.engine.execution.InvocationInterceptorChain$ValidatingInvocation.proceed(InvocationInterceptorChain.java:131)
	at org.junit.jupiter.engine.extension.TimeoutExtension.intercept(TimeoutExtension.java:161)
	at org.junit.jupiter.engine.extension.TimeoutExtension.interceptTestableMethod(TimeoutExtension.java:152)
	at org.junit.jupiter.engine.extension.TimeoutExtension.interceptTestMethod(TimeoutExtension.java:91)
	at org.junit.jupiter.engine.execution.InterceptingExecutableInvoker$ReflectiveInterceptorCall.lambda$ofVoidMethod$0(InterceptingExecutableInvoker.java:112)
	at org.junit.jupiter.engine.execution.InterceptingExecutableInvoker.lambda$invoke$0(InterceptingExecutableInvoker.java:94)
	at org.junit.jupiter.engine.execution.InvocationInterceptorChain$InterceptedInvocation.proceed(InvocationInterceptorChain.java:106)
	at org.junit.jupiter.engine.execution.InvocationInterceptorChain.proceed(InvocationInterceptorChain.java:64)
	at org.junit.jupiter.engine.execution.InvocationInterceptorChain.chainAndInvoke(InvocationInterceptorChain.java:45)
	at org.junit.jupiter.engine.execution.InvocationInterceptorChain.invoke(InvocationInterceptorChain.java:37)
	at org.junit.jupiter.engine.execution.InterceptingExecutableInvoker.invoke(InterceptingExecutableInvoker.java:93)
	at org.junit.jupiter.engine.execution.InterceptingExecutableInvoker.invoke(InterceptingExecutableInvoker.java:87)
	at org.junit.jupiter.engine.descriptor.TestMethodTestDescriptor.lambda$invokeTestMethod$7(TestMethodTestDescriptor.java:216)
	at org.junit.platform.engine.support.hierarchical.ThrowableCollector.execute(ThrowableCollector.java:73)
	at org.junit.jupiter.engine.descriptor.TestMethodTestDescriptor.invokeTestMethod(TestMethodTestDescriptor.java:212)
	at org.junit.jupiter.engine.descriptor.TestMethodTestDescriptor.execute(TestMethodTestDescriptor.java:137)
	at org.junit.jupiter.engine.descriptor.TestMethodTestDescriptor.execute(TestMethodTestDescriptor.java:69)
	at org.junit.platform.engine.support.hierarchical.NodeTestTask.lambda$executeRecursively$6(NodeTestTask.java:156)
	at org.junit.platform.engine.support.hierarchical.ThrowableCollector.execute(ThrowableCollector.java:73)
	at org.junit.platform.engine.support.hierarchical.NodeTestTask.lambda$executeRecursively$8(NodeTestTask.java:146)
	at org.junit.platform.engine.support.hierarchical.Node.around(Node.java:137)
	at org.junit.platform.engine.support.hierarchical.NodeTestTask.lambda$executeRecursively$9(NodeTestTask.java:144)
	at org.junit.platform.engine.support.hierarchical.ThrowableCollector.execute(ThrowableCollector.java:73)
	at org.junit.platform.engine.support.hierarchical.NodeTestTask.executeRecursively(NodeTestTask.java:143)
	at org.junit.platform.engine.support.hierarchical.NodeTestTask.execute(NodeTestTask.java:100)
	at java.base/java.util.ArrayList.forEach(ArrayList.java:1596)
	at org.junit.platform.engine.support.hierarchical.SameThreadHierarchicalTestExecutorService.invokeAll(SameThreadHierarchicalTestExecutorService.java:41)
	at org.junit.platform.engine.support.hierarchical.NodeTestTask.lambda$executeRecursively$6(NodeTestTask.java:160)
	at org.junit.platform.engine.support.hierarchical.ThrowableCollector.execute(ThrowableCollector.java:73)
	at org.junit.platform.engine.support.hierarchical.NodeTestTask.lambda$executeRecursively$8(NodeTestTask.java:146)
	at org.junit.platform.engine.support.hierarchical.Node.around(Node.java:137)
	at org.junit.platform.engine.support.hierarchical.NodeTestTask.lambda$executeRecursively$9(NodeTestTask.java:144)
	at org.junit.platform.engine.support.hierarchical.ThrowableCollector.execute(ThrowableCollector.java:73)
	at org.junit.platform.engine.support.hierarchical.NodeTestTask.executeRecursively(NodeTestTask.java:143)
	at org.junit.platform.engine.support.hierarchical.NodeTestTask.execute(NodeTestTask.java:100)
	at java.base/java.util.ArrayList.forEach(ArrayList.java:1596)
	at org.junit.platform.engine.support.hierarchical.SameThreadHierarchicalTestExecutorService.invokeAll(SameThreadHierarchicalTestExecutorService.java:41)
	at org.junit.platform.engine.support.hierarchical.NodeTestTask.lambda$executeRecursively$6(NodeTestTask.java:160)
	at org.junit.platform.engine.support.hierarchical.ThrowableCollector.execute(ThrowableCollector.java:73)
	at org.junit.platform.engine.support.hierarchical.NodeTestTask.lambda$executeRecursively$8(NodeTestTask.java:146)
	at org.junit.platform.engine.support.hierarchical.Node.around(Node.java:137)
	at org.junit.platform.engine.support.hierarchical.NodeTestTask.lambda$executeRecursively$9(NodeTestTask.java:144)
	at org.junit.platform.engine.support.hierarchical.ThrowableCollector.execute(ThrowableCollector.java:73)
	at org.junit.platform.engine.support.hierarchical.NodeTestTask.executeRecursively(NodeTestTask.java:143)
	at org.junit.platform.engine.support.hierarchical.NodeTestTask.execute(NodeTestTask.java:100)
	at org.junit.platform.engine.support.hierarchical.SameThreadHierarchicalTestExecutorService.submit(SameThreadHierarchicalTestExecutorService.java:35)
	at org.junit.platform.engine.support.hierarchical.HierarchicalTestExecutor.execute(HierarchicalTestExecutor.java:57)
	at org.junit.platform.engine.support.hierarchical.HierarchicalTestEngine.execute(HierarchicalTestEngine.java:54)
	at org.junit.platform.launcher.core.EngineExecutionOrchestrator.execute(EngineExecutionOrchestrator.java:201)
	at org.junit.platform.launcher.core.EngineExecutionOrchestrator.execute(EngineExecutionOrchestrator.java:170)
	at org.junit.platform.launcher.core.EngineExecutionOrchestrator.execute(EngineExecutionOrchestrator.java:94)
	at org.junit.platform.launcher.core.EngineExecutionOrchestrator.lambda$execute$0(EngineExecutionOrchestrator.java:59)
	at org.junit.platform.launcher.core.EngineExecutionOrchestrator.withInterceptedStreams(EngineExecutionOrchestrator.java:142)
	at org.junit.platform.launcher.core.EngineExecutionOrchestrator.execute(EngineExecutionOrchestrator.java:58)
	at org.junit.platform.launcher.core.DefaultLauncher.execute(DefaultLauncher.java:103)
	at org.junit.platform.launcher.core.DefaultLauncher.execute(DefaultLauncher.java:85)
	at org.junit.platform.launcher.core.DelegatingLauncher.execute(DelegatingLauncher.java:47)
	at org.junit.platform.launcher.core.InterceptingLauncher.lambda$execute$1(InterceptingLauncher.java:39)
	at org.junit.platform.launcher.core.ClasspathAlignmentCheckingLauncherInterceptor.intercept(ClasspathAlignmentCheckingLauncherInterceptor.java:25)
	at org.junit.platform.launcher.core.InterceptingLauncher.execute(InterceptingLauncher.java:38)
	at org.junit.platform.launcher.core.DelegatingLauncher.execute(DelegatingLauncher.java:47)
	at org.apache.maven.surefire.junitplatform.LauncherAdapter.executeWithoutCancellationToken(LauncherAdapter.java:60)
	at org.apache.maven.surefire.junitplatform.LauncherAdapter.execute(LauncherAdapter.java:52)
	at org.apache.maven.surefire.junitplatform.JUnitPlatformProvider.execute(JUnitPlatformProvider.java:203)
	at org.apache.maven.surefire.junitplatform.JUnitPlatformProvider.invokeAllTests(JUnitPlatformProvider.java:168)
	at org.apache.maven.surefire.junitplatform.JUnitPlatformProvider.invoke(JUnitPlatformProvider.java:136)
	at org.apache.maven.surefire.booter.ForkedBooter.runSuitesInProcess(ForkedBooter.java:385)
	at org.apache.maven.surefire.booter.ForkedBooter.execute(ForkedBooter.java:162)
	at org.apache.maven.surefire.booter.ForkedBooter.run(ForkedBooter.java:507)
	at org.apache.maven.surefire.booter.ForkedBooter.main(ForkedBooter.java:495)
2026-09-11 00:30:47.572 [main] WARN  c.g.g.a.c.GlobalExceptionHandler [traceId=,spanId=] - State conflict: conflict
java.lang.IllegalStateException: conflict
	at com.gien.gits.api.controller.GlobalExceptionHandlerTest.handleIllegalState_returnsConflict(GlobalExceptionHandlerTest.java:41)
	at java.base/jdk.internal.reflect.DirectMethodHandleAccessor.invoke(DirectMethodHandleAccessor.java:103)
	at java.base/java.lang.reflect.Method.invoke(Method.java:580)
	at org.junit.platform.commons.util.ReflectionUtils.invokeMethod(ReflectionUtils.java:775)
	at org.junit.platform.commons.support.ReflectionSupport.invokeMethod(ReflectionSupport.java:479)
	at org.junit.jupiter.engine.execution.MethodInvocation.proceed(MethodInvocation.java:60)
	at org.junit.jupiter.engine.execution.InvocationInterceptorChain$ValidatingInvocation.proceed(InvocationInterceptorChain.java:131)
	at org.junit.jupiter.engine.extension.TimeoutExtension.intercept(TimeoutExtension.java:161)
	at org.junit.jupiter.engine.extension.TimeoutExtension.interceptTestableMethod(TimeoutExtension.java:152)
	at org.junit.jupiter.engine.extension.TimeoutExtension.interceptTestMethod(TimeoutExtension.java:91)
	at org.junit.jupiter.engine.execution.InterceptingExecutableInvoker$ReflectiveInterceptorCall.lambda$ofVoidMethod$0(InterceptingExecutableInvoker.java:112)
	at org.junit.jupiter.engine.execution.InterceptingExecutableInvoker.lambda$invoke$0(InterceptingExecutableInvoker.java:94)
	at org.junit.jupiter.engine.execution.InvocationInterceptorChain$InterceptedInvocation.proceed(InvocationInterceptorChain.java:106)
	at org.junit.jupiter.engine.execution.InvocationInterceptorChain.proceed(InvocationInterceptorChain.java:64)
	at org.junit.jupiter.engine.execution.InvocationInterceptorChain.chainAndInvoke(InvocationInterceptorChain.java:45)
	at org.junit.jupiter.engine.execution.InvocationInterceptorChain.invoke(InvocationInterceptorChain.java:37)
	at org.junit.jupiter.engine.execution.InterceptingExecutableInvoker.invoke(InterceptingExecutableInvoker.java:93)
	at org.junit.jupiter.engine.execution.InterceptingExecutableInvoker.invoke(InterceptingExecutableInvoker.java:87)
	at org.junit.jupiter.engine.descriptor.TestMethodTestDescriptor.lambda$invokeTestMethod$7(TestMethodTestDescriptor.java:216)
	at org.junit.platform.engine.support.hierarchical.ThrowableCollector.execute(ThrowableCollector.java:73)
	at org.junit.jupiter.engine.descriptor.TestMethodTestDescriptor.invokeTestMethod(TestMethodTestDescriptor.java:212)
	at org.junit.jupiter.engine.descriptor.TestMethodTestDescriptor.execute(TestMethodTestDescriptor.java:137)
	at org.junit.jupiter.engine.descriptor.TestMethodTestDescriptor.execute(TestMethodTestDescriptor.java:69)
	at org.junit.platform.engine.support.hierarchical.NodeTestTask.lambda$executeRecursively$6(NodeTestTask.java:156)
	at org.junit.platform.engine.support.hierarchical.ThrowableCollector.execute(ThrowableCollector.java:73)
	at org.junit.platform.engine.support.hierarchical.NodeTestTask.lambda$executeRecursively$8(NodeTestTask.java:146)
	at org.junit.platform.engine.support.hierarchical.Node.around(Node.java:137)
	at org.junit.platform.engine.support.hierarchical.NodeTestTask.lambda$executeRecursively$9(NodeTestTask.java:144)
	at org.junit.platform.engine.support.hierarchical.ThrowableCollector.execute(ThrowableCollector.java:73)
	at org.junit.platform.engine.support.hierarchical.NodeTestTask.executeRecursively(NodeTestTask.java:143)
	at org.junit.platform.engine.support.hierarchical.NodeTestTask.execute(NodeTestTask.java:100)
	at java.base/java.util.ArrayList.forEach(ArrayList.java:1596)
	at org.junit.platform.engine.support.hierarchical.SameThreadHierarchicalTestExecutorService.invokeAll(SameThreadHierarchicalTestExecutorService.java:41)
	at org.junit.platform.engine.support.hierarchical.NodeTestTask.lambda$executeRecursively$6(NodeTestTask.java:160)
	at org.junit.platform.engine.support.hierarchical.ThrowableCollector.execute(ThrowableCollector.java:73)
	at org.junit.platform.engine.support.hierarchical.NodeTestTask.lambda$executeRecursively$8(NodeTestTask.java:146)
	at org.junit.platform.engine.support.hierarchical.Node.around(Node.java:137)
	at org.junit.platform.engine.support.hierarchical.NodeTestTask.lambda$executeRecursively$9(NodeTestTask.java:144)
	at org.junit.platform.engine.support.hierarchical.ThrowableCollector.execute(ThrowableCollector.java:73)
	at org.junit.platform.engine.support.hierarchical.NodeTestTask.executeRecursively(NodeTestTask.java:143)
	at org.junit.platform.engine.support.hierarchical.NodeTestTask.execute(NodeTestTask.java:100)
	at java.base/java.util.ArrayList.forEach(ArrayList.java:1596)
	at org.junit.platform.engine.support.hierarchical.SameThreadHierarchicalTestExecutorService.invokeAll(SameThreadHierarchicalTestExecutorService.java:41)
	at org.junit.platform.engine.support.hierarchical.NodeTestTask.lambda$executeRecursively$6(NodeTestTask.java:160)
	at org.junit.platform.engine.support.hierarchical.ThrowableCollector.execute(ThrowableCollector.java:73)
	at org.junit.platform.engine.support.hierarchical.NodeTestTask.lambda$executeRecursively$8(NodeTestTask.java:146)
	at org.junit.platform.engine.support.hierarchical.Node.around(Node.java:137)
	at org.junit.platform.engine.support.hierarchical.NodeTestTask.lambda$executeRecursively$9(NodeTestTask.java:144)
	at org.junit.platform.engine.support.hierarchical.ThrowableCollector.execute(ThrowableCollector.java:73)
	at org.junit.platform.engine.support.hierarchical.NodeTestTask.executeRecursively(NodeTestTask.java:143)
	at org.junit.platform.engine.support.hierarchical.NodeTestTask.execute(NodeTestTask.java:100)
	at org.junit.platform.engine.support.hierarchical.SameThreadHierarchicalTestExecutorService.submit(SameThreadHierarchicalTestExecutorService.java:35)
	at org.junit.platform.engine.support.hierarchical.HierarchicalTestExecutor.execute(HierarchicalTestExecutor.java:57)
	at org.junit.platform.engine.support.hierarchical.HierarchicalTestEngine.execute(HierarchicalTestEngine.java:54)
	at org.junit.platform.launcher.core.EngineExecutionOrchestrator.execute(EngineExecutionOrchestrator.java:201)
	at org.junit.platform.launcher.core.EngineExecutionOrchestrator.execute(EngineExecutionOrchestrator.java:170)
	at org.junit.platform.launcher.core.EngineExecutionOrchestrator.execute(EngineExecutionOrchestrator.java:94)
	at org.junit.platform.launcher.core.EngineExecutionOrchestrator.lambda$execute$0(EngineExecutionOrchestrator.java:59)
	at org.junit.platform.launcher.core.EngineExecutionOrchestrator.withInterceptedStreams(EngineExecutionOrchestrator.java:142)
	at org.junit.platform.launcher.core.EngineExecutionOrchestrator.execute(EngineExecutionOrchestrator.java:58)
	at org.junit.platform.launcher.core.DefaultLauncher.execute(DefaultLauncher.java:103)
	at org.junit.platform.launcher.core.DefaultLauncher.execute(DefaultLauncher.java:85)
	at org.junit.platform.launcher.core.DelegatingLauncher.execute(DelegatingLauncher.java:47)
	at org.junit.platform.launcher.core.InterceptingLauncher.lambda$execute$1(InterceptingLauncher.java:39)
	at org.junit.platform.launcher.core.ClasspathAlignmentCheckingLauncherInterceptor.intercept(ClasspathAlignmentCheckingLauncherInterceptor.java:25)
	at org.junit.platform.launcher.core.InterceptingLauncher.execute(InterceptingLauncher.java:38)
	at org.junit.platform.launcher.core.DelegatingLauncher.execute(DelegatingLauncher.java:47)
	at org.apache.maven.surefire.junitplatform.LauncherAdapter.executeWithoutCancellationToken(LauncherAdapter.java:60)
	at org.apache.maven.surefire.junitplatform.LauncherAdapter.execute(LauncherAdapter.java:52)
	at org.apache.maven.surefire.junitplatform.JUnitPlatformProvider.execute(JUnitPlatformProvider.java:203)
	at org.apache.maven.surefire.junitplatform.JUnitPlatformProvider.invokeAllTests(JUnitPlatformProvider.java:168)
	at org.apache.maven.surefire.junitplatform.JUnitPlatformProvider.invoke(JUnitPlatformProvider.java:136)
	at org.apache.maven.surefire.booter.ForkedBooter.runSuitesInProcess(ForkedBooter.java:385)
	at org.apache.maven.surefire.booter.ForkedBooter.execute(ForkedBooter.java:162)
	at org.apache.maven.surefire.booter.ForkedBooter.run(ForkedBooter.java:507)
	at org.apache.maven.surefire.booter.ForkedBooter.main(ForkedBooter.java:495)
2026-09-11 00:30:47.573 [main] WARN  c.g.g.a.c.GlobalExceptionHandler [traceId=,spanId=] - Resource not found: not here
java.util.NoSuchElementException: not here
	at com.gien.gits.api.controller.GlobalExceptionHandlerTest.handleNotFound_returnsNotFound(GlobalExceptionHandlerTest.java:50)
	at java.base/jdk.internal.reflect.DirectMethodHandleAccessor.invoke(DirectMethodHandleAccessor.java:103)
	at java.base/java.lang.reflect.Method.invoke(Method.java:580)
	at org.junit.platform.commons.util.ReflectionUtils.invokeMethod(ReflectionUtils.java:775)
	at org.junit.platform.commons.support.ReflectionSupport.invokeMethod(ReflectionSupport.java:479)
	at org.junit.jupiter.engine.execution.MethodInvocation.proceed(MethodInvocation.java:60)
	at org.junit.jupiter.engine.execution.InvocationInterceptorChain$ValidatingInvocation.proceed(InvocationInterceptorChain.java:131)
	at org.junit.jupiter.engine.extension.TimeoutExtension.intercept(TimeoutExtension.java:161)
	at org.junit.jupiter.engine.extension.TimeoutExtension.interceptTestableMethod(TimeoutExtension.java:152)
	at org.junit.jupiter.engine.extension.TimeoutExtension.interceptTestMethod(TimeoutExtension.java:91)
	at org.junit.jupiter.engine.execution.InterceptingExecutableInvoker$ReflectiveInterceptorCall.lambda$ofVoidMethod$0(InterceptingExecutableInvoker.java:112)
	at org.junit.jupiter.engine.execution.InterceptingExecutableInvoker.lambda$invoke$0(InterceptingExecutableInvoker.java:94)
	at org.junit.jupiter.engine.execution.InvocationInterceptorChain$InterceptedInvocation.proceed(InvocationInterceptorChain.java:106)
	at org.junit.jupiter.engine.execution.InvocationInterceptorChain.proceed(InvocationInterceptorChain.java:64)
	at org.junit.jupiter.engine.execution.InvocationInterceptorChain.chainAndInvoke(InvocationInterceptorChain.java:45)
	at org.junit.jupiter.engine.execution.InvocationInterceptorChain.invoke(InvocationInterceptorChain.java:37)
	at org.junit.jupiter.engine.execution.InterceptingExecutableInvoker.invoke(InterceptingExecutableInvoker.java:93)
	at org.junit.jupiter.engine.execution.InterceptingExecutableInvoker.invoke(InterceptingExecutableInvoker.java:87)
	at org.junit.jupiter.engine.descriptor.TestMethodTestDescriptor.lambda$invokeTestMethod$7(TestMethodTestDescriptor.java:216)
	at org.junit.platform.engine.support.hierarchical.ThrowableCollector.execute(ThrowableCollector.java:73)
	at org.junit.jupiter.engine.descriptor.TestMethodTestDescriptor.invokeTestMethod(TestMethodTestDescriptor.java:212)
	at org.junit.jupiter.engine.descriptor.TestMethodTestDescriptor.execute(TestMethodTestDescriptor.java:137)
	at org.junit.jupiter.engine.descriptor.TestMethodTestDescriptor.execute(TestMethodTestDescriptor.java:69)
	at org.junit.platform.engine.support.hierarchical.NodeTestTask.lambda$executeRecursively$6(NodeTestTask.java:156)
	at org.junit.platform.engine.support.hierarchical.ThrowableCollector.execute(ThrowableCollector.java:73)
	at org.junit.platform.engine.support.hierarchical.NodeTestTask.lambda$executeRecursively$8(NodeTestTask.java:146)
	at org.junit.platform.engine.support.hierarchical.Node.around(Node.java:137)
	at org.junit.platform.engine.support.hierarchical.NodeTestTask.lambda$executeRecursively$9(NodeTestTask.java:144)
	at org.junit.platform.engine.support.hierarchical.ThrowableCollector.execute(ThrowableCollector.java:73)
	at org.junit.platform.engine.support.hierarchical.NodeTestTask.executeRecursively(NodeTestTask.java:143)
	at org.junit.platform.engine.support.hierarchical.NodeTestTask.execute(NodeTestTask.java:100)
	at java.base/java.util.ArrayList.forEach(ArrayList.java:1596)
	at org.junit.platform.engine.support.hierarchical.SameThreadHierarchicalTestExecutorService.invokeAll(SameThreadHierarchicalTestExecutorService.java:41)
	at org.junit.platform.engine.support.hierarchical.NodeTestTask.lambda$executeRecursively$6(NodeTestTask.java:160)
	at org.junit.platform.engine.support.hierarchical.ThrowableCollector.execute(ThrowableCollector.java:73)
	at org.junit.platform.engine.support.hierarchical.NodeTestTask.lambda$executeRecursively$8(NodeTestTask.java:146)
	at org.junit.platform.engine.support.hierarchical.Node.around(Node.java:137)
	at org.junit.platform.engine.support.hierarchical.NodeTestTask.lambda$executeRecursively$9(NodeTestTask.java:144)
	at org.junit.platform.engine.support.hierarchical.ThrowableCollector.execute(ThrowableCollector.java:73)
	at org.junit.platform.engine.support.hierarchical.NodeTestTask.executeRecursively(NodeTestTask.java:143)
	at org.junit.platform.engine.support.hierarchical.NodeTestTask.execute(NodeTestTask.java:100)
	at java.base/java.util.ArrayList.forEach(ArrayList.java:1596)
	at org.junit.platform.engine.support.hierarchical.SameThreadHierarchicalTestExecutorService.invokeAll(SameThreadHierarchicalTestExecutorService.java:41)
	at org.junit.platform.engine.support.hierarchical.NodeTestTask.lambda$executeRecursively$6(NodeTestTask.java:160)
	at org.junit.platform.engine.support.hierarchical.ThrowableCollector.execute(ThrowableCollector.java:73)
	at org.junit.platform.engine.support.hierarchical.NodeTestTask.lambda$executeRecursively$8(NodeTestTask.java:146)
	at org.junit.platform.engine.support.hierarchical.Node.around(Node.java:137)
	at org.junit.platform.engine.support.hierarchical.NodeTestTask.lambda$executeRecursively$9(NodeTestTask.java:144)
	at org.junit.platform.engine.support.hierarchical.ThrowableCollector.execute(ThrowableCollector.java:73)
	at org.junit.platform.engine.support.hierarchical.NodeTestTask.executeRecursively(NodeTestTask.java:143)
	at org.junit.platform.engine.support.hierarchical.NodeTestTask.execute(NodeTestTask.java:100)
	at org.junit.platform.engine.support.hierarchical.SameThreadHierarchicalTestExecutorService.submit(SameThreadHierarchicalTestExecutorService.java:35)
	at org.junit.platform.engine.support.hierarchical.HierarchicalTestExecutor.execute(HierarchicalTestExecutor.java:57)
	at org.junit.platform.engine.support.hierarchical.HierarchicalTestEngine.execute(HierarchicalTestEngine.java:54)
	at org.junit.platform.launcher.core.EngineExecutionOrchestrator.execute(EngineExecutionOrchestrator.java:201)
	at org.junit.platform.launcher.core.EngineExecutionOrchestrator.execute(EngineExecutionOrchestrator.java:170)
	at org.junit.platform.launcher.core.EngineExecutionOrchestrator.execute(EngineExecutionOrchestrator.java:94)
	at org.junit.platform.launcher.core.EngineExecutionOrchestrator.lambda$execute$0(EngineExecutionOrchestrator.java:59)
	at org.junit.platform.launcher.core.EngineExecutionOrchestrator.withInterceptedStreams(EngineExecutionOrchestrator.java:142)
	at org.junit.platform.launcher.core.EngineExecutionOrchestrator.execute(EngineExecutionOrchestrator.java:58)
	at org.junit.platform.launcher.core.DefaultLauncher.execute(DefaultLauncher.java:103)
	at org.junit.platform.launcher.core.DefaultLauncher.execute(DefaultLauncher.java:85)
	at org.junit.platform.launcher.core.DelegatingLauncher.execute(DelegatingLauncher.java:47)
	at org.junit.platform.launcher.core.InterceptingLauncher.lambda$execute$1(InterceptingLauncher.java:39)
	at org.junit.platform.launcher.core.ClasspathAlignmentCheckingLauncherInterceptor.intercept(ClasspathAlignmentCheckingLauncherInterceptor.java:25)
	at org.junit.platform.launcher.core.InterceptingLauncher.execute(InterceptingLauncher.java:38)
	at org.junit.platform.launcher.core.DelegatingLauncher.execute(DelegatingLauncher.java:47)
	at org.apache.maven.surefire.junitplatform.LauncherAdapter.executeWithoutCancellationToken(LauncherAdapter.java:60)
	at org.apache.maven.surefire.junitplatform.LauncherAdapter.execute(LauncherAdapter.java:52)
	at org.apache.maven.surefire.junitplatform.JUnitPlatformProvider.execute(JUnitPlatformProvider.java:203)
	at org.apache.maven.surefire.junitplatform.JUnitPlatformProvider.invokeAllTests(JUnitPlatformProvider.java:168)
	at org.apache.maven.surefire.junitplatform.JUnitPlatformProvider.invoke(JUnitPlatformProvider.java:136)
	at org.apache.maven.surefire.booter.ForkedBooter.runSuitesInProcess(ForkedBooter.java:385)
	at org.apache.maven.surefire.booter.ForkedBooter.execute(ForkedBooter.java:162)
	at org.apache.maven.surefire.booter.ForkedBooter.run(ForkedBooter.java:507)
	at org.apache.maven.surefire.booter.ForkedBooter.main(ForkedBooter.java:495)
2026-09-11 00:30:47.574 [main] WARN  c.g.g.a.c.GlobalExceptionHandler [traceId=,spanId=] - Invalid argument: null
java.lang.IllegalArgumentException
	at com.gien.gits.api.controller.GlobalExceptionHandlerTest.handleIllegalArgument_nullMessage_usesDefault(GlobalExceptionHandlerTest.java:33)
	at java.base/jdk.internal.reflect.DirectMethodHandleAccessor.invoke(DirectMethodHandleAccessor.java:103)
	at java.base/java.lang.reflect.Method.invoke(Method.java:580)
	at org.junit.platform.commons.util.ReflectionUtils.invokeMethod(ReflectionUtils.java:775)
	at org.junit.platform.commons.support.ReflectionSupport.invokeMethod(ReflectionSupport.java:479)
	at org.junit.jupiter.engine.execution.MethodInvocation.proceed(MethodInvocation.java:60)
	at org.junit.jupiter.engine.execution.InvocationInterceptorChain$ValidatingInvocation.proceed(InvocationInterceptorChain.java:131)
	at org.junit.jupiter.engine.extension.TimeoutExtension.intercept(TimeoutExtension.java:161)
	at org.junit.jupiter.engine.extension.TimeoutExtension.interceptTestableMethod(TimeoutExtension.java:152)
	at org.junit.jupiter.engine.extension.TimeoutExtension.interceptTestMethod(TimeoutExtension.java:91)
	at org.junit.jupiter.engine.execution.InterceptingExecutableInvoker$ReflectiveInterceptorCall.lambda$ofVoidMethod$0(InterceptingExecutableInvoker.java:112)
	at org.junit.jupiter.engine.execution.InterceptingExecutableInvoker.lambda$invoke$0(InterceptingExecutableInvoker.java:94)
	at org.junit.jupiter.engine.execution.InvocationInterceptorChain$InterceptedInvocation.proceed(InvocationInterceptorChain.java:106)
	at org.junit.jupiter.engine.execution.InvocationInterceptorChain.proceed(InvocationInterceptorChain.java:64)
	at org.junit.jupiter.engine.execution.InvocationInterceptorChain.chainAndInvoke(InvocationInterceptorChain.java:45)
	at org.junit.jupiter.engine.execution.InvocationInterceptorChain.invoke(InvocationInterceptorChain.java:37)
	at org.junit.jupiter.engine.execution.InterceptingExecutableInvoker.invoke(InterceptingExecutableInvoker.java:93)
	at org.junit.jupiter.engine.execution.InterceptingExecutableInvoker.invoke(InterceptingExecutableInvoker.java:87)
	at org.junit.jupiter.engine.descriptor.TestMethodTestDescriptor.lambda$invokeTestMethod$7(TestMethodTestDescriptor.java:216)
	at org.junit.platform.engine.support.hierarchical.ThrowableCollector.execute(ThrowableCollector.java:73)
	at org.junit.jupiter.engine.descriptor.TestMethodTestDescriptor.invokeTestMethod(TestMethodTestDescriptor.java:212)
	at org.junit.jupiter.engine.descriptor.TestMethodTestDescriptor.execute(TestMethodTestDescriptor.java:137)
	at org.junit.jupiter.engine.descriptor.TestMethodTestDescriptor.execute(TestMethodTestDescriptor.java:69)
	at org.junit.platform.engine.support.hierarchical.NodeTestTask.lambda$executeRecursively$6(NodeTestTask.java:156)
	at org.junit.platform.engine.support.hierarchical.ThrowableCollector.execute(ThrowableCollector.java:73)
	at org.junit.platform.engine.support.hierarchical.NodeTestTask.lambda$executeRecursively$8(NodeTestTask.java:146)
	at org.junit.platform.engine.support.hierarchical.Node.around(Node.java:137)
	at org.junit.platform.engine.support.hierarchical.NodeTestTask.lambda$executeRecursively$9(NodeTestTask.java:144)
	at org.junit.platform.engine.support.hierarchical.ThrowableCollector.execute(ThrowableCollector.java:73)
	at org.junit.platform.engine.support.hierarchical.NodeTestTask.executeRecursively(NodeTestTask.java:143)
	at org.junit.platform.engine.support.hierarchical.NodeTestTask.execute(NodeTestTask.java:100)
	at java.base/java.util.ArrayList.forEach(ArrayList.java:1596)
	at org.junit.platform.engine.support.hierarchical.SameThreadHierarchicalTestExecutorService.invokeAll(SameThreadHierarchicalTestExecutorService.java:41)
	at org.junit.platform.engine.support.hierarchical.NodeTestTask.lambda$executeRecursively$6(NodeTestTask.java:160)
	at org.junit.platform.engine.support.hierarchical.ThrowableCollector.execute(ThrowableCollector.java:73)
	at org.junit.platform.engine.support.hierarchical.NodeTestTask.lambda$executeRecursively$8(NodeTestTask.java:146)
	at org.junit.platform.engine.support.hierarchical.Node.around(Node.java:137)
	at org.junit.platform.engine.support.hierarchical.NodeTestTask.lambda$executeRecursively$9(NodeTestTask.java:144)
	at org.junit.platform.engine.support.hierarchical.ThrowableCollector.execute(ThrowableCollector.java:73)
	at org.junit.platform.engine.support.hierarchical.NodeTestTask.executeRecursively(NodeTestTask.java:143)
	at org.junit.platform.engine.support.hierarchical.NodeTestTask.execute(NodeTestTask.java:100)
	at java.base/java.util.ArrayList.forEach(ArrayList.java:1596)
	at org.junit.platform.engine.support.hierarchical.SameThreadHierarchicalTestExecutorService.invokeAll(SameThreadHierarchicalTestExecutorService.java:41)
	at org.junit.platform.engine.support.hierarchical.NodeTestTask.lambda$executeRecursively$6(NodeTestTask.java:160)
	at org.junit.platform.engine.support.hierarchical.ThrowableCollector.execute(ThrowableCollector.java:73)
	at org.junit.platform.engine.support.hierarchical.NodeTestTask.lambda$executeRecursively$8(NodeTestTask.java:146)
	at org.junit.platform.engine.support.hierarchical.Node.around(Node.java:137)
	at org.junit.platform.engine.support.hierarchical.NodeTestTask.lambda$executeRecursively$9(NodeTestTask.java:144)
	at org.junit.platform.engine.support.hierarchical.ThrowableCollector.execute(ThrowableCollector.java:73)
	at org.junit.platform.engine.support.hierarchical.NodeTestTask.executeRecursively(NodeTestTask.java:143)
	at org.junit.platform.engine.support.hierarchical.NodeTestTask.execute(NodeTestTask.java:100)
	at org.junit.platform.engine.support.hierarchical.SameThreadHierarchicalTestExecutorService.submit(SameThreadHierarchicalTestExecutorService.java:35)
	at org.junit.platform.engine.support.hierarchical.HierarchicalTestExecutor.execute(HierarchicalTestExecutor.java:57)
	at org.junit.platform.engine.support.hierarchical.HierarchicalTestEngine.execute(HierarchicalTestEngine.java:54)
	at org.junit.platform.launcher.core.EngineExecutionOrchestrator.execute(EngineExecutionOrchestrator.java:201)
	at org.junit.platform.launcher.core.EngineExecutionOrchestrator.execute(EngineExecutionOrchestrator.java:170)
	at org.junit.platform.launcher.core.EngineExecutionOrchestrator.execute(EngineExecutionOrchestrator.java:94)
	at org.junit.platform.launcher.core.EngineExecutionOrchestrator.lambda$execute$0(EngineExecutionOrchestrator.java:59)
	at org.junit.platform.launcher.core.EngineExecutionOrchestrator.withInterceptedStreams(EngineExecutionOrchestrator.java:142)
	at org.junit.platform.launcher.core.EngineExecutionOrchestrator.execute(EngineExecutionOrchestrator.java:58)
	at org.junit.platform.launcher.core.DefaultLauncher.execute(DefaultLauncher.java:103)
	at org.junit.platform.launcher.core.DefaultLauncher.execute(DefaultLauncher.java:85)
	at org.junit.platform.launcher.core.DelegatingLauncher.execute(DelegatingLauncher.java:47)
	at org.junit.platform.launcher.core.InterceptingLauncher.lambda$execute$1(InterceptingLauncher.java:39)
	at org.junit.platform.launcher.core.ClasspathAlignmentCheckingLauncherInterceptor.intercept(ClasspathAlignmentCheckingLauncherInterceptor.java:25)
	at org.junit.platform.launcher.core.InterceptingLauncher.execute(InterceptingLauncher.java:38)
	at org.junit.platform.launcher.core.DelegatingLauncher.execute(DelegatingLauncher.java:47)
	at org.apache.maven.surefire.junitplatform.LauncherAdapter.executeWithoutCancellationToken(LauncherAdapter.java:60)
	at org.apache.maven.surefire.junitplatform.LauncherAdapter.execute(LauncherAdapter.java:52)
	at org.apache.maven.surefire.junitplatform.JUnitPlatformProvider.execute(JUnitPlatformProvider.java:203)
	at org.apache.maven.surefire.junitplatform.JUnitPlatformProvider.invokeAllTests(JUnitPlatformProvider.java:168)
	at org.apache.maven.surefire.junitplatform.JUnitPlatformProvider.invoke(JUnitPlatformProvider.java:136)
	at org.apache.maven.surefire.booter.ForkedBooter.runSuitesInProcess(ForkedBooter.java:385)
	at org.apache.maven.surefire.booter.ForkedBooter.execute(ForkedBooter.java:162)
	at org.apache.maven.surefire.booter.ForkedBooter.run(ForkedBooter.java:507)
	at org.apache.maven.surefire.booter.ForkedBooter.main(ForkedBooter.java:495)
[INFO] Tests run: 6, Failures: 0, Errors: 0, Skipped: 0, Time elapsed: 0.007 s -- in com.gien.gits.api.controller.GlobalExceptionHandlerTest
[INFO] Running com.gien.gits.api.controller.InteractionsV1ControllerTest
2026-09-11 00:30:47.576 [main] INFO  o.s.t.c.s.AnnotationConfigContextLoaderUtils [traceId=,spanId=] - Could not detect default configuration classes for test class [com.gien.gits.api.controller.InteractionsV1ControllerTest]: InteractionsV1ControllerTest does not declare any static, non-private, non-final, nested classes annotated with @Configuration.
2026-09-11 00:30:47.581 [main] INFO  o.s.b.t.c.SpringBootTestContextBootstrapper [traceId=,spanId=] - Found @SpringBootConfiguration com.gien.gits.api.GitsKnoApiApplication for test class com.gien.gits.api.controller.InteractionsV1ControllerTest
2026-09-11 00:30:47.595 [main] INFO  c.g.g.a.c.InteractionsV1ControllerTest [traceId=,spanId=] - Starting InteractionsV1ControllerTest using Java 21.0.11 with PID 98186 (started by szf in /home/szf/dev/gits-cbanking/apps/api)
2026-09-11 00:30:47.595 [main] INFO  c.g.g.a.c.InteractionsV1ControllerTest [traceId=,spanId=] - No active profile set, falling back to 1 default profile: "default"
2026-09-11 00:30:47.691 [main] INFO  o.s.v.b.OptionalValidatorFactoryBean [traceId=,spanId=] - Failed to set up a Bean Validation provider: jakarta.validation.NoProviderFoundException: Unable to create a Configuration, because no Jakarta Bean Validation provider could be found. Add a provider like Hibernate Validator (RI) to your classpath.
2026-09-11 00:30:47.707 [main] WARN  o.s.b.a.s.s.UserDetailsServiceAutoConfiguration [traceId=,spanId=] - 

Using generated security password: a68315d3-b1fe-4bf7-b361-ecbe1688471f

This generated password is for development use only. Your security configuration must be updated before running your application in production.

2026-09-11 00:30:47.708 [main] INFO  o.s.s.c.a.a.c.InitializeUserDetailsBeanManagerConfigurer$InitializeUserDetailsManagerConfigurer [traceId=,spanId=] - Global AuthenticationManager configured with UserDetailsService bean with name inMemoryUserDetailsManager
2026-09-11 00:30:47.710 [main] INFO  o.s.b.t.m.w.SpringBootMockServletContext [traceId=,spanId=] - Initializing Spring TestDispatcherServlet ''
2026-09-11 00:30:47.710 [main] INFO  o.s.t.w.s.TestDispatcherServlet [traceId=,spanId=] - Initializing Servlet ''
2026-09-11 00:30:47.711 [main] INFO  o.s.t.w.s.TestDispatcherServlet [traceId=,spanId=] - Completed initialization in 1 ms
2026-09-11 00:30:47.712 [main] INFO  c.g.g.a.c.InteractionsV1ControllerTest [traceId=,spanId=] - Started InteractionsV1ControllerTest in 0.128 seconds (process running for 27.264)
2026-09-11 00:30:47.722 [main] INFO  c.g.g.a.c.InteractionsV1Controller [traceId=,spanId=] - Listing interactions: customerId=null
2026-09-11 00:30:47.726 [main] INFO  c.g.g.a.c.InteractionsV1Controller [traceId=,spanId=] - Listing interactions: customerId=null
2026-09-11 00:30:47.728 [main] INFO  c.g.g.a.c.InteractionsV1Controller [traceId=,spanId=] - Listing interactions: customerId=CUST-CORP-0002
2026-09-11 00:30:47.730 [main] INFO  c.g.g.a.c.InteractionsV1Controller [traceId=,spanId=] - Listing interactions: customerId=CUST-MISSING
[INFO] Tests run: 5, Failures: 0, Errors: 0, Skipped: 0, Time elapsed: 0.160 s -- in com.gien.gits.api.controller.InteractionsV1ControllerTest
[INFO] Running com.gien.gits.api.metrics.BusinessMetricsTest
[INFO] Tests run: 6, Failures: 0, Errors: 0, Skipped: 0, Time elapsed: 0.003 s -- in com.gien.gits.api.metrics.BusinessMetricsTest
[INFO] Running com.gien.gits.api.dto.AssemblyTraceStepTest
[INFO] Tests run: 4, Failures: 0, Errors: 0, Skipped: 0, Time elapsed: 0.001 s -- in com.gien.gits.api.dto.AssemblyTraceStepTest
[INFO] Running com.gien.gits.api.dto.DtoSerializationTest
[INFO] Tests run: 13, Failures: 0, Errors: 0, Skipped: 0, Time elapsed: 0.047 s -- in com.gien.gits.api.dto.DtoSerializationTest
[INFO] Running com.gien.gits.api.dto.PreparedPrevisitResponseTest
[INFO] Tests run: 3, Failures: 0, Errors: 0, Skipped: 0, Time elapsed: 0.003 s -- in com.gien.gits.api.dto.PreparedPrevisitResponseTest
[INFO] Running com.gien.gits.api.ArchitectureStatusContractTest
2026-09-11 00:30:47.792 [main] INFO  o.s.t.c.s.AnnotationConfigContextLoaderUtils [traceId=,spanId=] - Could not detect default configuration classes for test class [com.gien.gits.api.ArchitectureStatusContractTest]: ArchitectureStatusContractTest does not declare any static, non-private, non-final, nested classes annotated with @Configuration.
2026-09-11 00:30:47.796 [main] INFO  o.s.b.t.c.SpringBootTestContextBootstrapper [traceId=,spanId=] - Found @SpringBootConfiguration com.gien.gits.api.GitsKnoApiApplication for test class com.gien.gits.api.ArchitectureStatusContractTest
[INFO] Tests run: 1, Failures: 0, Errors: 0, Skipped: 0, Time elapsed: 0.020 s -- in com.gien.gits.api.ArchitectureStatusContractTest
[INFO] Running com.gien.gits.api.e2e.FullChainE2eIT
2026-09-11 00:30:47.814 [main] INFO  o.s.t.c.s.AnnotationConfigContextLoaderUtils [traceId=,spanId=] - Could not detect default configuration classes for test class [com.gien.gits.api.e2e.FullChainE2eIT]: FullChainE2eIT does not declare any static, non-private, non-final, nested classes annotated with @Configuration.
2026-09-11 00:30:47.818 [main] INFO  o.s.b.t.c.SpringBootTestContextBootstrapper [traceId=,spanId=] - Found @SpringBootConfiguration com.gien.gits.api.GitsKnoApiApplication for test class com.gien.gits.api.e2e.FullChainE2eIT
2026-09-11 00:30:47.831 [main] INFO  c.gien.gits.api.e2e.FullChainE2eIT [traceId=,spanId=] - Starting FullChainE2eIT using Java 21.0.11 with PID 98186 (started by szf in /home/szf/dev/gits-cbanking/apps/api)
2026-09-11 00:30:47.832 [main] INFO  c.gien.gits.api.e2e.FullChainE2eIT [traceId=,spanId=] - No active profile set, falling back to 1 default profile: "default"
2026-09-11 00:30:48.129 [main] INFO  o.s.b.w.e.tomcat.TomcatWebServer [traceId=,spanId=] - Tomcat initialized with port 0 (http)
2026-09-11 00:30:48.141 [main] INFO  o.a.coyote.http11.Http11NioProtocol [traceId=,spanId=] - Initializing ProtocolHandler ["http-nio-auto-1"]
2026-09-11 00:30:48.143 [main] INFO  o.a.catalina.core.StandardService [traceId=,spanId=] - Starting service [Tomcat]
2026-09-11 00:30:48.143 [main] INFO  o.a.catalina.core.StandardEngine [traceId=,spanId=] - Starting Servlet engine: [Apache Tomcat/10.1.57]
2026-09-11 00:30:48.179 [main] INFO  o.a.c.c.C.[Tomcat].[localhost].[/] [traceId=,spanId=] - Initializing Spring embedded WebApplicationContext
2026-09-11 00:30:48.179 [main] INFO  o.s.b.w.s.c.ServletWebServerApplicationContext [traceId=,spanId=] - Root WebApplicationContext: initialization completed in 347 ms
2026-09-11 00:30:48.258 [main] INFO  com.zaxxer.hikari.HikariDataSource [traceId=,spanId=] - HikariPool-3 - Starting...
2026-09-11 00:30:48.259 [main] INFO  com.zaxxer.hikari.pool.HikariPool [traceId=,spanId=] - HikariPool-3 - Added connection conn5: url=jdbc:h2:mem:gitskno user=SA
2026-09-11 00:30:48.259 [main] INFO  com.zaxxer.hikari.HikariDataSource [traceId=,spanId=] - HikariPool-3 - Start completed.
2026-09-11 00:30:48.260 [main] INFO  org.flywaydb.core.FlywayExecutor [traceId=,spanId=] - Database: jdbc:h2:mem:gitskno (H2 2.3)
2026-09-11 00:30:48.266 [main] INFO  o.f.core.internal.command.DbValidate [traceId=,spanId=] - Successfully validated 23 migrations (execution time 00:00.004s)
2026-09-11 00:30:48.268 [main] INFO  o.f.core.internal.command.DbMigrate [traceId=,spanId=] - Current version of schema "PUBLIC": 023
2026-09-11 00:30:48.268 [main] INFO  o.f.core.internal.command.DbMigrate [traceId=,spanId=] - Schema "PUBLIC" is up to date. No migration necessary.
2026-09-11 00:30:48.374 [main] INFO  c.g.g.a.a.ClasspathScenarioDataProvider [traceId=,spanId=] - [ScenarioData] Classpath provider initialized: root=classpath:scenario-data/
2026-09-11 00:30:48.374 [main] INFO  c.g.g.api.config.ScenarioDataConfig [traceId=,spanId=] - [ScenarioData] Using Classpath provider (fallback)
2026-09-11 00:30:48.375 [main] INFO  c.g.g.a.s.ScenarioSeedDataService [traceId=,spanId=] - Seed data already loaded, skipping auto-load
2026-09-11 00:30:48.456 [main] INFO  o.s.b.a.e.web.EndpointLinksResolver [traceId=,spanId=] - Exposing 3 endpoints beneath base path '/actuator'
2026-09-11 00:30:48.461 [main] WARN  o.s.b.a.s.s.UserDetailsServiceAutoConfiguration [traceId=,spanId=] - 

Using generated security password: b8010785-a137-4ca0-8bee-5792178af217

This generated password is for development use only. Your security configuration must be updated before running your application in production.

2026-09-11 00:30:48.462 [main] INFO  o.s.s.c.a.a.c.InitializeUserDetailsBeanManagerConfigurer$InitializeUserDetailsManagerConfigurer [traceId=,spanId=] - Global AuthenticationManager configured with UserDetailsService bean with name inMemoryUserDetailsManager
2026-09-11 00:30:48.474 [main] INFO  o.s.v.b.OptionalValidatorFactoryBean [traceId=,spanId=] - Failed to set up a Bean Validation provider: jakarta.validation.NoProviderFoundException: Unable to create a Configuration, because no Jakarta Bean Validation provider could be found. Add a provider like Hibernate Validator (RI) to your classpath.
2026-09-11 00:30:48.503 [main] INFO  o.s.b.a.h.H2ConsoleAutoConfiguration [traceId=,spanId=] - H2 console available at '/h2-console'. Database available at 'jdbc:h2:mem:gitskno'
2026-09-11 00:30:48.506 [main] INFO  o.a.c.c.C.[Tomcat].[localhost].[/] [traceId=,spanId=] - Initializing Spring TestDispatcherServlet ''
2026-09-11 00:30:48.506 [main] INFO  o.s.t.w.s.TestDispatcherServlet [traceId=,spanId=] - Initializing Servlet ''
2026-09-11 00:30:48.506 [main] INFO  o.s.t.w.s.TestDispatcherServlet [traceId=,spanId=] - Completed initialization in 0 ms
2026-09-11 00:30:48.524 [main] INFO  o.a.coyote.http11.Http11NioProtocol [traceId=,spanId=] - Starting ProtocolHandler ["http-nio-auto-1"]
2026-09-11 00:30:48.537 [main] INFO  o.s.b.w.e.tomcat.TomcatWebServer [traceId=,spanId=] - Tomcat started on port 46409 (http) with context path '/'
2026-09-11 00:30:48.540 [main] INFO  o.s.s.config.TaskSchedulerRouter [traceId=,spanId=] - No TaskScheduler/ScheduledExecutorService bean found for scheduled processing
2026-09-11 00:30:48.541 [main] INFO  c.gien.gits.api.e2e.FullChainE2eIT [traceId=,spanId=] - Started FullChainE2eIT in 0.721 seconds (process running for 28.093)
[INFO] Tests run: 6, Failures: 0, Errors: 0, Skipped: 0, Time elapsed: 0.920 s -- in com.gien.gits.api.e2e.FullChainE2eIT
[INFO] Running com.gien.gits.api.e2e.EngagementScenarioE2eIT
2026-09-11 00:30:48.735 [main] INFO  o.s.t.c.s.AnnotationConfigContextLoaderUtils [traceId=,spanId=] - Could not detect default configuration classes for test class [com.gien.gits.api.e2e.EngagementScenarioE2eIT]: EngagementScenarioE2eIT does not declare any static, non-private, non-final, nested classes annotated with @Configuration.
2026-09-11 00:30:48.737 [main] INFO  o.s.b.t.c.SpringBootTestContextBootstrapper [traceId=,spanId=] - Found @SpringBootConfiguration com.gien.gits.api.GitsKnoApiApplication for test class com.gien.gits.api.e2e.EngagementScenarioE2eIT
2026-09-11 00:30:48.753 [main] INFO  c.g.g.a.e2e.EngagementScenarioE2eIT [traceId=,spanId=] - Starting EngagementScenarioE2eIT using Java 21.0.11 with PID 98186 (started by szf in /home/szf/dev/gits-cbanking/apps/api)
2026-09-11 00:30:48.753 [main] INFO  c.g.g.a.e2e.EngagementScenarioE2eIT [traceId=,spanId=] - No active profile set, falling back to 1 default profile: "default"
2026-09-11 00:30:48.904 [main] WARN  o.m.s.mapper.ClassPathMapperScanner [traceId=,spanId=] - No MyBatis mapper was found in '[com.gien.gits.api]' package. Please check your configuration.
2026-09-11 00:30:48.941 [main] INFO  com.zaxxer.hikari.HikariDataSource [traceId=,spanId=] - HikariPool-4 - Starting...
2026-09-11 00:30:48.943 [main] INFO  com.zaxxer.hikari.pool.HikariPool [traceId=,spanId=] - HikariPool-4 - Added connection conn7: url=jdbc:h2:mem:engagement-test user=SA
2026-09-11 00:30:48.943 [main] INFO  com.zaxxer.hikari.HikariDataSource [traceId=,spanId=] - HikariPool-4 - Start completed.
2026-09-11 00:30:48.944 [main] INFO  org.flywaydb.core.FlywayExecutor [traceId=,spanId=] - Database: jdbc:h2:mem:engagement-test (H2 2.3)
2026-09-11 00:30:48.951 [main] INFO  o.f.c.i.s.JdbcTableSchemaHistory [traceId=,spanId=] - Schema history table "PUBLIC"."flyway_schema_history" does not exist yet
2026-09-11 00:30:48.952 [main] INFO  o.f.core.internal.command.DbValidate [traceId=,spanId=] - Successfully validated 23 migrations (execution time 00:00.005s)
2026-09-11 00:30:48.953 [main] INFO  org.flywaydb.core.Flyway [traceId=,spanId=] - All configured schemas are empty; baseline operation skipped. A baseline or migration script with a lower version than the baseline version may execute if available. Check the Schemas parameter if this is not intended.
2026-09-11 00:30:48.953 [main] INFO  o.f.c.i.s.JdbcTableSchemaHistory [traceId=,spanId=] - Creating Schema History table "PUBLIC"."flyway_schema_history" ...
2026-09-11 00:30:48.957 [main] INFO  o.f.core.internal.command.DbMigrate [traceId=,spanId=] - Current version of schema "PUBLIC": << Empty Schema >>
2026-09-11 00:30:48.959 [main] INFO  o.f.core.internal.command.DbMigrate [traceId=,spanId=] - Migrating schema "PUBLIC" to version "001 - operational ontology core"
2026-09-11 00:30:48.968 [main] INFO  o.f.core.internal.command.DbMigrate [traceId=,spanId=] - Migrating schema "PUBLIC" to version "002 - interaction enriched"
2026-09-11 00:30:48.977 [main] INFO  o.f.core.internal.command.DbMigrate [traceId=,spanId=] - Migrating schema "PUBLIC" to version "003 - customer context"
2026-09-11 00:30:48.980 [main] INFO  o.f.core.internal.command.DbMigrate [traceId=,spanId=] - Migrating schema "PUBLIC" to version "004 - knowledge rules"
2026-09-11 00:30:48.984 [main] INFO  o.f.core.internal.command.DbMigrate [traceId=,spanId=] - Migrating schema "PUBLIC" to version "005 - operating enrichment"
2026-09-11 00:30:48.989 [main] INFO  o.f.core.internal.command.DbMigrate [traceId=,spanId=] - Migrating schema "PUBLIC" to version "006 - enum check constraints"
2026-09-11 00:30:48.992 [main] INFO  o.f.core.internal.command.DbMigrate [traceId=,spanId=] - Migrating schema "PUBLIC" to version "007 - postvisit analysis and previsit report content"
2026-09-11 00:30:48.994 [main] INFO  o.f.core.internal.command.DbMigrate [traceId=,spanId=] - Migrating schema "PUBLIC" to version "008 - transaction"
2026-09-11 00:30:48.996 [main] INFO  o.f.core.internal.command.DbMigrate [traceId=,spanId=] - Migrating schema "PUBLIC" to version "009 - outreach and meeting script"
2026-09-11 00:30:49.000 [main] INFO  o.f.core.internal.command.DbMigrate [traceId=,spanId=] - Migrating schema "PUBLIC" to version "010 - production indexes"
2026-09-11 00:30:49.003 [main] INFO  o.f.core.internal.command.DbMigrate [traceId=,spanId=] - Migrating schema "PUBLIC" to version "011 - v11 operational ontology entities"
2026-09-11 00:30:49.021 [main] INFO  o.f.core.internal.command.DbMigrate [traceId=,spanId=] - Migrating schema "PUBLIC" to version "012 - v11 human action entities"
2026-09-11 00:30:49.024 [main] INFO  o.f.core.internal.command.DbMigrate [traceId=,spanId=] - Migrating schema "PUBLIC" to version "013 - v11 extension entities"
2026-09-11 00:30:49.028 [main] INFO  o.f.core.internal.command.DbMigrate [traceId=,spanId=] - Migrating schema "PUBLIC" to version "014 - v11 seed data"
2026-09-11 00:30:49.032 [main] INFO  o.f.core.internal.command.DbMigrate [traceId=,spanId=] - Migrating schema "PUBLIC" to version "015 - v11 human gate audit trace"
2026-09-11 00:30:49.038 [main] INFO  o.f.core.internal.command.DbMigrate [traceId=,spanId=] - Migrating schema "PUBLIC" to version "016 - v11 seed data"
2026-09-11 00:30:49.042 [main] INFO  o.f.core.internal.command.DbMigrate [traceId=,spanId=] - Migrating schema "PUBLIC" to version "017 - v11 signal and gap seed data"
2026-09-11 00:30:49.045 [main] INFO  o.f.core.internal.command.DbMigrate [traceId=,spanId=] - Migrating schema "PUBLIC" to version "018 - customer seed data"
2026-09-11 00:30:49.048 [main] INFO  o.f.core.internal.command.DbMigrate [traceId=,spanId=] - Migrating schema "PUBLIC" to version "019 - previsit report content v11 columns"
2026-09-11 00:30:49.063 [main] INFO  o.f.core.internal.command.DbMigrate [traceId=,spanId=] - Migrating schema "PUBLIC" to version "020 - product recommendation"
2026-09-11 00:30:49.068 [main] INFO  o.f.core.internal.command.DbMigrate [traceId=,spanId=] - Migrating schema "PUBLIC" to version "021 - corporate product knowledge seed"
2026-09-11 00:30:49.072 [main] INFO  o.f.core.internal.command.DbMigrate [traceId=,spanId=] - Migrating schema "PUBLIC" to version "022 - operating case and opportunity seed"
2026-09-11 00:30:49.075 [main] INFO  o.f.core.internal.command.DbMigrate [traceId=,spanId=] - Migrating schema "PUBLIC" to version "023 - demo customer 0003 gap and signal"
2026-09-11 00:30:49.077 [main] INFO  o.f.core.internal.command.DbMigrate [traceId=,spanId=] - Successfully applied 23 migrations to schema "PUBLIC", now at version v023 (execution time 00:00.057s)
2026-09-11 00:30:49.126 [main] INFO  c.g.g.a.a.ClasspathScenarioDataProvider [traceId=,spanId=] - [ScenarioData] Classpath provider initialized: root=classpath:scenario-data/
2026-09-11 00:30:49.126 [main] INFO  c.g.g.api.config.ScenarioDataConfig [traceId=,spanId=] - [ScenarioData] Using Classpath provider (fallback)
2026-09-11 00:30:49.127 [main] WARN  c.g.g.a.s.ScenarioSeedDataService [traceId=,spanId=] - Customer data loaded but external events missing — will retry full load
2026-09-11 00:30:49.127 [main] INFO  c.g.g.a.s.ScenarioSeedDataService [traceId=,spanId=] - === Loading scenario seed data (provider=classpath) ===
2026-09-11 00:30:49.130 [main] INFO  c.g.g.a.s.ScenarioSeedDataService [traceId=,spanId=] - Loaded customer master: 3 new records
2026-09-11 00:30:49.131 [main] INFO  c.g.g.a.s.ScenarioSeedDataService [traceId=,spanId=] - Loaded legal entities: 3 records
2026-09-11 00:30:49.131 [main] INFO  c.g.g.a.s.ScenarioSeedDataService [traceId=,spanId=] - Loaded group relationships: 2 records
2026-09-11 00:30:49.131 [main] INFO  c.g.g.a.s.ScenarioSeedDataService [traceId=,spanId=] - Loaded bank relationship snapshot: 1 record
2026-09-11 00:30:49.131 [main] INFO  c.g.g.a.s.ScenarioSeedDataService [traceId=,spanId=] - Loaded credit facilities: 3 records
2026-09-11 00:30:49.132 [main] INFO  c.g.g.a.s.ScenarioSeedDataService [traceId=,spanId=] - Loaded product catalog: 3 records
2026-09-11 00:30:49.132 [main] INFO  c.g.g.a.s.ScenarioSeedDataService [traceId=,spanId=] - Loaded policy rules: 5 records
2026-09-11 00:30:49.133 [main] INFO  c.g.g.a.s.ScenarioSeedDataService [traceId=,spanId=] - Loaded external events: 6 records (V1.0: 4 + V1.1: 2)
2026-09-11 00:30:49.133 [main] INFO  c.g.g.a.s.ScenarioSeedDataService [traceId=,spanId=] - Loaded KYC gap profile: 1 record
2026-09-11 00:30:49.141 [main] INFO  c.g.g.a.s.ScenarioSeedDataService [traceId=,spanId=] - Loaded transactions: 85 records (12 months for CUST-CORP-0001)
2026-09-11 00:30:49.146 [main] INFO  c.g.g.a.s.ScenarioSeedDataService [traceId=,spanId=] - Loaded interactions: 22 records (6 customers, multiple channels)
2026-09-11 00:30:49.148 [main] INFO  c.g.g.a.s.ScenarioSeedDataService [traceId=,spanId=] - Loaded journeys: 3 new records
2026-09-11 00:30:49.149 [main] INFO  c.g.g.a.s.ScenarioSeedDataService [traceId=,spanId=] - Loaded journey reports: 5 new records
2026-09-11 00:30:49.151 [main] INFO  c.g.g.a.s.ScenarioSeedDataService [traceId=,spanId=] - Loaded claims: 12 new records
2026-09-11 00:30:49.151 [main] INFO  c.g.g.a.s.ScenarioSeedDataService [traceId=,spanId=] - === Scenario seed data loaded successfully (provider=classpath) ===
2026-09-11 00:30:49.211 [main] INFO  o.s.b.a.e.web.EndpointLinksResolver [traceId=,spanId=] - Exposing 3 endpoints beneath base path '/actuator'
2026-09-11 00:30:49.217 [main] WARN  o.s.b.a.s.s.UserDetailsServiceAutoConfiguration [traceId=,spanId=] - 

Using generated security password: 762ee75e-ed2d-43fb-84d4-f5ce9aaf9416

This generated password is for development use only. Your security configuration must be updated before running your application in production.

2026-09-11 00:30:49.217 [main] INFO  o.s.s.c.a.a.c.InitializeUserDetailsBeanManagerConfigurer$InitializeUserDetailsManagerConfigurer [traceId=,spanId=] - Global AuthenticationManager configured with UserDetailsService bean with name inMemoryUserDetailsManager
2026-09-11 00:30:49.228 [main] INFO  o.s.v.b.OptionalValidatorFactoryBean [traceId=,spanId=] - Failed to set up a Bean Validation provider: jakarta.validation.NoProviderFoundException: Unable to create a Configuration, because no Jakarta Bean Validation provider could be found. Add a provider like Hibernate Validator (RI) to your classpath.
2026-09-11 00:30:49.328 [main] INFO  o.s.b.a.h.H2ConsoleAutoConfiguration [traceId=,spanId=] - H2 console available at '/h2-console'. Database available at 'jdbc:h2:mem:engagement-test'
2026-09-11 00:30:49.338 [main] INFO  o.s.s.config.TaskSchedulerRouter [traceId=,spanId=] - No TaskScheduler/ScheduledExecutorService bean found for scheduled processing
2026-09-11 00:30:49.339 [main] INFO  c.g.g.a.e2e.EngagementScenarioE2eIT [traceId=,spanId=] - Started EngagementScenarioE2eIT in 0.599 seconds (process running for 28.89)
2026-09-11 00:30:49.346 [main] WARN  c.g.g.a.s.FallbackSkillExecutionAdapter [traceId=,spanId=] - [SKILL-FALLBACK] 禁止本地补数 skillId=skill-customer-outreach-script requestId=REQ-OUTREACH-50b248b7-8577-42c5-9292-8fbe5e3c4c49
2026-09-11 00:30:49.346 [main] WARN  c.g.g.a.s.OutreachScriptService [traceId=,spanId=] - [OUTREACH-SKILL] dsh status=SKILL_ERROR empty=true, 不回填本地种子
2026-09-11 00:30:49.353 [main] WARN  c.g.g.a.s.FallbackSkillExecutionAdapter [traceId=,spanId=] - [SKILL-FALLBACK] 禁止本地补数 skillId=skill-customer-meeting-script requestId=REQ-MEETING-5b37f87c-8070-4ca1-8447-36db1ab45678
2026-09-11 00:30:49.353 [main] WARN  c.g.g.a.service.MeetingScriptService [traceId=,spanId=] - [MEETING-SKILL] dsh status=SKILL_ERROR empty=true, 不回填本地种子
2026-09-11 00:30:50.735 [main] WARN  c.g.g.a.s.FallbackSkillExecutionAdapter [traceId=,spanId=] - [SKILL-FALLBACK] 禁止本地补数 skillId=skill-customer-previsit-report requestId=REQ-PREVISIT-3326a924-5ed8-4db4-9a33-379f1517ea5a
2026-09-11 00:30:50.736 [main] INFO  c.g.g.a.s.KnowledgeDrivenPrevisitReportGenerator [traceId=,spanId=] - [PREVISIT-SKILL] trace phase=dkws status=failed kiId=null message=DKWS 未配置或不可达，未使用本地种子补数
2026-09-11 00:30:50.736 [main] WARN  c.g.g.a.s.KnowledgeDrivenPrevisitReportGenerator [traceId=,spanId=] - [PREVISIT-SKILL] dsh status=SKILL_ERROR，不回填本地种子
2026-09-11 00:30:51.197 [main] INFO  c.g.g.a.s.ProductMatchingService [traceId=,spanId=] - Matching products via DKWS Skill for customer: CUST-CORP-0001
2026-09-11 00:30:51.197 [main] WARN  c.g.g.a.s.FallbackSkillExecutionAdapter [traceId=,spanId=] - [SKILL-FALLBACK] 禁止本地补数 skillId=bank-front-product-recommendation requestId=REQ-PRODUCT-d7008fe8-c564-4de6-abf1-2e6789581691
2026-09-11 00:30:51.197 [main] WARN  c.g.g.a.s.ProductMatchingService [traceId=,spanId=] - [PRODUCT-SKILL] dsh status=SKILL_ERROR empty=true, 未使用 H2 流水种子规则
2026-09-11 00:30:51.565 [main] WARN  c.g.g.a.s.FallbackSkillExecutionAdapter [traceId=,spanId=] - [SKILL-FALLBACK] 禁止本地补数 skillId=skill-customer-previsit-report requestId=REQ-PREVISIT-6e4518c5-9f6d-429f-9b83-d8598bef71d8
2026-09-11 00:30:51.565 [main] INFO  c.g.g.a.s.KnowledgeDrivenPrevisitReportGenerator [traceId=,spanId=] - [PREVISIT-SKILL] trace phase=dkws status=failed kiId=null message=DKWS 未配置或不可达，未使用本地种子补数
2026-09-11 00:30:51.565 [main] WARN  c.g.g.a.s.KnowledgeDrivenPrevisitReportGenerator [traceId=,spanId=] - [PREVISIT-SKILL] dsh status=SKILL_ERROR，不回填本地种子
[INFO] Tests run: 14, Failures: 0, Errors: 0, Skipped: 0, Time elapsed: 3.922 s -- in com.gien.gits.api.e2e.EngagementScenarioE2eIT
[INFO] Running com.gien.gits.api.e2e.MechanismE2eIT
[INFO] Tests run: 1, Failures: 0, Errors: 0, Skipped: 0, Time elapsed: 0.364 s -- in com.gien.gits.api.e2e.MechanismE2eIT
[INFO] Running com.gien.gits.api.contract.ContractComplianceTest
[INFO] Running Schema 契约验证
[INFO] Tests run: 3, Failures: 0, Errors: 0, Skipped: 0, Time elapsed: 0.002 s -- in Schema 契约验证
[INFO] Running DMN 契约验证
[INFO] Tests run: 5, Failures: 0, Errors: 0, Skipped: 0, Time elapsed: 0.002 s -- in DMN 契约验证
[INFO] Running OpenAPI 契约验证
[INFO] Tests run: 4, Failures: 0, Errors: 0, Skipped: 0, Time elapsed: 0.017 s -- in OpenAPI 契约验证
[INFO] Tests run: 0, Failures: 0, Errors: 0, Skipped: 0, Time elapsed: 0.023 s -- in com.gien.gits.api.contract.ContractComplianceTest
[INFO] Running com.gien.gits.api.ArchitectureStatusControllerTest
2026-09-11 00:30:53.048 [main] INFO  o.s.t.c.s.AnnotationConfigContextLoaderUtils [traceId=,spanId=] - Could not detect default configuration classes for test class [com.gien.gits.api.ArchitectureStatusControllerTest]: ArchitectureStatusControllerTest does not declare any static, non-private, non-final, nested classes annotated with @Configuration.
2026-09-11 00:30:53.049 [main] INFO  o.s.b.t.c.SpringBootTestContextBootstrapper [traceId=,spanId=] - Found @SpringBootConfiguration com.gien.gits.api.GitsKnoApiApplication for test class com.gien.gits.api.ArchitectureStatusControllerTest
[INFO] Tests run: 1, Failures: 0, Errors: 0, Skipped: 0, Time elapsed: 0.013 s -- in com.gien.gits.api.ArchitectureStatusControllerTest
[INFO] Running com.gien.gits.api.integration.PersistenceIntegrationTest
2026-09-11 00:30:53.062 [main] INFO  o.s.t.c.s.AnnotationConfigContextLoaderUtils [traceId=,spanId=] - Could not detect default configuration classes for test class [com.gien.gits.api.integration.PersistenceIntegrationTest]: PersistenceIntegrationTest does not declare any static, non-private, non-final, nested classes annotated with @Configuration.
2026-09-11 00:30:53.065 [main] INFO  o.s.b.t.c.SpringBootTestContextBootstrapper [traceId=,spanId=] - Found @SpringBootConfiguration com.gien.gits.api.GitsKnoApiApplication for test class com.gien.gits.api.integration.PersistenceIntegrationTest
2026-09-11 00:30:53.075 [main] INFO  c.g.g.a.i.PersistenceIntegrationTest [traceId=,spanId=] - Starting PersistenceIntegrationTest using Java 21.0.11 with PID 98186 (started by szf in /home/szf/dev/gits-cbanking/apps/api)
2026-09-11 00:30:53.075 [main] INFO  c.g.g.a.i.PersistenceIntegrationTest [traceId=,spanId=] - No active profile set, falling back to 1 default profile: "default"
2026-09-11 00:30:53.283 [main] INFO  com.zaxxer.hikari.HikariDataSource [traceId=,spanId=] - HikariPool-5 - Starting...
2026-09-11 00:30:53.285 [main] INFO  com.zaxxer.hikari.pool.HikariPool [traceId=,spanId=] - HikariPool-5 - Added connection conn11: url=jdbc:h2:mem:integration-test user=SA
2026-09-11 00:30:53.285 [main] INFO  com.zaxxer.hikari.HikariDataSource [traceId=,spanId=] - HikariPool-5 - Start completed.
2026-09-11 00:30:53.286 [main] INFO  org.flywaydb.core.FlywayExecutor [traceId=,spanId=] - Database: jdbc:h2:mem:integration-test (H2 2.3)
2026-09-11 00:30:53.290 [main] INFO  o.f.c.i.s.JdbcTableSchemaHistory [traceId=,spanId=] - Schema history table "PUBLIC"."flyway_schema_history" does not exist yet
2026-09-11 00:30:53.291 [main] INFO  o.f.core.internal.command.DbValidate [traceId=,spanId=] - Successfully validated 23 migrations (execution time 00:00.003s)
2026-09-11 00:30:53.291 [main] INFO  org.flywaydb.core.Flyway [traceId=,spanId=] - All configured schemas are empty; baseline operation skipped. A baseline or migration script with a lower version than the baseline version may execute if available. Check the Schemas parameter if this is not intended.
2026-09-11 00:30:53.291 [main] INFO  o.f.c.i.s.JdbcTableSchemaHistory [traceId=,spanId=] - Creating Schema History table "PUBLIC"."flyway_schema_history" ...
2026-09-11 00:30:53.293 [main] INFO  o.f.core.internal.command.DbMigrate [traceId=,spanId=] - Current version of schema "PUBLIC": << Empty Schema >>
2026-09-11 00:30:53.294 [main] INFO  o.f.core.internal.command.DbMigrate [traceId=,spanId=] - Migrating schema "PUBLIC" to version "001 - operational ontology core"
2026-09-11 00:30:53.301 [main] INFO  o.f.core.internal.command.DbMigrate [traceId=,spanId=] - Migrating schema "PUBLIC" to version "002 - interaction enriched"
2026-09-11 00:30:53.307 [main] INFO  o.f.core.internal.command.DbMigrate [traceId=,spanId=] - Migrating schema "PUBLIC" to version "003 - customer context"
2026-09-11 00:30:53.309 [main] INFO  o.f.core.internal.command.DbMigrate [traceId=,spanId=] - Migrating schema "PUBLIC" to version "004 - knowledge rules"
2026-09-11 00:30:53.312 [main] INFO  o.f.core.internal.command.DbMigrate [traceId=,spanId=] - Migrating schema "PUBLIC" to version "005 - operating enrichment"
2026-09-11 00:30:53.316 [main] INFO  o.f.core.internal.command.DbMigrate [traceId=,spanId=] - Migrating schema "PUBLIC" to version "006 - enum check constraints"
2026-09-11 00:30:53.318 [main] INFO  o.f.core.internal.command.DbMigrate [traceId=,spanId=] - Migrating schema "PUBLIC" to version "007 - postvisit analysis and previsit report content"
2026-09-11 00:30:53.320 [main] INFO  o.f.core.internal.command.DbMigrate [traceId=,spanId=] - Migrating schema "PUBLIC" to version "008 - transaction"
2026-09-11 00:30:53.322 [main] INFO  o.f.core.internal.command.DbMigrate [traceId=,spanId=] - Migrating schema "PUBLIC" to version "009 - outreach and meeting script"
2026-09-11 00:30:53.324 [main] INFO  o.f.core.internal.command.DbMigrate [traceId=,spanId=] - Migrating schema "PUBLIC" to version "010 - production indexes"
2026-09-11 00:30:53.326 [main] INFO  o.f.core.internal.command.DbMigrate [traceId=,spanId=] - Migrating schema "PUBLIC" to version "011 - v11 operational ontology entities"
2026-09-11 00:30:53.346 [main] INFO  o.f.core.internal.command.DbMigrate [traceId=,spanId=] - Migrating schema "PUBLIC" to version "012 - v11 human action entities"
2026-09-11 00:30:53.351 [main] INFO  o.f.core.internal.command.DbMigrate [traceId=,spanId=] - Migrating schema "PUBLIC" to version "013 - v11 extension entities"
2026-09-11 00:30:53.356 [main] INFO  o.f.core.internal.command.DbMigrate [traceId=,spanId=] - Migrating schema "PUBLIC" to version "014 - v11 seed data"
2026-09-11 00:30:53.362 [main] INFO  o.f.core.internal.command.DbMigrate [traceId=,spanId=] - Migrating schema "PUBLIC" to version "015 - v11 human gate audit trace"
2026-09-11 00:30:53.369 [main] INFO  o.f.core.internal.command.DbMigrate [traceId=,spanId=] - Migrating schema "PUBLIC" to version "016 - v11 seed data"
2026-09-11 00:30:53.373 [main] INFO  o.f.core.internal.command.DbMigrate [traceId=,spanId=] - Migrating schema "PUBLIC" to version "017 - v11 signal and gap seed data"
2026-09-11 00:30:53.376 [main] INFO  o.f.core.internal.command.DbMigrate [traceId=,spanId=] - Migrating schema "PUBLIC" to version "018 - customer seed data"
2026-09-11 00:30:53.378 [main] INFO  o.f.core.internal.command.DbMigrate [traceId=,spanId=] - Migrating schema "PUBLIC" to version "019 - previsit report content v11 columns"
2026-09-11 00:30:53.391 [main] INFO  o.f.core.internal.command.DbMigrate [traceId=,spanId=] - Migrating schema "PUBLIC" to version "020 - product recommendation"
2026-09-11 00:30:53.394 [main] INFO  o.f.core.internal.command.DbMigrate [traceId=,spanId=] - Migrating schema "PUBLIC" to version "021 - corporate product knowledge seed"
2026-09-11 00:30:53.397 [main] INFO  o.f.core.internal.command.DbMigrate [traceId=,spanId=] - Migrating schema "PUBLIC" to version "022 - operating case and opportunity seed"
2026-09-11 00:30:53.401 [main] INFO  o.f.core.internal.command.DbMigrate [traceId=,spanId=] - Migrating schema "PUBLIC" to version "023 - demo customer 0003 gap and signal"
2026-09-11 00:30:53.402 [main] INFO  o.f.core.internal.command.DbMigrate [traceId=,spanId=] - Successfully applied 23 migrations to schema "PUBLIC", now at version v023 (execution time 00:00.054s)
2026-09-11 00:30:53.542 [main] INFO  c.g.g.a.a.ClasspathScenarioDataProvider [traceId=,spanId=] - [ScenarioData] Classpath provider initialized: root=classpath:scenario-data/
2026-09-11 00:30:53.542 [main] INFO  c.g.g.api.config.ScenarioDataConfig [traceId=,spanId=] - [ScenarioData] Using Classpath provider (fallback)
2026-09-11 00:30:53.543 [main] WARN  c.g.g.a.s.ScenarioSeedDataService [traceId=,spanId=] - Customer data loaded but external events missing — will retry full load
2026-09-11 00:30:53.543 [main] INFO  c.g.g.a.s.ScenarioSeedDataService [traceId=,spanId=] - === Loading scenario seed data (provider=classpath) ===
2026-09-11 00:30:53.550 [main] INFO  c.g.g.a.s.ScenarioSeedDataService [traceId=,spanId=] - Loaded customer master: 3 new records
2026-09-11 00:30:53.551 [main] INFO  c.g.g.a.s.ScenarioSeedDataService [traceId=,spanId=] - Loaded legal entities: 3 records
2026-09-11 00:30:53.551 [main] INFO  c.g.g.a.s.ScenarioSeedDataService [traceId=,spanId=] - Loaded group relationships: 2 records
2026-09-11 00:30:53.552 [main] INFO  c.g.g.a.s.ScenarioSeedDataService [traceId=,spanId=] - Loaded bank relationship snapshot: 1 record
2026-09-11 00:30:53.552 [main] INFO  c.g.g.a.s.ScenarioSeedDataService [traceId=,spanId=] - Loaded credit facilities: 3 records
2026-09-11 00:30:53.553 [main] INFO  c.g.g.a.s.ScenarioSeedDataService [traceId=,spanId=] - Loaded product catalog: 3 records
2026-09-11 00:30:53.553 [main] INFO  c.g.g.a.s.ScenarioSeedDataService [traceId=,spanId=] - Loaded policy rules: 5 records
2026-09-11 00:30:53.554 [main] INFO  c.g.g.a.s.ScenarioSeedDataService [traceId=,spanId=] - Loaded external events: 6 records (V1.0: 4 + V1.1: 2)
2026-09-11 00:30:53.554 [main] INFO  c.g.g.a.s.ScenarioSeedDataService [traceId=,spanId=] - Loaded KYC gap profile: 1 record
2026-09-11 00:30:53.575 [main] INFO  c.g.g.a.s.ScenarioSeedDataService [traceId=,spanId=] - Loaded transactions: 85 records (12 months for CUST-CORP-0001)
2026-09-11 00:30:53.589 [main] INFO  c.g.g.a.s.ScenarioSeedDataService [traceId=,spanId=] - Loaded interactions: 22 records (6 customers, multiple channels)
2026-09-11 00:30:53.591 [main] INFO  c.g.g.a.s.ScenarioSeedDataService [traceId=,spanId=] - Loaded journeys: 3 new records
2026-09-11 00:30:53.592 [main] INFO  c.g.g.a.s.ScenarioSeedDataService [traceId=,spanId=] - Loaded journey reports: 5 new records
2026-09-11 00:30:53.594 [main] INFO  c.g.g.a.s.ScenarioSeedDataService [traceId=,spanId=] - Loaded claims: 12 new records
2026-09-11 00:30:53.594 [main] INFO  c.g.g.a.s.ScenarioSeedDataService [traceId=,spanId=] - === Scenario seed data loaded successfully (provider=classpath) ===
2026-09-11 00:30:53.664 [main] INFO  o.s.b.a.e.web.EndpointLinksResolver [traceId=,spanId=] - Exposing 3 endpoints beneath base path '/actuator'
2026-09-11 00:30:53.670 [main] WARN  o.s.b.a.s.s.UserDetailsServiceAutoConfiguration [traceId=,spanId=] - 

Using generated security password: 534e4b2c-cfdc-41fa-9676-487f284d22b7

This generated password is for development use only. Your security configuration must be updated before running your application in production.

2026-09-11 00:30:53.670 [main] INFO  o.s.s.c.a.a.c.InitializeUserDetailsBeanManagerConfigurer$InitializeUserDetailsManagerConfigurer [traceId=,spanId=] - Global AuthenticationManager configured with UserDetailsService bean with name inMemoryUserDetailsManager
2026-09-11 00:30:53.689 [main] INFO  o.s.v.b.OptionalValidatorFactoryBean [traceId=,spanId=] - Failed to set up a Bean Validation provider: jakarta.validation.NoProviderFoundException: Unable to create a Configuration, because no Jakarta Bean Validation provider could be found. Add a provider like Hibernate Validator (RI) to your classpath.
2026-09-11 00:30:53.712 [main] INFO  o.s.b.a.h.H2ConsoleAutoConfiguration [traceId=,spanId=] - H2 console available at '/h2-console'. Database available at 'jdbc:h2:mem:integration-test'
2026-09-11 00:30:53.724 [main] INFO  o.s.s.config.TaskSchedulerRouter [traceId=,spanId=] - No TaskScheduler/ScheduledExecutorService bean found for scheduled processing
2026-09-11 00:30:53.725 [main] INFO  c.g.g.a.i.PersistenceIntegrationTest [traceId=,spanId=] - Started PersistenceIntegrationTest in 0.658 seconds (process running for 33.276)
[INFO] Tests run: 5, Failures: 0, Errors: 0, Skipped: 0, Time elapsed: 0.694 s -- in com.gien.gits.api.integration.PersistenceIntegrationTest
[INFO] Running com.gien.gits.api.security.SecurityConfigTest
2026-09-11 00:30:53.757 [main] INFO  o.s.t.c.s.AnnotationConfigContextLoaderUtils [traceId=,spanId=] - Could not detect default configuration classes for test class [com.gien.gits.api.security.SecurityConfigTest]: SecurityConfigTest does not declare any static, non-private, non-final, nested classes annotated with @Configuration.
2026-09-11 00:30:53.760 [main] INFO  o.s.b.t.c.SpringBootTestContextBootstrapper [traceId=,spanId=] - Found @SpringBootConfiguration com.gien.gits.api.GitsKnoApiApplication for test class com.gien.gits.api.security.SecurityConfigTest
[INFO] Running API Key认证行为
2026-09-11 00:30:53.763 [main] INFO  o.s.t.c.s.AnnotationConfigContextLoaderUtils [traceId=,spanId=] - Could not detect default configuration classes for test class [com.gien.gits.api.security.SecurityConfigTest$ApiKeyAuthTests]: ApiKeyAuthTests does not declare any static, non-private, non-final, nested classes annotated with @Configuration.
2026-09-11 00:30:53.764 [main] INFO  o.s.b.t.c.SpringBootTestContextBootstrapper [traceId=,spanId=] - Found @SpringBootConfiguration com.gien.gits.api.GitsKnoApiApplication for test class com.gien.gits.api.security.SecurityConfigTest$ApiKeyAuthTests
2026-09-11 00:30:53.773 [main] WARN  c.g.g.a.c.GlobalExceptionHandler [traceId=6aa2db3dc571648c104aef6194aeacaa,spanId=ee31c2146e8105ed] - No resource found: api/v1/engagement-journeys
2026-09-11 00:30:53.781 [main] WARN  c.g.g.a.c.GlobalExceptionHandler [traceId=6aa2db3d54aadf7a9f189df162acb426,spanId=3e7e5aed38a95f88] - No resource found: api/v1/customer-contexts
[INFO] Tests run: 2, Failures: 0, Errors: 0, Skipped: 0, Time elapsed: 0.023 s -- in API Key认证行为
[INFO] Running 安全基线: 敏感端点保护
2026-09-11 00:30:53.785 [main] INFO  o.s.t.c.s.AnnotationConfigContextLoaderUtils [traceId=,spanId=] - Could not detect default configuration classes for test class [com.gien.gits.api.security.SecurityConfigTest$SecurityBaselineTests]: SecurityBaselineTests does not declare any static, non-private, non-final, nested classes annotated with @Configuration.
2026-09-11 00:30:53.786 [main] INFO  o.s.b.t.c.SpringBootTestContextBootstrapper [traceId=,spanId=] - Found @SpringBootConfiguration com.gien.gits.api.GitsKnoApiApplication for test class com.gien.gits.api.security.SecurityConfigTest$SecurityBaselineTests
2026-09-11 00:30:53.791 [main] WARN  c.g.g.a.c.GlobalExceptionHandler [traceId=6aa2db3d88e69b9dc7dcb839e6dbc9d9,spanId=aa50088b7a5c7a94] - No resource found: h2-console
2026-09-11 00:30:53.797 [main] WARN  c.g.g.a.c.GlobalExceptionHandler [traceId=6aa2db3dc612bb9cc07487f4c65e3e78,spanId=735c9c22c29511f4] - No resource found: actuator/prometheus
[INFO] Tests run: 3, Failures: 0, Errors: 0, Skipped: 0, Time elapsed: 0.026 s -- in 安全基线: 敏感端点保护
[INFO] Running 开发模式: api-key为空，认证被跳过
2026-09-11 00:30:53.812 [main] INFO  o.s.t.c.s.AnnotationConfigContextLoaderUtils [traceId=,spanId=] - Could not detect default configuration classes for test class [com.gien.gits.api.security.SecurityConfigTest$DevModeTests]: DevModeTests does not declare any static, non-private, non-final, nested classes annotated with @Configuration.
2026-09-11 00:30:53.813 [main] INFO  o.s.b.t.c.SpringBootTestContextBootstrapper [traceId=,spanId=] - Found @SpringBootConfiguration com.gien.gits.api.GitsKnoApiApplication for test class com.gien.gits.api.security.SecurityConfigTest$DevModeTests
2026-09-11 00:30:53.819 [main] WARN  c.g.g.a.c.GlobalExceptionHandler [traceId=6aa2db3d1460a3492e598294358287de,spanId=4ad9beb9527d1c94] - No resource found: api/v1/engagement-journeys
[INFO] Tests run: 3, Failures: 0, Errors: 0, Skipped: 0, Time elapsed: 0.030 s -- in 开发模式: api-key为空，认证被跳过
[INFO] Tests run: 0, Failures: 0, Errors: 0, Skipped: 0, Time elapsed: 0.087 s -- in com.gien.gits.api.security.SecurityConfigTest
[INFO] Running com.gien.gits.api.security.ApiKeyAuthenticationFilterTest
2026-09-11 00:30:54.101 [main] WARN  c.g.g.a.s.ApiKeyAuthenticationFilter [traceId=,spanId=] - API Key rotation key used for path=/api/v1/test — ensure client migrates before deadline=2099-12-31
[INFO] Tests run: 9, Failures: 0, Errors: 0, Skipped: 0, Time elapsed: 0.259 s -- in com.gien.gits.api.security.ApiKeyAuthenticationFilterTest
[INFO] Running com.gien.gits.api.service.ServiceProposalServiceTest
2026-09-11 00:30:54.206 [main] INFO  c.g.g.a.s.ServiceProposalService [traceId=,spanId=] - [SP-20] generate customerId=CUST-CORP-0001 requestId=r3
2026-09-11 00:30:54.206 [main] WARN  c.g.g.a.s.ServiceProposalService [traceId=,spanId=] - [SP-20] 客户不存在，无法补齐 ContextPackage: customerId=CUST-CORP-0001
2026-09-11 00:30:54.209 [main] INFO  c.g.g.a.s.ServiceProposalService [traceId=,spanId=] - [SP-20] generate customerId=CUST-CORP-0001 requestId=r2
2026-09-11 00:30:54.212 [main] INFO  c.g.g.a.s.ServiceProposalService [traceId=,spanId=] - [SP-20] generate customerId=CUST-X requestId=r1
[INFO] Tests run: 3, Failures: 0, Errors: 0, Skipped: 0, Time elapsed: 0.107 s -- in com.gien.gits.api.service.ServiceProposalServiceTest
[INFO] Running com.gien.gits.api.service.OutreachScriptServiceTest
2026-09-11 00:30:54.268 [main] WARN  c.g.g.a.s.OutreachScriptService [traceId=,spanId=] - [OUTREACH-SKILL] DKWS 不可达，不使用本地种子: dsh down
2026-09-11 00:30:54.270 [main] WARN  c.g.g.a.s.OutreachScriptService [traceId=,spanId=] - [OUTREACH-SKILL] DKWS 不可达，不使用本地种子: dsh down
2026-09-11 00:30:54.273 [main] WARN  c.g.g.a.s.OutreachScriptService [traceId=,spanId=] - [OUTREACH-SKILL] dsh status=SKILL_ERROR empty=true, 不回填本地种子
[INFO] Tests run: 5, Failures: 0, Errors: 0, Skipped: 0, Time elapsed: 0.060 s -- in com.gien.gits.api.service.OutreachScriptServiceTest
[INFO] Running com.gien.gits.api.service.SupplyChainGraphServiceTest
2026-09-11 00:30:54.278 [main] WARN  c.g.g.a.s.SupplyChainGraphService [traceId=,spanId=] - [SCG] DKWS 不可达，不虚构图谱: DKWS 不可达
[INFO] Tests run: 8, Failures: 0, Errors: 0, Skipped: 0, Time elapsed: 0.010 s -- in com.gien.gits.api.service.SupplyChainGraphServiceTest
[INFO] Running com.gien.gits.api.service.V11ScenarioDataReaderTest
2026-09-11 00:30:54.287 [main] INFO  c.g.g.a.a.FileSystemScenarioDataProvider [traceId=,spanId=] - [ScenarioData] FileSystem provider initialized: root=/tmp/junit-17315577187320929821/scenario-data
2026-09-11 00:30:54.288 [main] INFO  c.g.g.a.a.FileSystemScenarioDataProvider [traceId=,spanId=] - [ScenarioData] FileSystem provider initialized: root=/tmp/junit-2272212824947493242/scenario-data
2026-09-11 00:30:54.293 [main] INFO  c.g.g.a.a.FileSystemScenarioDataProvider [traceId=,spanId=] - [ScenarioData] FileSystem provider initialized: root=/tmp/junit-12109165834214919807/scenario-data
2026-09-11 00:30:54.294 [main] INFO  c.g.g.a.a.FileSystemScenarioDataProvider [traceId=,spanId=] - [ScenarioData] FileSystem provider initialized: root=/tmp/junit-5694345936708347490/scenario-data
2026-09-11 00:30:54.295 [main] INFO  c.g.g.a.a.FileSystemScenarioDataProvider [traceId=,spanId=] - [ScenarioData] FileSystem provider initialized: root=/tmp/junit-461312053616432621/scenario-data
2026-09-11 00:30:54.297 [main] INFO  c.g.g.a.a.FileSystemScenarioDataProvider [traceId=,spanId=] - [ScenarioData] FileSystem provider initialized: root=/tmp/junit-17860526059598947145/scenario-data
2026-09-11 00:30:54.299 [main] INFO  c.g.g.a.a.FileSystemScenarioDataProvider [traceId=,spanId=] - [ScenarioData] FileSystem provider initialized: root=/tmp/junit-10519868136934208870/scenario-data
[INFO] Tests run: 7, Failures: 0, Errors: 0, Skipped: 0, Time elapsed: 0.015 s -- in com.gien.gits.api.service.V11ScenarioDataReaderTest
[INFO] Running com.gien.gits.api.service.PrevisitPreparationServiceTest
2026-09-11 00:30:54.416 [main] INFO  c.g.g.a.s.PrevisitPreparationService [traceId=,spanId=] - [PREPARE-PREVISIT] DKWS fan-out customerId=C-1 journeyId=J-1 skills=skill-customer-outreach-script,skill-customer-meeting-script,skill-customer-previsit-report
[INFO] Tests run: 4, Failures: 0, Errors: 0, Skipped: 0, Time elapsed: 0.120 s -- in com.gien.gits.api.service.PrevisitPreparationServiceTest
[INFO] Running com.gien.gits.api.service.CustomerOperatingViewServiceTest
[INFO] Tests run: 6, Failures: 0, Errors: 0, Skipped: 0, Time elapsed: 0.234 s -- in com.gien.gits.api.service.CustomerOperatingViewServiceTest
[INFO] Running com.gien.gits.api.service.ProductMatchingServiceTest
2026-09-11 00:30:54.656 [main] INFO  c.g.g.a.s.ProductMatchingService [traceId=,spanId=] - Matching products via DKWS Skill for customer: CUST-001
2026-09-11 00:30:54.657 [main] WARN  c.g.g.a.s.ProductMatchingService [traceId=,spanId=] - [PRODUCT-SKILL] DKWS 不可达，未使用 H2 流水种子规则: dsh down
2026-09-11 00:30:54.658 [main] INFO  c.g.g.a.s.ProductMatchingService [traceId=,spanId=] - Matching products via DKWS Skill for customer: CUST-UNKNOWN
2026-09-11 00:30:54.658 [main] WARN  c.g.g.a.s.ProductMatchingService [traceId=,spanId=] - Customer not found: CUST-UNKNOWN
2026-09-11 00:30:54.659 [main] INFO  c.g.g.a.s.ProductMatchingService [traceId=,spanId=] - Matching products via DKWS Skill for customer: CUST-001
2026-09-11 00:30:54.659 [main] WARN  c.g.g.a.s.ProductMatchingService [traceId=,spanId=] - [PRODUCT-SKILL] DKWS 不可达，未使用 H2 流水种子规则: dsh down
2026-09-11 00:30:54.661 [main] INFO  c.g.g.a.s.ProductMatchingService [traceId=,spanId=] - Matching products via DKWS Skill for customer: CUST-001
2026-09-11 00:30:54.661 [main] WARN  c.g.g.a.s.ProductMatchingService [traceId=,spanId=] - [PRODUCT-SKILL] dsh status=SKILL_ERROR empty=true, 未使用 H2 流水种子规则
2026-09-11 00:30:54.662 [main] INFO  c.g.g.a.s.ProductMatchingService [traceId=,spanId=] - Matching products via DKWS Skill for customer: CUST-001
[INFO] Tests run: 5, Failures: 0, Errors: 0, Skipped: 0, Time elapsed: 0.009 s -- in com.gien.gits.api.service.ProductMatchingServiceTest
[INFO] Running com.gien.gits.api.service.ProductRecommendationSp15RequestContractTest
2026-09-11 00:30:54.667 [main] INFO  c.g.g.a.s.ProductRecommendationApplicationService [traceId=,spanId=] - [PR-RUN] runId=3c0c9c23-eb34-4d85-9a45-315adc5a5cd7 succeeded, proposalVersionId=bc55d396-ee34-41a3-adca-4a88f5184791, status=AWAITING_HUMAN
2026-09-11 00:30:54.668 [main] INFO  c.g.g.a.s.ProductRecommendationApplicationService [traceId=,spanId=] - [PR-RUN] runId=c0fc72e0-b1e5-4591-b01a-415b09118375 succeeded, proposalVersionId=162b7463-d84f-4d73-ba0f-e20719f314a5, status=AWAITING_HUMAN
2026-09-11 00:30:54.668 [main] INFO  c.g.g.a.s.ProductRecommendationApplicationService [traceId=,spanId=] - [PR-RUN] runId=db521c16-378f-4f16-9529-0de36cd08beb succeeded, proposalVersionId=786e5bdc-1747-4fe9-9dc5-9c11254ed9ba, status=AWAITING_HUMAN
2026-09-11 00:30:54.669 [main] INFO  c.g.g.a.s.ProductRecommendationApplicationService [traceId=,spanId=] - [PR-RUN] runId=ef62b971-0bb7-4e7a-bf77-8caf918800cc succeeded, proposalVersionId=b31c13cc-7966-4489-8693-cf534e68063e, status=AWAITING_HUMAN
2026-09-11 00:30:54.670 [main] WARN  c.g.g.a.s.ProductRecommendationApplicationService [traceId=,spanId=] - [PR-RUN] KERT unreachable runId=fec9cec5-a83d-4a91-b4ae-76e42b5f1556: dsh down
2026-09-11 00:30:54.670 [main] WARN  c.g.g.a.s.ProductRecommendationApplicationService [traceId=,spanId=] - [PR-RUN] runId=fec9cec5-a83d-4a91-b4ae-76e42b5f1556 failed-closed status=FAILED_CLOSED errorCode=KERT_INTERNAL_ERROR message=dsh down
[INFO] Tests run: 5, Failures: 0, Errors: 0, Skipped: 0, Time elapsed: 0.005 s -- in com.gien.gits.api.service.ProductRecommendationSp15RequestContractTest
[INFO] Running com.gien.gits.api.service.ContextInheritanceServiceTest
[INFO] Tests run: 8, Failures: 0, Errors: 0, Skipped: 0, Time elapsed: 0.119 s -- in com.gien.gits.api.service.ContextInheritanceServiceTest
[INFO] Running com.gien.gits.api.service.report.SemanticPatternExtractionStrategyTest
[INFO] Running LLM集成与降级
2026-09-11 00:30:54.803 [main] WARN  c.g.g.a.s.r.SemanticPatternExtractionStrategy [traceId=,spanId=] - 解析LLM响应失败: Unrecognized token 'not': was expecting (JSON String, Number, Array, Object or token 'null', 'true' or 'false')
 at [Source: REDACTED (`StreamReadFeature.INCLUDE_SOURCE_IN_LOCATION` disabled); line: 1, column: 1]
2026-09-11 00:30:54.803 [main] WARN  c.g.g.a.s.r.SemanticPatternExtractionStrategy [traceId=,spanId=] - LLM语义提取失败，fallback到正则逻辑: Failed to parse LLM response
2026-09-11 00:30:54.805 [main] WARN  c.g.g.a.s.r.SemanticPatternExtractionStrategy [traceId=,spanId=] - LLM语义提取失败，fallback到正则逻辑: connection refused
[INFO] Tests run: 10, Failures: 0, Errors: 0, Skipped: 0, Time elapsed: 0.004 s -- in LLM集成与降级
[INFO] Running 风险信号识别
[INFO] Tests run: 2, Failures: 0, Errors: 0, Skipped: 0, Time elapsed: 0.002 s -- in 风险信号识别
[INFO] Running 承诺识别
[INFO] Tests run: 2, Failures: 0, Errors: 0, Skipped: 0, Time elapsed: 0.002 s -- in 承诺识别
[INFO] Running 融资需求识别
[INFO] Tests run: 3, Failures: 0, Errors: 0, Skipped: 0, Time elapsed: 0.005 s -- in 融资需求识别
[INFO] Running 空输入和无匹配场景
[INFO] Tests run: 3, Failures: 0, Errors: 0, Skipped: 0, Time elapsed: 0.003 s -- in 空输入和无匹配场景
[INFO] Tests run: 0, Failures: 0, Errors: 0, Skipped: 0, Time elapsed: 0.030 s -- in com.gien.gits.api.service.report.SemanticPatternExtractionStrategyTest
[INFO] Running com.gien.gits.api.service.report.ReportStrategyCoverageTest
[INFO] Tests run: 14, Failures: 0, Errors: 0, Skipped: 0, Time elapsed: 0.065 s -- in com.gien.gits.api.service.report.ReportStrategyCoverageTest
[INFO] Running com.gien.gits.api.service.ProductRecommendationApplicationServiceTest
2026-09-11 00:30:54.889 [main] WARN  c.g.g.a.s.ProductRecommendationApplicationService [traceId=,spanId=] - [PR-RUN] runId=a87d8ce4-1b35-44b1-a7ec-a964f865eafd failed-closed status=HELD errorCode=KERT_CONTEXT_INSUFFICIENT message=必须事实不足
2026-09-11 00:30:54.890 [main] INFO  c.g.g.a.s.ProductRecommendationApplicationService [traceId=,spanId=] - [PR-RUN] runId=75a4b8c0-d56f-4e41-a92a-26012c5c06b2 succeeded, proposalVersionId=62503eeb-dd63-48d2-8d57-9eb2d23736d5, status=AWAITING_HUMAN
2026-09-11 00:30:54.890 [main] INFO  c.g.g.a.s.ProductRecommendationApplicationService [traceId=,spanId=] - [PR-RUN] idempotency hit idempotencyKey=IDEM-1 runId=75a4b8c0-d56f-4e41-a92a-26012c5c06b2
2026-09-11 00:30:54.891 [main] WARN  c.g.g.a.s.ProductRecommendationApplicationService [traceId=,spanId=] - [PR-RUN] duplicate idempotencyKey=IDEM-CONCURRENT, re-reading existing run
2026-09-11 00:30:54.892 [main] INFO  c.g.g.a.s.ProductRecommendationApplicationService [traceId=,spanId=] - [PR-RUN] runId=59742b9a-2aae-4d70-8f02-1f022c0843aa succeeded, proposalVersionId=7ef8dde1-9d15-4bc0-b829-da5d4ba4d0f2, status=AWAITING_HUMAN
2026-09-11 00:30:54.892 [main] INFO  c.g.g.a.s.ProductRecommendationApplicationService [traceId=,spanId=] - [PR-RUN] runId=59742b9a-2aae-4d70-8f02-1f022c0843aa decided APPROVE by RM-1 -> status=APPROVED
2026-09-11 00:30:54.893 [main] INFO  c.g.g.a.s.ProductRecommendationApplicationService [traceId=,spanId=] - [PR-RUN] runId=6257d112-e030-4678-abfe-f680dc68f38e succeeded, proposalVersionId=f12cf4d7-07de-48bb-b424-fe8779092cf6, status=AWAITING_HUMAN
2026-09-11 00:30:54.896 [main] WARN  c.g.g.a.s.ProductRecommendationApplicationService [traceId=,spanId=] - [PR-RUN] KERT unreachable runId=4147813e-9609-48e3-9dcb-f9a5bc0581c1: dsh down
2026-09-11 00:30:54.896 [main] WARN  c.g.g.a.s.ProductRecommendationApplicationService [traceId=,spanId=] - [PR-RUN] runId=4147813e-9609-48e3-9dcb-f9a5bc0581c1 failed-closed status=FAILED_CLOSED errorCode=KERT_INTERNAL_ERROR message=dsh down
[INFO] Tests run: 10, Failures: 0, Errors: 0, Skipped: 0, Time elapsed: 0.008 s -- in com.gien.gits.api.service.ProductRecommendationApplicationServiceTest
[INFO] Running com.gien.gits.api.service.QuickBattleCardFromSkillTest
[INFO] Tests run: 7, Failures: 0, Errors: 0, Skipped: 0, Time elapsed: 0.002 s -- in com.gien.gits.api.service.QuickBattleCardFromSkillTest
[INFO] Running com.gien.gits.api.service.KnowledgeDrivenPrevisitReportGeneratorTest
2026-09-11 00:30:54.901 [main] WARN  c.g.g.a.s.KnowledgeDrivenPrevisitReportGenerator [traceId=,spanId=] - [PREVISIT-SKILL] DKWS 不可达，不使用本地种子: dsh down
2026-09-11 00:30:54.901 [main] WARN  c.g.g.a.s.KnowledgeDrivenPrevisitReportGenerator [traceId=,spanId=] - [PREVISIT-SKILL] DKWS 不可达，不使用本地种子: dsh down
2026-09-11 00:30:54.902 [main] INFO  c.g.g.a.s.KnowledgeDrivenPrevisitReportGenerator [traceId=,spanId=] - [PREVISIT-SKILL] trace phase=resolve status=ok kiId=null message=定位 skill
2026-09-11 00:30:54.903 [main] INFO  c.g.g.a.s.KnowledgeDrivenPrevisitReportGenerator [traceId=,spanId=] - [PREVISIT-SKILL] trace phase=evidence status=skipped kiId=KI-FRONT-002 message=无知识
[INFO] Tests run: 4, Failures: 0, Errors: 0, Skipped: 0, Time elapsed: 0.003 s -- in com.gien.gits.api.service.KnowledgeDrivenPrevisitReportGeneratorTest
[INFO] Running com.gien.gits.api.service.MeetingScriptServiceTest
2026-09-11 00:30:54.955 [main] WARN  c.g.g.a.service.MeetingScriptService [traceId=,spanId=] - [MEETING-SKILL] DKWS 不可达，不使用本地种子: dsh down
2026-09-11 00:30:54.957 [main] WARN  c.g.g.a.service.MeetingScriptService [traceId=,spanId=] - [MEETING-SKILL] dsh status=SKILL_ERROR empty=true, 不回填本地种子
2026-09-11 00:30:54.958 [main] WARN  c.g.g.a.service.MeetingScriptService [traceId=,spanId=] - [MEETING-SKILL] DKWS 不可达，不使用本地种子: dsh down
[INFO] Tests run: 5, Failures: 0, Errors: 0, Skipped: 0, Time elapsed: 0.055 s -- in com.gien.gits.api.service.MeetingScriptServiceTest
[INFO] Running com.gien.gits.api.service.V11ScenarioDataLoaderTest
2026-09-11 00:30:55.014 [main] INFO  c.g.g.a.s.V11ScenarioDataLoader [traceId=,spanId=] - [V11Loader] Loaded customers: 1 records
2026-09-11 00:30:55.016 [main] INFO  c.g.g.a.s.V11ScenarioDataLoader [traceId=,spanId=] - [V11Loader] Loaded legal entities: 0 records
2026-09-11 00:30:55.017 [main] INFO  c.g.g.a.s.V11ScenarioDataLoader [traceId=,spanId=] - [V11Loader] Loaded product knowledge cards: 0 records
2026-09-11 00:30:55.018 [main] INFO  c.g.g.a.s.V11ScenarioDataLoader [traceId=,spanId=] - [V11Loader] Loaded historical interactions: 0 records
2026-09-11 00:30:55.018 [main] WARN  c.g.g.a.s.V11ScenarioDataLoader [traceId=,spanId=] - [V11Loader] Failed to map customer: customerName is required
2026-09-11 00:30:55.018 [main] INFO  c.g.g.a.s.V11ScenarioDataLoader [traceId=,spanId=] - [V11Loader] Loaded customers: 0 records
2026-09-11 00:30:55.019 [main] INFO  c.g.g.a.s.V11ScenarioDataLoader [traceId=,spanId=] - [V11Loader] Loaded credit facilities: 1 records
2026-09-11 00:30:55.020 [main] INFO  c.g.g.a.s.V11ScenarioDataLoader [traceId=,spanId=] - [V11Loader] Loaded credit facilities: 0 records
2026-09-11 00:30:55.021 [main] INFO  c.g.g.a.s.V11ScenarioDataLoader [traceId=,spanId=] - [V11Loader] Loaded external events: 1 records
2026-09-11 00:30:55.022 [main] INFO  c.g.g.a.s.V11ScenarioDataLoader [traceId=,spanId=] - [V11Loader] Loaded product knowledge cards: 1 records
2026-09-11 00:30:55.023 [main] INFO  c.g.g.a.s.V11ScenarioDataLoader [traceId=,spanId=] - [V11Loader] Loaded group relationships: 1 records
2026-09-11 00:30:55.024 [main] INFO  c.g.g.a.s.V11ScenarioDataLoader [traceId=,spanId=] - [V11Loader] Loaded historical interactions: 1 records
2026-09-11 00:30:55.025 [main] INFO  c.g.g.a.s.V11ScenarioDataLoader [traceId=,spanId=] - [V11Loader] Loaded customers: 0 records
2026-09-11 00:30:55.026 [main] INFO  c.g.g.a.s.V11ScenarioDataLoader [traceId=,spanId=] - [V11Loader] Loaded customers: 1 records
2026-09-11 00:30:55.027 [main] INFO  c.g.g.a.s.V11ScenarioDataLoader [traceId=,spanId=] - [V11Loader] Loaded legal entities: 1 records
2026-09-11 00:30:55.027 [main] INFO  c.g.g.a.s.V11ScenarioDataLoader [traceId=,spanId=] - [V11Loader] Loaded group relationships: 0 records
2026-09-11 00:30:55.028 [main] INFO  c.g.g.a.s.V11ScenarioDataLoader [traceId=,spanId=] - [V11Loader] Loaded external events: 0 records
[INFO] Tests run: 20, Failures: 0, Errors: 0, Skipped: 0, Time elapsed: 0.069 s -- in com.gien.gits.api.service.V11ScenarioDataLoaderTest
[INFO] Running com.gien.gits.api.service.ProductRecommendationHumanGateServiceTest
2026-09-11 00:30:55.036 [main] INFO  c.g.g.a.s.ProductRecommendationHumanGateService [traceId=,spanId=] - HumanGate decided: gateId=gate-1, decision=APPROVE, actor=u-1
2026-09-11 00:30:55.037 [main] INFO  c.g.g.a.s.ProductRecommendationHumanGateService [traceId=,spanId=] - [HG-D01] gateId=HG-D01 decided APPROVE by RM-1 runId=run-1 proposalVersionId=V1
2026-09-11 00:30:55.038 [main] INFO  c.g.g.a.s.ProductRecommendationHumanGateService [traceId=,spanId=] - [HG-D01] gateId=HG-D01 decided APPROVE by RM-1 runId=run-1 proposalVersionId=V1
[INFO] Tests run: 9, Failures: 0, Errors: 0, Skipped: 0, Time elapsed: 0.010 s -- in com.gien.gits.api.service.ProductRecommendationHumanGateServiceTest
[INFO] Running com.gien.gits.api.service.ReportGenerationServicePreviousReportIdTest
[INFO] Tests run: 2, Failures: 0, Errors: 0, Skipped: 0, Time elapsed: 0.302 s -- in com.gien.gits.api.service.ReportGenerationServicePreviousReportIdTest
[INFO] Running com.gien.gits.api.service.KnowledgeWikiServiceTest
2026-09-11 00:30:55.346 [main] WARN  c.g.g.a.service.KnowledgeWikiService [traceId=,spanId=] - KnowledgeWiki LLM call failed, falling back to template: scope=KM-CORP-RM-PREVISIT error=llm down
[INFO] Tests run: 4, Failures: 0, Errors: 0, Skipped: 0, Time elapsed: 0.005 s -- in com.gien.gits.api.service.KnowledgeWikiServiceTest
[INFO] 
[INFO] Results:
[INFO] 
[INFO] Tests run: 450, Failures: 0, Errors: 0, Skipped: 4
[INFO] 
[INFO] 
[INFO] --- jacoco:0.8.12:report (report) @ gits-kno-api ---
[INFO] Loading execution data file /home/szf/dev/gits-cbanking/apps/api/target/jacoco.exec
[INFO] Analyzed bundle 'gits-kno-api' with 217 classes
[INFO] ------------------------------------------------------------------------
[INFO] Reactor Summary for GITS Knowledge Engineering 0.1.0-SNAPSHOT:
[INFO] 
[INFO] GITS Knowledge Engineering ......................... SUCCESS [  0.186 s]
[INFO] operational-ontology ............................... SUCCESS [  0.809 s]
[INFO] semantic-runtime ................................... SUCCESS [  0.325 s]
[INFO] knowledge-architecture ............................. SUCCESS [  0.412 s]
[INFO] context-evidence ................................... SUCCESS [  0.368 s]
[INFO] scenario-execute ................................... SUCCESS [  0.488 s]
[INFO] human-action ....................................... SUCCESS [  0.335 s]
[INFO] evaluation ......................................... SUCCESS [  0.381 s]
[INFO] scenario-customer-journey .......................... SUCCESS [  0.440 s]
[INFO] semantic-jena ...................................... SUCCESS [  1.027 s]
[INFO] persistence-relational ............................. SUCCESS [  0.738 s]
[INFO] Oracle Source Adapter .............................. SUCCESS [  0.628 s]
[INFO] knowledge-filesystem ............................... SUCCESS [  0.581 s]
[INFO] gits-kno-api ....................................... SUCCESS [ 36.289 s]
[INFO] ------------------------------------------------------------------------
[INFO] BUILD SUCCESS
[INFO] ------------------------------------------------------------------------
[INFO] Total time:  43.256 s
[INFO] Finished at: 2026-09-11T00:30:56+08:00
[INFO] ------------------------------------------------------------------------

STDERR
SLF4J(W): No SLF4J providers were found.
SLF4J(W): Defaulting to no-operation (NOP) logger implementation
SLF4J(W): See https://www.slf4j.org/codes.html#noProviders for further details.
SLF4J(W): No SLF4J providers were found.
SLF4J(W): Defaulting to no-operation (NOP) logger implementation
SLF4J(W): See https://www.slf4j.org/codes.html#noProviders for further details.
Mockito is currently self-attaching to enable the inline-mock-maker. This will no longer work in future releases of the JDK. Please add Mockito as an agent to your build as described in Mockito's documentation: https://javadoc.io/doc/org.mockito/mockito-core/latest/org.mockito/org/mockito/Mockito.html#0.3
OpenJDK 64-Bit Server VM warning: Sharing is only supported for boot loader classes because bootstrap classpath has been appended
WARNING: A Java agent has been loaded dynamically (/home/szf/.m2/repository/net/bytebuddy/byte-buddy-agent/1.17.8/byte-buddy-agent-1.17.8.jar)
WARNING: If a serviceability tool is in use, please run with -XX:+EnableDynamicAgentLoading to hide this warning
WARNING: If a serviceability tool is not in use, please run with -Djdk.instrument.traceUsage for more information
WARNING: Dynamic loading of agents will be disallowed by default in a future release
