COMMAND=./mvnw --batch-mode --no-transfer-progress -pl apps/api -am test -Dtest=EngagementJourneyControllerTest -Dsurefire.failIfNoSpecifiedTests=false -Ddependency-check.skip=true
EXIT_CODE=1
STDOUT
[INFO] Scanning for projects...
[INFO] ------------------------------------------------------------------------
[INFO] Reactor Build Order:
[INFO] 
[INFO] GITS Knowledge Engineering                                         [pom]
[INFO] operational-ontology                                               [jar]
[INFO] semantic-runtime                                                   [jar]
[INFO] knowledge-architecture                                             [jar]
[INFO] context-evidence                                                   [jar]
[INFO] scenario-execute                                                   [jar]
[INFO] human-action                                                       [jar]
[INFO] evaluation                                                         [jar]
[INFO] scenario-customer-journey                                          [jar]
[INFO] semantic-jena                                                      [jar]
[INFO] persistence-relational                                             [jar]
[INFO] Oracle Source Adapter                                              [jar]
[INFO] knowledge-filesystem                                               [jar]
[INFO] gits-kno-api                                                       [jar]
[INFO] 
[INFO] --------------< com.gien.gits:gits-knowledge-engineering >--------------
[INFO] Building GITS Knowledge Engineering 0.1.0-SNAPSHOT                [1/14]
[INFO]   from pom.xml
[INFO] --------------------------------[ pom ]---------------------------------
[INFO] 
[INFO] --- enforcer:3.6.2:enforce (enforce-toolchain) @ gits-knowledge-engineering ---
[INFO] Rule 0: org.apache.maven.enforcer.rules.version.RequireJavaVersion passed
[INFO] Rule 1: org.apache.maven.enforcer.rules.version.RequireMavenVersion passed
[INFO] 
[INFO] -----------------< com.gien.gits:operational-ontology >-----------------
[INFO] Building operational-ontology 0.1.0-SNAPSHOT                      [2/14]
[INFO]   from modules/operational-ontology/pom.xml
[INFO] --------------------------------[ jar ]---------------------------------
[INFO] 
[INFO] --- enforcer:3.6.2:enforce (enforce-toolchain) @ operational-ontology ---
[INFO] 
[INFO] --- resources:3.3.1:resources (default-resources) @ operational-ontology ---
[INFO] skip non existing resourceDirectory /home/szf/dev/gits-cbanking/modules/operational-ontology/src/main/resources
[INFO] skip non existing resourceDirectory /home/szf/dev/gits-cbanking/modules/operational-ontology/src/main/resources
[INFO] 
[INFO] --- compiler:3.14.1:compile (default-compile) @ operational-ontology ---
[WARNING]  Parameter 'compilerVersion' (user property 'maven.compiler.compilerVersion') is deprecated: This parameter is no longer evaluated by the underlying compilers, instead the actual version of the javac binary is automatically retrieved.
[INFO] Nothing to compile - all classes are up to date.
[INFO] 
[INFO] --- resources:3.3.1:testResources (default-testResources) @ operational-ontology ---
[INFO] skip non existing resourceDirectory /home/szf/dev/gits-cbanking/modules/operational-ontology/src/test/resources
[INFO] 
[INFO] --- compiler:3.14.1:testCompile (default-testCompile) @ operational-ontology ---
[WARNING]  Parameter 'compilerVersion' (user property 'maven.compiler.compilerVersion') is deprecated: This parameter is no longer evaluated by the underlying compilers, instead the actual version of the javac binary is automatically retrieved.
[INFO] Nothing to compile - all classes are up to date.
[INFO] 
[INFO] --- surefire:3.5.6:test (default-test) @ operational-ontology ---
[INFO] 
[INFO] -------------------< com.gien.gits:semantic-runtime >-------------------
[INFO] Building semantic-runtime 0.1.0-SNAPSHOT                          [3/14]
[INFO]   from modules/semantic-runtime/pom.xml
[INFO] --------------------------------[ jar ]---------------------------------
[INFO] 
[INFO] --- enforcer:3.6.2:enforce (enforce-toolchain) @ semantic-runtime ---
[INFO] 
[INFO] --- resources:3.3.1:resources (default-resources) @ semantic-runtime ---
[INFO] skip non existing resourceDirectory /home/szf/dev/gits-cbanking/modules/semantic-runtime/src/main/resources
[INFO] skip non existing resourceDirectory /home/szf/dev/gits-cbanking/modules/semantic-runtime/src/main/resources
[INFO] 
[INFO] --- compiler:3.14.1:compile (default-compile) @ semantic-runtime ---
[WARNING]  Parameter 'compilerVersion' (user property 'maven.compiler.compilerVersion') is deprecated: This parameter is no longer evaluated by the underlying compilers, instead the actual version of the javac binary is automatically retrieved.
[INFO] Nothing to compile - all classes are up to date.
[INFO] 
[INFO] --- resources:3.3.1:testResources (default-testResources) @ semantic-runtime ---
[INFO] skip non existing resourceDirectory /home/szf/dev/gits-cbanking/modules/semantic-runtime/src/test/resources
[INFO] 
[INFO] --- compiler:3.14.1:testCompile (default-testCompile) @ semantic-runtime ---
[WARNING]  Parameter 'compilerVersion' (user property 'maven.compiler.compilerVersion') is deprecated: This parameter is no longer evaluated by the underlying compilers, instead the actual version of the javac binary is automatically retrieved.
[INFO] Nothing to compile - all classes are up to date.
[INFO] 
[INFO] --- surefire:3.5.6:test (default-test) @ semantic-runtime ---
[INFO] 
[INFO] ----------------< com.gien.gits:knowledge-architecture >----------------
[INFO] Building knowledge-architecture 0.1.0-SNAPSHOT                    [4/14]
[INFO]   from modules/knowledge-architecture/pom.xml
[INFO] --------------------------------[ jar ]---------------------------------
[INFO] 
[INFO] --- enforcer:3.6.2:enforce (enforce-toolchain) @ knowledge-architecture ---
[INFO] 
[INFO] --- resources:3.3.1:resources (default-resources) @ knowledge-architecture ---
[INFO] skip non existing resourceDirectory /home/szf/dev/gits-cbanking/modules/knowledge-architecture/src/main/resources
[INFO] skip non existing resourceDirectory /home/szf/dev/gits-cbanking/modules/knowledge-architecture/src/main/resources
[INFO] 
[INFO] --- compiler:3.14.1:compile (default-compile) @ knowledge-architecture ---
[WARNING]  Parameter 'compilerVersion' (user property 'maven.compiler.compilerVersion') is deprecated: This parameter is no longer evaluated by the underlying compilers, instead the actual version of the javac binary is automatically retrieved.
[INFO] Nothing to compile - all classes are up to date.
[INFO] 
[INFO] --- resources:3.3.1:testResources (default-testResources) @ knowledge-architecture ---
[INFO] Copying 9 resources from src/test/resources to target/test-classes
[INFO] 
[INFO] --- compiler:3.14.1:testCompile (default-testCompile) @ knowledge-architecture ---
[WARNING]  Parameter 'compilerVersion' (user property 'maven.compiler.compilerVersion') is deprecated: This parameter is no longer evaluated by the underlying compilers, instead the actual version of the javac binary is automatically retrieved.
[INFO] Nothing to compile - all classes are up to date.
[INFO] 
[INFO] --- surefire:3.5.6:test (default-test) @ knowledge-architecture ---
[INFO] 
[INFO] -------------------< com.gien.gits:context-evidence >-------------------
[INFO] Building context-evidence 0.1.0-SNAPSHOT                          [5/14]
[INFO]   from modules/context-evidence/pom.xml
[INFO] --------------------------------[ jar ]---------------------------------
[INFO] 
[INFO] --- enforcer:3.6.2:enforce (enforce-toolchain) @ context-evidence ---
[INFO] 
[INFO] --- resources:3.3.1:resources (default-resources) @ context-evidence ---
[INFO] skip non existing resourceDirectory /home/szf/dev/gits-cbanking/modules/context-evidence/src/main/resources
[INFO] skip non existing resourceDirectory /home/szf/dev/gits-cbanking/modules/context-evidence/src/main/resources
[INFO] 
[INFO] --- compiler:3.14.1:compile (default-compile) @ context-evidence ---
[WARNING]  Parameter 'compilerVersion' (user property 'maven.compiler.compilerVersion') is deprecated: This parameter is no longer evaluated by the underlying compilers, instead the actual version of the javac binary is automatically retrieved.
[INFO] Nothing to compile - all classes are up to date.
[INFO] 
[INFO] --- resources:3.3.1:testResources (default-testResources) @ context-evidence ---
[INFO] skip non existing resourceDirectory /home/szf/dev/gits-cbanking/modules/context-evidence/src/test/resources
[INFO] 
[INFO] --- compiler:3.14.1:testCompile (default-testCompile) @ context-evidence ---
[WARNING]  Parameter 'compilerVersion' (user property 'maven.compiler.compilerVersion') is deprecated: This parameter is no longer evaluated by the underlying compilers, instead the actual version of the javac binary is automatically retrieved.
[INFO] Nothing to compile - all classes are up to date.
[INFO] 
[INFO] --- surefire:3.5.6:test (default-test) @ context-evidence ---
[INFO] 
[INFO] -------------------< com.gien.gits:scenario-execute >-------------------
[INFO] Building scenario-execute 0.1.0-SNAPSHOT                          [6/14]
[INFO]   from scenario/execute/pom.xml
[INFO] --------------------------------[ jar ]---------------------------------
[INFO] 
[INFO] --- enforcer:3.6.2:enforce (enforce-toolchain) @ scenario-execute ---
[INFO] 
[INFO] --- resources:3.3.1:resources (default-resources) @ scenario-execute ---
[INFO] skip non existing resourceDirectory /home/szf/dev/gits-cbanking/scenario/execute/src/main/resources
[INFO] skip non existing resourceDirectory /home/szf/dev/gits-cbanking/scenario/execute/src/main/resources
[INFO] 
[INFO] --- compiler:3.14.1:compile (default-compile) @ scenario-execute ---
[WARNING]  Parameter 'compilerVersion' (user property 'maven.compiler.compilerVersion') is deprecated: This parameter is no longer evaluated by the underlying compilers, instead the actual version of the javac binary is automatically retrieved.
[INFO] Recompiling the module because of changed source code.
[INFO] Compiling 35 source files with javac [debug parameters release 21] to target/classes
[INFO] 
[INFO] --- resources:3.3.1:testResources (default-testResources) @ scenario-execute ---
[INFO] skip non existing resourceDirectory /home/szf/dev/gits-cbanking/scenario/execute/src/test/resources
[INFO] 
[INFO] --- compiler:3.14.1:testCompile (default-testCompile) @ scenario-execute ---
[WARNING]  Parameter 'compilerVersion' (user property 'maven.compiler.compilerVersion') is deprecated: This parameter is no longer evaluated by the underlying compilers, instead the actual version of the javac binary is automatically retrieved.
[INFO] Recompiling the module because of changed dependency.
[INFO] Compiling 8 source files with javac [debug parameters release 21] to target/test-classes
[INFO] 
[INFO] --- surefire:3.5.6:test (default-test) @ scenario-execute ---
[INFO] 
[INFO] ---------------------< com.gien.gits:human-action >---------------------
[INFO] Building human-action 0.1.0-SNAPSHOT                              [7/14]
[INFO]   from modules/human-action/pom.xml
[INFO] --------------------------------[ jar ]---------------------------------
[INFO] 
[INFO] --- enforcer:3.6.2:enforce (enforce-toolchain) @ human-action ---
[INFO] 
[INFO] --- resources:3.3.1:resources (default-resources) @ human-action ---
[INFO] skip non existing resourceDirectory /home/szf/dev/gits-cbanking/modules/human-action/src/main/resources
[INFO] skip non existing resourceDirectory /home/szf/dev/gits-cbanking/modules/human-action/src/main/resources
[INFO] 
[INFO] --- compiler:3.14.1:compile (default-compile) @ human-action ---
[WARNING]  Parameter 'compilerVersion' (user property 'maven.compiler.compilerVersion') is deprecated: This parameter is no longer evaluated by the underlying compilers, instead the actual version of the javac binary is automatically retrieved.
[INFO] Recompiling the module because of changed dependency.
[INFO] Compiling 11 source files with javac [debug parameters release 21] to target/classes
[INFO] 
[INFO] --- resources:3.3.1:testResources (default-testResources) @ human-action ---
[INFO] skip non existing resourceDirectory /home/szf/dev/gits-cbanking/modules/human-action/src/test/resources
[INFO] 
[INFO] --- compiler:3.14.1:testCompile (default-testCompile) @ human-action ---
[WARNING]  Parameter 'compilerVersion' (user property 'maven.compiler.compilerVersion') is deprecated: This parameter is no longer evaluated by the underlying compilers, instead the actual version of the javac binary is automatically retrieved.
[INFO] Recompiling the module because of changed dependency.
[INFO] Compiling 2 source files with javac [debug parameters release 21] to target/test-classes
[INFO] 
[INFO] --- surefire:3.5.6:test (default-test) @ human-action ---
[INFO] 
[INFO] ----------------------< com.gien.gits:evaluation >----------------------
[INFO] Building evaluation 0.1.0-SNAPSHOT                                [8/14]
[INFO]   from modules/evaluation/pom.xml
[INFO] --------------------------------[ jar ]---------------------------------
[INFO] 
[INFO] --- enforcer:3.6.2:enforce (enforce-toolchain) @ evaluation ---
[INFO] 
[INFO] --- resources:3.3.1:resources (default-resources) @ evaluation ---
[INFO] skip non existing resourceDirectory /home/szf/dev/gits-cbanking/modules/evaluation/src/main/resources
[INFO] skip non existing resourceDirectory /home/szf/dev/gits-cbanking/modules/evaluation/src/main/resources
[INFO] 
[INFO] --- compiler:3.14.1:compile (default-compile) @ evaluation ---
[WARNING]  Parameter 'compilerVersion' (user property 'maven.compiler.compilerVersion') is deprecated: This parameter is no longer evaluated by the underlying compilers, instead the actual version of the javac binary is automatically retrieved.
[INFO] Nothing to compile - all classes are up to date.
[INFO] 
[INFO] --- resources:3.3.1:testResources (default-testResources) @ evaluation ---
[INFO] skip non existing resourceDirectory /home/szf/dev/gits-cbanking/modules/evaluation/src/test/resources
[INFO] 
[INFO] --- compiler:3.14.1:testCompile (default-testCompile) @ evaluation ---
[WARNING]  Parameter 'compilerVersion' (user property 'maven.compiler.compilerVersion') is deprecated: This parameter is no longer evaluated by the underlying compilers, instead the actual version of the javac binary is automatically retrieved.
[INFO] Nothing to compile - all classes are up to date.
[INFO] 
[INFO] --- surefire:3.5.6:test (default-test) @ evaluation ---
[INFO] 
[INFO] --------------< com.gien.gits:scenario-customer-journey >---------------
[INFO] Building scenario-customer-journey 0.1.0-SNAPSHOT                 [9/14]
[INFO]   from modules/scenario-customer-journey/pom.xml
[INFO] --------------------------------[ jar ]---------------------------------
[INFO] 
[INFO] --- enforcer:3.6.2:enforce (enforce-toolchain) @ scenario-customer-journey ---
[INFO] 
[INFO] --- resources:3.3.1:resources (default-resources) @ scenario-customer-journey ---
[INFO] skip non existing resourceDirectory /home/szf/dev/gits-cbanking/modules/scenario-customer-journey/src/main/resources
[INFO] skip non existing resourceDirectory /home/szf/dev/gits-cbanking/modules/scenario-customer-journey/src/main/resources
[INFO] 
[INFO] --- compiler:3.14.1:compile (default-compile) @ scenario-customer-journey ---
[WARNING]  Parameter 'compilerVersion' (user property 'maven.compiler.compilerVersion') is deprecated: This parameter is no longer evaluated by the underlying compilers, instead the actual version of the javac binary is automatically retrieved.
[INFO] Recompiling the module because of changed source code.
[INFO] Compiling 23 source files with javac [debug parameters release 21] to target/classes
[INFO] 
[INFO] --- resources:3.3.1:testResources (default-testResources) @ scenario-customer-journey ---
[INFO] skip non existing resourceDirectory /home/szf/dev/gits-cbanking/modules/scenario-customer-journey/src/test/resources
[INFO] 
[INFO] --- compiler:3.14.1:testCompile (default-testCompile) @ scenario-customer-journey ---
[WARNING]  Parameter 'compilerVersion' (user property 'maven.compiler.compilerVersion') is deprecated: This parameter is no longer evaluated by the underlying compilers, instead the actual version of the javac binary is automatically retrieved.
[INFO] Recompiling the module because of changed dependency.
[INFO] Compiling 5 source files with javac [debug parameters release 21] to target/test-classes
[INFO] 
[INFO] --- surefire:3.5.6:test (default-test) @ scenario-customer-journey ---
[INFO] 
[INFO] --------------------< com.gien.gits:semantic-jena >---------------------
[INFO] Building semantic-jena 0.1.0-SNAPSHOT                            [10/14]
[INFO]   from adapters/semantic-jena/pom.xml
[INFO] --------------------------------[ jar ]---------------------------------
[INFO] 
[INFO] --- enforcer:3.6.2:enforce (enforce-toolchain) @ semantic-jena ---
[INFO] 
[INFO] --- resources:3.3.1:resources (default-resources) @ semantic-jena ---
[INFO] skip non existing resourceDirectory /home/szf/dev/gits-cbanking/adapters/semantic-jena/src/main/resources
[INFO] skip non existing resourceDirectory /home/szf/dev/gits-cbanking/adapters/semantic-jena/src/main/resources
[INFO] 
[INFO] --- compiler:3.14.1:compile (default-compile) @ semantic-jena ---
[WARNING]  Parameter 'compilerVersion' (user property 'maven.compiler.compilerVersion') is deprecated: This parameter is no longer evaluated by the underlying compilers, instead the actual version of the javac binary is automatically retrieved.
[INFO] Nothing to compile - all classes are up to date.
[INFO] 
[INFO] --- resources:3.3.1:testResources (default-testResources) @ semantic-jena ---
[INFO] skip non existing resourceDirectory /home/szf/dev/gits-cbanking/adapters/semantic-jena/src/test/resources
[INFO] 
[INFO] --- compiler:3.14.1:testCompile (default-testCompile) @ semantic-jena ---
[WARNING]  Parameter 'compilerVersion' (user property 'maven.compiler.compilerVersion') is deprecated: This parameter is no longer evaluated by the underlying compilers, instead the actual version of the javac binary is automatically retrieved.
[INFO] Recompiling the module because of changed source code.
[INFO] Compiling 2 source files with javac [debug parameters release 21] to target/test-classes
[INFO] 
[INFO] --- surefire:3.5.6:test (default-test) @ semantic-jena ---
[INFO] 
[INFO] ----------------< com.gien.gits:persistence-relational >----------------
[INFO] Building persistence-relational 0.1.0-SNAPSHOT                   [11/14]
[INFO]   from adapters/persistence-relational/pom.xml
[INFO] --------------------------------[ jar ]---------------------------------
[INFO] 
[INFO] --- enforcer:3.6.2:enforce (enforce-toolchain) @ persistence-relational ---
[INFO] 
[INFO] --- resources:3.3.1:resources (default-resources) @ persistence-relational ---
[INFO] Copying 0 resource from src/main/resources to target/classes
[INFO] Copying 70 resources from src/main/resources to target/classes
[INFO] 
[INFO] --- compiler:3.14.1:compile (default-compile) @ persistence-relational ---
[WARNING]  Parameter 'compilerVersion' (user property 'maven.compiler.compilerVersion') is deprecated: This parameter is no longer evaluated by the underlying compilers, instead the actual version of the javac binary is automatically retrieved.
[INFO] Recompiling the module because of changed dependency.
[INFO] Compiling 119 source files with javac [debug parameters release 21] to target/classes
[INFO] 
[INFO] --- resources:3.3.1:testResources (default-testResources) @ persistence-relational ---
[INFO] skip non existing resourceDirectory /home/szf/dev/gits-cbanking/adapters/persistence-relational/src/test/resources
[INFO] 
[INFO] --- compiler:3.14.1:testCompile (default-testCompile) @ persistence-relational ---
[WARNING]  Parameter 'compilerVersion' (user property 'maven.compiler.compilerVersion') is deprecated: This parameter is no longer evaluated by the underlying compilers, instead the actual version of the javac binary is automatically retrieved.
[INFO] Recompiling the module because of changed dependency.
[INFO] Compiling 11 source files with javac [debug parameters release 21] to target/test-classes
[INFO] /home/szf/dev/gits-cbanking/adapters/persistence-relational/src/test/java/com/gien/gits/adapter/persistence/AbstractMapperIT.java: /home/szf/dev/gits-cbanking/adapters/persistence-relational/src/test/java/com/gien/gits/adapter/persistence/AbstractMapperIT.java使用或覆盖了已过时的 API。
[INFO] /home/szf/dev/gits-cbanking/adapters/persistence-relational/src/test/java/com/gien/gits/adapter/persistence/AbstractMapperIT.java: 有关详细信息, 请使用 -Xlint:deprecation 重新编译。
[INFO] 
[INFO] --- surefire:3.5.6:test (default-test) @ persistence-relational ---
[INFO] 
[INFO] --------------------< com.gien.gits:oracle-source >---------------------
[INFO] Building Oracle Source Adapter 0.1.0-SNAPSHOT                    [12/14]
[INFO]   from adapters/oracle-source/pom.xml
[INFO] --------------------------------[ jar ]---------------------------------
[INFO] 
[INFO] --- enforcer:3.6.2:enforce (enforce-toolchain) @ oracle-source ---
[INFO] 
[INFO] --- resources:3.3.1:resources (default-resources) @ oracle-source ---
[INFO] skip non existing resourceDirectory /home/szf/dev/gits-cbanking/adapters/oracle-source/src/main/resources
[INFO] skip non existing resourceDirectory /home/szf/dev/gits-cbanking/adapters/oracle-source/src/main/resources
[INFO] 
[INFO] --- compiler:3.14.1:compile (default-compile) @ oracle-source ---
[WARNING]  Parameter 'compilerVersion' (user property 'maven.compiler.compilerVersion') is deprecated: This parameter is no longer evaluated by the underlying compilers, instead the actual version of the javac binary is automatically retrieved.
[INFO] Nothing to compile - all classes are up to date.
[INFO] 
[INFO] --- resources:3.3.1:testResources (default-testResources) @ oracle-source ---
[INFO] skip non existing resourceDirectory /home/szf/dev/gits-cbanking/adapters/oracle-source/src/test/resources
[INFO] 
[INFO] --- compiler:3.14.1:testCompile (default-testCompile) @ oracle-source ---
[WARNING]  Parameter 'compilerVersion' (user property 'maven.compiler.compilerVersion') is deprecated: This parameter is no longer evaluated by the underlying compilers, instead the actual version of the javac binary is automatically retrieved.
[INFO] Nothing to compile - all classes are up to date.
[INFO] 
[INFO] --- surefire:3.5.6:test (default-test) @ oracle-source ---
[INFO] 
[INFO] -----------------< com.gien.gits:knowledge-filesystem >-----------------
[INFO] Building knowledge-filesystem 0.1.0-SNAPSHOT                     [13/14]
[INFO]   from adapters/knowledge-filesystem/pom.xml
[INFO] --------------------------------[ jar ]---------------------------------
[INFO] 
[INFO] --- enforcer:3.6.2:enforce (enforce-toolchain) @ knowledge-filesystem ---
[INFO] 
[INFO] --- resources:3.3.1:resources (default-resources) @ knowledge-filesystem ---
[INFO] skip non existing resourceDirectory /home/szf/dev/gits-cbanking/adapters/knowledge-filesystem/src/main/resources
[INFO] skip non existing resourceDirectory /home/szf/dev/gits-cbanking/adapters/knowledge-filesystem/src/main/resources
[INFO] 
[INFO] --- compiler:3.14.1:compile (default-compile) @ knowledge-filesystem ---
[WARNING]  Parameter 'compilerVersion' (user property 'maven.compiler.compilerVersion') is deprecated: This parameter is no longer evaluated by the underlying compilers, instead the actual version of the javac binary is automatically retrieved.
[INFO] Nothing to compile - all classes are up to date.
[INFO] 
[INFO] --- resources:3.3.1:testResources (default-testResources) @ knowledge-filesystem ---
[INFO] skip non existing resourceDirectory /home/szf/dev/gits-cbanking/adapters/knowledge-filesystem/src/test/resources
[INFO] 
[INFO] --- compiler:3.14.1:testCompile (default-testCompile) @ knowledge-filesystem ---
[WARNING]  Parameter 'compilerVersion' (user property 'maven.compiler.compilerVersion') is deprecated: This parameter is no longer evaluated by the underlying compilers, instead the actual version of the javac binary is automatically retrieved.
[INFO] Nothing to compile - all classes are up to date.
[INFO] 
[INFO] --- surefire:3.5.6:test (default-test) @ knowledge-filesystem ---
[INFO] 
[INFO] ---------------------< com.gien.gits:gits-kno-api >---------------------
[INFO] Building gits-kno-api 0.1.0-SNAPSHOT                             [14/14]
[INFO]   from apps/api/pom.xml
[INFO] --------------------------------[ jar ]---------------------------------
[INFO] 
[INFO] --- enforcer:3.6.2:enforce (enforce-toolchain) @ gits-kno-api ---
[INFO] 
[INFO] --- jacoco:0.8.12:prepare-agent (default) @ gits-kno-api ---
[INFO] argLine set to -javaagent:/home/szf/.m2/repository/org/jacoco/org.jacoco.agent/0.8.12/org.jacoco.agent-0.8.12-runtime.jar=destfile=/home/szf/dev/gits-cbanking/apps/api/target/jacoco.exec
[INFO] 
[INFO] --- resources:3.3.1:resources (default-resources) @ gits-kno-api ---
[INFO] Copying 6 resources from src/main/resources to target/classes
[INFO] Copying 2 resources from src/main/resources to target/classes
[INFO] 
[INFO] --- compiler:3.14.1:compile (default-compile) @ gits-kno-api ---
[WARNING]  Parameter 'compilerVersion' (user property 'maven.compiler.compilerVersion') is deprecated: This parameter is no longer evaluated by the underlying compilers, instead the actual version of the javac binary is automatically retrieved.
[INFO] Recompiling the module because of changed dependency.
[INFO] Compiling 161 source files with javac [debug parameters release 21] to target/classes
[INFO] 由于在类路径中发现了一个或多个处理程序，因此启用了
  批注处理。未来发行版的 javac 可能会禁用批注处理，
  除非至少按名称指定了一个处理程序 (-processor)，
  或指定了搜索路径 (--processor-path, --processor-module-path)，
  或显式启用了批注处理 (-proc:only, -proc:full)。
  可使用 -Xlint:-options 隐藏此消息。
  可使用 -proc:none 禁用批注处理。
[INFO] Extracting Javadoc into /home/szf/dev/gits-cbanking/./target/generated-spring-modulith/javadoc.json.
[INFO] /home/szf/dev/gits-cbanking/apps/api/src/main/java/com/gien/gits/api/controller/V14DkwsIntegrationController.java: /home/szf/dev/gits-cbanking/apps/api/src/main/java/com/gien/gits/api/controller/V14DkwsIntegrationController.java使用了未经检查或不安全的操作。
[INFO] /home/szf/dev/gits-cbanking/apps/api/src/main/java/com/gien/gits/api/controller/V14DkwsIntegrationController.java: 有关详细信息, 请使用 -Xlint:unchecked 重新编译。
[INFO] 
[INFO] --- resources:3.3.1:testResources (default-testResources) @ gits-kno-api ---
[INFO] Copying 2 resources from src/test/resources to target/test-classes
[INFO] 
[INFO] --- compiler:3.14.1:testCompile (default-testCompile) @ gits-kno-api ---
[WARNING]  Parameter 'compilerVersion' (user property 'maven.compiler.compilerVersion') is deprecated: This parameter is no longer evaluated by the underlying compilers, instead the actual version of the javac binary is automatically retrieved.
[INFO] Recompiling the module because of changed dependency.
[INFO] Compiling 68 source files with javac [debug parameters release 21] to target/test-classes
[INFO] 由于在类路径中发现了一个或多个处理程序，因此启用了
  批注处理。未来发行版的 javac 可能会禁用批注处理，
  除非至少按名称指定了一个处理程序 (-processor)，
  或指定了搜索路径 (--processor-path, --processor-module-path)，
  或显式启用了批注处理 (-proc:only, -proc:full)。
  可使用 -Xlint:-options 隐藏此消息。
  可使用 -proc:none 禁用批注处理。
[INFO] /home/szf/dev/gits-cbanking/apps/api/src/test/java/com/gien/gits/api/contract/ContractComplianceTest.java: /home/szf/dev/gits-cbanking/apps/api/src/test/java/com/gien/gits/api/contract/ContractComplianceTest.java使用或覆盖了已过时的 API。
[INFO] /home/szf/dev/gits-cbanking/apps/api/src/test/java/com/gien/gits/api/contract/ContractComplianceTest.java: 有关详细信息, 请使用 -Xlint:deprecation 重新编译。
[INFO] /home/szf/dev/gits-cbanking/apps/api/src/test/java/com/gien/gits/api/service/ProductRecommendationApplicationServiceTest.java: /home/szf/dev/gits-cbanking/apps/api/src/test/java/com/gien/gits/api/service/ProductRecommendationApplicationServiceTest.java使用了未经检查或不安全的操作。
[INFO] /home/szf/dev/gits-cbanking/apps/api/src/test/java/com/gien/gits/api/service/ProductRecommendationApplicationServiceTest.java: 有关详细信息, 请使用 -Xlint:unchecked 重新编译。
[INFO] 
[INFO] --- surefire:3.5.6:test (default-test) @ gits-kno-api ---
[INFO] Using auto detected provider org.apache.maven.surefire.junitplatform.JUnitPlatformProvider
[INFO] 
[INFO] -------------------------------------------------------
[INFO]  T E S T S
[INFO] -------------------------------------------------------
[INFO] Running com.gien.gits.api.controller.EngagementJourneyControllerTest
00:28:33.446 [main] INFO org.springframework.test.context.support.AnnotationConfigContextLoaderUtils -- Could not detect default configuration classes for test class [com.gien.gits.api.controller.EngagementJourneyControllerTest]: EngagementJourneyControllerTest does not declare any static, non-private, non-final, nested classes annotated with @Configuration.
00:28:33.684 [main] INFO org.springframework.boot.test.context.SpringBootTestContextBootstrapper -- Found @SpringBootConfiguration com.gien.gits.api.GitsKnoApiApplication for test class com.gien.gits.api.controller.EngagementJourneyControllerTest
2026-09-11 00:28:34.350 [main] INFO  c.g.g.a.c.EngagementJourneyControllerTest [traceId=,spanId=] - Starting EngagementJourneyControllerTest using Java 21.0.11 with PID 92288 (started by szf in /home/szf/dev/gits-cbanking/apps/api)
2026-09-11 00:28:34.352 [main] INFO  c.g.g.a.c.EngagementJourneyControllerTest [traceId=,spanId=] - No active profile set, falling back to 1 default profile: "default"
2026-09-11 00:28:36.429 [main] WARN  o.s.w.c.s.GenericWebApplicationContext [traceId=,spanId=] - Exception encountered during context initialization - cancelling refresh attempt: org.springframework.beans.factory.UnsatisfiedDependencyException: Error creating bean with name 'engagementJourneyController' defined in file [/home/szf/dev/gits-cbanking/apps/api/target/classes/com/gien/gits/api/controller/EngagementJourneyController.class]: Unsatisfied dependency expressed through constructor parameter 6: No qualifying bean of type 'com.gien.gits.customerjourney.port.CustomerJourneyRepository' available: expected at least 1 bean which qualifies as autowire candidate. Dependency annotations: {}
2026-09-11 00:28:36.446 [main] INFO  o.s.b.a.l.ConditionEvaluationReportLogger [traceId=,spanId=] - 

Error starting ApplicationContext. To display the condition evaluation report re-run your application with 'debug' enabled.
2026-09-11 00:28:36.505 [main] ERROR o.s.b.d.LoggingFailureAnalysisReporter [traceId=,spanId=] - 

***************************
APPLICATION FAILED TO START
***************************

Description:

Parameter 6 of constructor in com.gien.gits.api.controller.EngagementJourneyController required a bean of type 'com.gien.gits.customerjourney.port.CustomerJourneyRepository' that could not be found.


Action:

Consider defining a bean of type 'com.gien.gits.customerjourney.port.CustomerJourneyRepository' in your configuration.

2026-09-11 00:28:36.515 [main] WARN  o.s.test.context.TestContextManager [traceId=,spanId=] - Caught exception while allowing TestExecutionListener [org.springframework.test.context.bean.override.BeanOverrideTestExecutionListener] to prepare test instance [com.gien.gits.api.controller.EngagementJourneyControllerTest@51413d02]
java.lang.IllegalStateException: Failed to load ApplicationContext for [WebMergedContextConfiguration@75ad7531 testClass = com.gien.gits.api.controller.EngagementJourneyControllerTest, locations = [], classes = [com.gien.gits.api.GitsKnoApiApplication], contextInitializerClasses = [], activeProfiles = [], propertySourceDescriptors = [], propertySourceProperties = ["org.springframework.boot.test.autoconfigure.web.servlet.WebMvcTestContextBootstrapper=true"], contextCustomizers = [[ImportsContextCustomizer@4d619aa0 key = [org.springframework.boot.autoconfigure.security.oauth2.client.servlet.OAuth2ClientWebSecurityAutoConfiguration, org.springframework.boot.autoconfigure.task.TaskExecutionAutoConfiguration, org.springframework.boot.autoconfigure.cache.CacheAutoConfiguration, org.springframework.boot.autoconfigure.web.servlet.HttpEncodingAutoConfiguration, org.springframework.boot.autoconfigure.validation.ValidationAutoConfiguration, org.springframework.boot.autoconfigure.security.saml2.Saml2RelyingPartyAutoConfiguration, org.springframework.boot.autoconfigure.context.MessageSourceAutoConfiguration, org.springframework.boot.autoconfigure.hateoas.HypermediaAutoConfiguration, org.springframework.boot.autoconfigure.jackson.JacksonAutoConfiguration, org.springframework.boot.autoconfigure.data.web.SpringDataWebAutoConfiguration, org.springframework.boot.test.autoconfigure.web.reactive.WebTestClientAutoConfiguration, org.springframework.boot.autoconfigure.web.servlet.error.ErrorMvcAutoConfiguration, org.springframework.boot.test.autoconfigure.web.servlet.MockMvcAutoConfiguration, org.springframework.boot.autoconfigure.security.servlet.SecurityAutoConfiguration, org.springframework.boot.autoconfigure.security.servlet.SecurityFilterAutoConfiguration, org.springframework.boot.autoconfigure.http.HttpMessageConvertersAutoConfiguration, org.springframework.boot.autoconfigure.security.oauth2.client.OAuth2ClientAutoConfiguration, org.springframework.boot.test.autoconfigure.web.servlet.MockMvcSecurityConfiguration, org.springframework.boot.test.autoconfigure.web.servlet.MockMvcWebClientAutoConfiguration, org.springframework.boot.test.autoconfigure.web.servlet.MockMvcWebDriverAutoConfiguration, org.springframework.boot.autoconfigure.thymeleaf.ThymeleafAutoConfiguration, org.springframework.boot.autoconfigure.gson.GsonAutoConfiguration, org.springframework.boot.autoconfigure.jsonb.JsonbAutoConfiguration, org.springframework.boot.autoconfigure.freemarker.FreeMarkerAutoConfiguration, org.springframework.boot.autoconfigure.web.servlet.WebMvcAutoConfiguration, org.springframework.boot.autoconfigure.security.servlet.UserDetailsServiceAutoConfiguration, org.springframework.boot.autoconfigure.security.oauth2.resource.servlet.OAuth2ResourceServerAutoConfiguration, org.springframework.boot.autoconfigure.groovy.template.GroovyTemplateAutoConfiguration, org.springframework.boot.autoconfigure.mustache.MustacheAutoConfiguration]], org.springframework.boot.test.context.filter.ExcludeFilterContextCustomizer@3c0fbd3a, org.springframework.boot.test.json.DuplicateJsonObjectContextCustomizerFactory$DuplicateJsonObjectContextCustomizer@5b12012e, org.springframework.boot.test.mock.mockito.MockitoContextCustomizer@0, org.springframework.boot.test.web.reactor.netty.DisableReactorResourceFactoryGlobalResourcesContextCustomizerFactory$DisableReactorResourceFactoryGlobalResourcesContextCustomizerCustomizer@4930539b, org.springframework.boot.test.autoconfigure.OnFailureConditionReportContextCustomizerFactory$OnFailureConditionReportContextCustomizer@3bb8aabc, org.springframework.boot.test.autoconfigure.OverrideAutoConfigurationContextCustomizerFactory$DisableAutoConfigurationContextCustomizer@29a4f594, org.springframework.boot.test.autoconfigure.actuate.observability.ObservabilityContextCustomizerFactory$DisableObservabilityContextCustomizer@1f, org.springframework.boot.test.autoconfigure.filter.TypeExcludeFiltersContextCustomizer@36b2352, org.springframework.boot.test.autoconfigure.properties.PropertyMappingContextCustomizer@d00e4b89, org.springframework.boot.test.autoconfigure.web.servlet.WebDriverContextCustomizer@62b969c4, org.springframework.test.context.bean.override.BeanOverrideContextCustomizer@2629bb49, org.springframework.test.context.support.DynamicPropertiesContextCustomizer@0, org.springframework.boot.test.context.SpringBootTestAnnotation@af3b7975], resourceBasePath = "src/main/webapp", contextLoader = org.springframework.boot.test.context.SpringBootContextLoader, parent = null]
	at org.springframework.test.context.cache.DefaultCacheAwareContextLoaderDelegate.loadContext(DefaultCacheAwareContextLoaderDelegate.java:180)
	at org.springframework.test.context.support.DefaultTestContext.getApplicationContext(DefaultTestContext.java:130)
	at org.springframework.test.context.bean.override.BeanOverrideTestExecutionListener.injectFields(BeanOverrideTestExecutionListener.java:107)
	at org.springframework.test.context.bean.override.BeanOverrideTestExecutionListener.prepareTestInstance(BeanOverrideTestExecutionListener.java:70)
	at org.springframework.test.context.TestContextManager.prepareTestInstance(TestContextManager.java:260)
	at org.springframework.test.context.junit.jupiter.SpringExtension.postProcessTestInstance(SpringExtension.java:159)
	at org.junit.jupiter.engine.descriptor.ClassBasedTestDescriptor.lambda$invokeTestInstancePostProcessors$10(ClassBasedTestDescriptor.java:383)
	at org.junit.jupiter.engine.descriptor.ClassBasedTestDescriptor.executeAndMaskThrowable(ClassBasedTestDescriptor.java:388)
	at org.junit.jupiter.engine.descriptor.ClassBasedTestDescriptor.lambda$invokeTestInstancePostProcessors$11(ClassBasedTestDescriptor.java:382)
	at java.base/java.util.stream.ForEachOps$ForEachOp$OfRef.accept(ForEachOps.java:184)
	at java.base/java.util.stream.ReferencePipeline$3$1.accept(ReferencePipeline.java:197)
	at java.base/java.util.stream.ReferencePipeline$2$1.accept(ReferencePipeline.java:179)
	at java.base/java.util.stream.ReferencePipeline$3$1.accept(ReferencePipeline.java:197)
	at java.base/java.util.ArrayList$ArrayListSpliterator.forEachRemaining(ArrayList.java:1708)
	at java.base/java.util.stream.AbstractPipeline.copyInto(AbstractPipeline.java:509)
	at java.base/java.util.stream.AbstractPipeline.wrapAndCopyInto(AbstractPipeline.java:499)
	at java.base/java.util.stream.ForEachOps$ForEachOp.evaluateSequential(ForEachOps.java:151)
	at java.base/java.util.stream.ForEachOps$ForEachOp$OfRef.evaluateSequential(ForEachOps.java:174)
	at java.base/java.util.stream.AbstractPipeline.evaluate(AbstractPipeline.java:234)
	at java.base/java.util.stream.ReferencePipeline.forEach(ReferencePipeline.java:596)
	at org.junit.jupiter.engine.descriptor.ClassBasedTestDescriptor.invokeTestInstancePostProcessors(ClassBasedTestDescriptor.java:382)
	at org.junit.jupiter.engine.descriptor.ClassBasedTestDescriptor.lambda$instantiateAndPostProcessTestInstance$6(ClassBasedTestDescriptor.java:293)
	at org.junit.platform.engine.support.hierarchical.ThrowableCollector.execute(ThrowableCollector.java:73)
	at org.junit.jupiter.engine.descriptor.ClassBasedTestDescriptor.instantiateAndPostProcessTestInstance(ClassBasedTestDescriptor.java:292)
	at org.junit.jupiter.engine.descriptor.ClassBasedTestDescriptor.lambda$testInstancesProvider$4(ClassBasedTestDescriptor.java:281)
	at java.base/java.util.Optional.orElseGet(Optional.java:364)
	at org.junit.jupiter.engine.descriptor.ClassBasedTestDescriptor.lambda$testInstancesProvider$5(ClassBasedTestDescriptor.java:280)
	at org.junit.jupiter.engine.execution.TestInstancesProvider.getTestInstances(TestInstancesProvider.java:27)
	at org.junit.jupiter.engine.descriptor.TestMethodTestDescriptor.lambda$prepare$0(TestMethodTestDescriptor.java:112)
	at org.junit.platform.engine.support.hierarchical.ThrowableCollector.execute(ThrowableCollector.java:73)
	at org.junit.jupiter.engine.descriptor.TestMethodTestDescriptor.prepare(TestMethodTestDescriptor.java:111)
	at org.junit.jupiter.engine.descriptor.TestMethodTestDescriptor.prepare(TestMethodTestDescriptor.java:69)
	at org.junit.platform.engine.support.hierarchical.NodeTestTask.lambda$prepare$2(NodeTestTask.java:128)
	at org.junit.platform.engine.support.hierarchical.ThrowableCollector.execute(ThrowableCollector.java:73)
	at org.junit.platform.engine.support.hierarchical.NodeTestTask.prepare(NodeTestTask.java:128)
	at org.junit.platform.engine.support.hierarchical.NodeTestTask.execute(NodeTestTask.java:95)
	at java.base/java.util.ArrayList.forEach(ArrayList.java:1596)
	at org.junit.platform.engine.support.hierarchical.SameThreadHierarchicalTestExecutorService.invokeAll(SameThreadHierarchicalTestExecutorService.java:41)
	at org.junit.platform.engine.support.hierarchical.NodeTestTask.lambda$executeRecursively$6(NodeTestTask.java:160)
	at org.junit.platform.engine.support.hierarchical.ThrowableCollector.execute(ThrowableCollector.java:73)
	at org.junit.platform.engine.support.hierarchical.NodeTestTask.lambda$executeRecursively$8(NodeTestTask.java:146)
	at org.junit.platform.engine.support.hierarchical.Node.around(Node.java:137)
	at org.junit.platform.engine.support.hierarchical.NodeTestTask.lambda$executeRecursively$9(NodeTestTask.java:144)
	at org.junit.platform.engine.support.hierarchical.ThrowableCollector.execute(ThrowableCollector.java:73)
	at org.junit.platform.engine.support.hierarchical.NodeTestTask.executeRecursively(NodeTestTask.java:143)
	at org.junit.platform.engine.support.hierarchical.NodeTestTask.execute(NodeTestTask.java:100)
	at java.base/java.util.ArrayList.forEach(ArrayList.java:1596)
	at org.junit.platform.engine.support.hierarchical.SameThreadHierarchicalTestExecutorService.invokeAll(SameThreadHierarchicalTestExecutorService.java:41)
	at org.junit.platform.engine.support.hierarchical.NodeTestTask.lambda$executeRecursively$6(NodeTestTask.java:160)
	at org.junit.platform.engine.support.hierarchical.ThrowableCollector.execute(ThrowableCollector.java:73)
	at org.junit.platform.engine.support.hierarchical.NodeTestTask.lambda$executeRecursively$8(NodeTestTask.java:146)
	at org.junit.platform.engine.support.hierarchical.Node.around(Node.java:137)
	at org.junit.platform.engine.support.hierarchical.NodeTestTask.lambda$executeRecursively$9(NodeTestTask.java:144)
	at org.junit.platform.engine.support.hierarchical.ThrowableCollector.execute(ThrowableCollector.java:73)
	at org.junit.platform.engine.support.hierarchical.NodeTestTask.executeRecursively(NodeTestTask.java:143)
	at org.junit.platform.engine.support.hierarchical.NodeTestTask.execute(NodeTestTask.java:100)
	at org.junit.platform.engine.support.hierarchical.SameThreadHierarchicalTestExecutorService.submit(SameThreadHierarchicalTestExecutorService.java:35)
	at org.junit.platform.engine.support.hierarchical.HierarchicalTestExecutor.execute(HierarchicalTestExecutor.java:57)
	at org.junit.platform.engine.support.hierarchical.HierarchicalTestEngine.execute(HierarchicalTestEngine.java:54)
	at org.junit.platform.launcher.core.EngineExecutionOrchestrator.execute(EngineExecutionOrchestrator.java:201)
	at org.junit.platform.launcher.core.EngineExecutionOrchestrator.execute(EngineExecutionOrchestrator.java:170)
	at org.junit.platform.launcher.core.EngineExecutionOrchestrator.execute(EngineExecutionOrchestrator.java:94)
	at org.junit.platform.launcher.core.EngineExecutionOrchestrator.lambda$execute$0(EngineExecutionOrchestrator.java:59)
	at org.junit.platform.launcher.core.EngineExecutionOrchestrator.withInterceptedStreams(EngineExecutionOrchestrator.java:142)
	at org.junit.platform.launcher.core.EngineExecutionOrchestrator.execute(EngineExecutionOrchestrator.java:58)
	at org.junit.platform.launcher.core.DefaultLauncher.execute(DefaultLauncher.java:103)
	at org.junit.platform.launcher.core.DefaultLauncher.execute(DefaultLauncher.java:85)
	at org.junit.platform.launcher.core.DelegatingLauncher.execute(DelegatingLauncher.java:47)
	at org.junit.platform.launcher.core.InterceptingLauncher.lambda$execute$1(InterceptingLauncher.java:39)
	at org.junit.platform.launcher.core.ClasspathAlignmentCheckingLauncherInterceptor.intercept(ClasspathAlignmentCheckingLauncherInterceptor.java:25)
	at org.junit.platform.launcher.core.InterceptingLauncher.execute(InterceptingLauncher.java:38)
	at org.junit.platform.launcher.core.DelegatingLauncher.execute(DelegatingLauncher.java:47)
	at org.apache.maven.surefire.junitplatform.LauncherAdapter.executeWithoutCancellationToken(LauncherAdapter.java:60)
	at org.apache.maven.surefire.junitplatform.LauncherAdapter.execute(LauncherAdapter.java:52)
	at org.apache.maven.surefire.junitplatform.JUnitPlatformProvider.execute(JUnitPlatformProvider.java:203)
	at org.apache.maven.surefire.junitplatform.JUnitPlatformProvider.invokeAllTests(JUnitPlatformProvider.java:168)
	at org.apache.maven.surefire.junitplatform.JUnitPlatformProvider.invoke(JUnitPlatformProvider.java:136)
	at org.apache.maven.surefire.booter.ForkedBooter.runSuitesInProcess(ForkedBooter.java:385)
	at org.apache.maven.surefire.booter.ForkedBooter.execute(ForkedBooter.java:162)
	at org.apache.maven.surefire.booter.ForkedBooter.run(ForkedBooter.java:507)
	at org.apache.maven.surefire.booter.ForkedBooter.main(ForkedBooter.java:495)
Caused by: org.springframework.beans.factory.UnsatisfiedDependencyException: Error creating bean with name 'engagementJourneyController' defined in file [/home/szf/dev/gits-cbanking/apps/api/target/classes/com/gien/gits/api/controller/EngagementJourneyController.class]: Unsatisfied dependency expressed through constructor parameter 6: No qualifying bean of type 'com.gien.gits.customerjourney.port.CustomerJourneyRepository' available: expected at least 1 bean which qualifies as autowire candidate. Dependency annotations: {}
	at org.springframework.beans.factory.support.ConstructorResolver.createArgumentArray(ConstructorResolver.java:804)
	at org.springframework.beans.factory.support.ConstructorResolver.autowireConstructor(ConstructorResolver.java:240)
	at org.springframework.beans.factory.support.AbstractAutowireCapableBeanFactory.autowireConstructor(AbstractAutowireCapableBeanFactory.java:1393)
	at org.springframework.beans.factory.support.AbstractAutowireCapableBeanFactory.createBeanInstance(AbstractAutowireCapableBeanFactory.java:1230)
	at org.springframework.beans.factory.support.AbstractAutowireCapableBeanFactory.doCreateBean(AbstractAutowireCapableBeanFactory.java:569)
	at org.springframework.beans.factory.support.AbstractAutowireCapableBeanFactory.createBean(AbstractAutowireCapableBeanFactory.java:529)
	at org.springframework.beans.factory.support.AbstractBeanFactory.lambda$doGetBean$0(AbstractBeanFactory.java:339)
	at org.springframework.beans.factory.support.DefaultSingletonBeanRegistry.getSingleton(DefaultSingletonBeanRegistry.java:373)
	at org.springframework.beans.factory.support.AbstractBeanFactory.doGetBean(AbstractBeanFactory.java:337)
	at org.springframework.beans.factory.support.AbstractBeanFactory.getBean(AbstractBeanFactory.java:202)
	at org.springframework.beans.factory.support.DefaultListableBeanFactory.instantiateSingleton(DefaultListableBeanFactory.java:1235)
	at org.springframework.beans.factory.support.DefaultListableBeanFactory.preInstantiateSingleton(DefaultListableBeanFactory.java:1201)
	at org.springframework.beans.factory.support.DefaultListableBeanFactory.preInstantiateSingletons(DefaultListableBeanFactory.java:1130)
	at org.springframework.context.support.AbstractApplicationContext.finishBeanFactoryInitialization(AbstractApplicationContext.java:991)
	at org.springframework.context.support.AbstractApplicationContext.refresh(AbstractApplicationContext.java:628)
	at org.springframework.boot.SpringApplication.refresh(SpringApplication.java:752)
	at org.springframework.boot.SpringApplication.refreshContext(SpringApplication.java:439)
	at org.springframework.boot.SpringApplication.run(SpringApplication.java:318)
	at org.springframework.boot.test.context.SpringBootContextLoader.lambda$loadContext$3(SpringBootContextLoader.java:151)
	at org.springframework.util.function.ThrowingSupplier.get(ThrowingSupplier.java:58)
	at org.springframework.util.function.ThrowingSupplier.get(ThrowingSupplier.java:46)
	at org.springframework.boot.SpringApplication.withHook(SpringApplication.java:1461)
	at org.springframework.boot.test.context.SpringBootContextLoader$ContextLoaderHook.run(SpringBootContextLoader.java:590)
	at org.springframework.boot.test.context.SpringBootContextLoader.loadContext(SpringBootContextLoader.java:151)
	at org.springframework.boot.test.context.SpringBootContextLoader.loadContext(SpringBootContextLoader.java:110)
	at org.springframework.test.context.cache.DefaultCacheAwareContextLoaderDelegate.loadContextInternal(DefaultCacheAwareContextLoaderDelegate.java:225)
	at org.springframework.test.context.cache.DefaultCacheAwareContextLoaderDelegate.loadContext(DefaultCacheAwareContextLoaderDelegate.java:152)
	... 80 common frames omitted
Caused by: org.springframework.beans.factory.NoSuchBeanDefinitionException: No qualifying bean of type 'com.gien.gits.customerjourney.port.CustomerJourneyRepository' available: expected at least 1 bean which qualifies as autowire candidate. Dependency annotations: {}
	at org.springframework.beans.factory.support.DefaultListableBeanFactory.raiseNoMatchingBeanFound(DefaultListableBeanFactory.java:2322)
	at org.springframework.beans.factory.support.DefaultListableBeanFactory.doResolveDependency(DefaultListableBeanFactory.java:1740)
	at org.springframework.beans.factory.support.DefaultListableBeanFactory.resolveDependency(DefaultListableBeanFactory.java:1660)
	at org.springframework.beans.factory.support.ConstructorResolver.resolveAutowiredArgument(ConstructorResolver.java:913)
	at org.springframework.beans.factory.support.ConstructorResolver.createArgumentArray(ConstructorResolver.java:791)
	... 106 common frames omitted
2026-09-11 00:28:36.575 [main] WARN  o.s.test.context.TestContextManager [traceId=,spanId=] - Caught exception while allowing TestExecutionListener [org.springframework.test.context.bean.override.BeanOverrideTestExecutionListener] to prepare test instance [com.gien.gits.api.controller.EngagementJourneyControllerTest@60a3a0fa]
java.lang.IllegalStateException: ApplicationContext failure threshold (1) exceeded: skipping repeated attempt to load context for [WebMergedContextConfiguration@75ad7531 testClass = com.gien.gits.api.controller.EngagementJourneyControllerTest, locations = [], classes = [com.gien.gits.api.GitsKnoApiApplication], contextInitializerClasses = [], activeProfiles = [], propertySourceDescriptors = [], propertySourceProperties = ["org.springframework.boot.test.autoconfigure.web.servlet.WebMvcTestContextBootstrapper=true"], contextCustomizers = [[ImportsContextCustomizer@4d619aa0 key = [org.springframework.boot.autoconfigure.security.oauth2.client.servlet.OAuth2ClientWebSecurityAutoConfiguration, org.springframework.boot.autoconfigure.task.TaskExecutionAutoConfiguration, org.springframework.boot.autoconfigure.cache.CacheAutoConfiguration, org.springframework.boot.autoconfigure.web.servlet.HttpEncodingAutoConfiguration, org.springframework.boot.autoconfigure.validation.ValidationAutoConfiguration, org.springframework.boot.autoconfigure.security.saml2.Saml2RelyingPartyAutoConfiguration, org.springframework.boot.autoconfigure.context.MessageSourceAutoConfiguration, org.springframework.boot.autoconfigure.hateoas.HypermediaAutoConfiguration, org.springframework.boot.autoconfigure.jackson.JacksonAutoConfiguration, org.springframework.boot.autoconfigure.data.web.SpringDataWebAutoConfiguration, org.springframework.boot.test.autoconfigure.web.reactive.WebTestClientAutoConfiguration, org.springframework.boot.autoconfigure.web.servlet.error.ErrorMvcAutoConfiguration, org.springframework.boot.test.autoconfigure.web.servlet.MockMvcAutoConfiguration, org.springframework.boot.autoconfigure.security.servlet.SecurityAutoConfiguration, org.springframework.boot.autoconfigure.security.servlet.SecurityFilterAutoConfiguration, org.springframework.boot.autoconfigure.http.HttpMessageConvertersAutoConfiguration, org.springframework.boot.autoconfigure.security.oauth2.client.OAuth2ClientAutoConfiguration, org.springframework.boot.test.autoconfigure.web.servlet.MockMvcSecurityConfiguration, org.springframework.boot.test.autoconfigure.web.servlet.MockMvcWebClientAutoConfiguration, org.springframework.boot.test.autoconfigure.web.servlet.MockMvcWebDriverAutoConfiguration, org.springframework.boot.autoconfigure.thymeleaf.ThymeleafAutoConfiguration, org.springframework.boot.autoconfigure.gson.GsonAutoConfiguration, org.springframework.boot.autoconfigure.jsonb.JsonbAutoConfiguration, org.springframework.boot.autoconfigure.freemarker.FreeMarkerAutoConfiguration, org.springframework.boot.autoconfigure.web.servlet.WebMvcAutoConfiguration, org.springframework.boot.autoconfigure.security.servlet.UserDetailsServiceAutoConfiguration, org.springframework.boot.autoconfigure.security.oauth2.resource.servlet.OAuth2ResourceServerAutoConfiguration, org.springframework.boot.autoconfigure.groovy.template.GroovyTemplateAutoConfiguration, org.springframework.boot.autoconfigure.mustache.MustacheAutoConfiguration]], org.springframework.boot.test.context.filter.ExcludeFilterContextCustomizer@3c0fbd3a, org.springframework.boot.test.json.DuplicateJsonObjectContextCustomizerFactory$DuplicateJsonObjectContextCustomizer@5b12012e, org.springframework.boot.test.mock.mockito.MockitoContextCustomizer@0, org.springframework.boot.test.web.reactor.netty.DisableReactorResourceFactoryGlobalResourcesContextCustomizerFactory$DisableReactorResourceFactoryGlobalResourcesContextCustomizerCustomizer@4930539b, org.springframework.boot.test.autoconfigure.OnFailureConditionReportContextCustomizerFactory$OnFailureConditionReportContextCustomizer@3bb8aabc, org.springframework.boot.test.autoconfigure.OverrideAutoConfigurationContextCustomizerFactory$DisableAutoConfigurationContextCustomizer@29a4f594, org.springframework.boot.test.autoconfigure.actuate.observability.ObservabilityContextCustomizerFactory$DisableObservabilityContextCustomizer@1f, org.springframework.boot.test.autoconfigure.filter.TypeExcludeFiltersContextCustomizer@36b2352, org.springframework.boot.test.autoconfigure.properties.PropertyMappingContextCustomizer@d00e4b89, org.springframework.boot.test.autoconfigure.web.servlet.WebDriverContextCustomizer@62b969c4, org.springframework.test.context.bean.override.BeanOverrideContextCustomizer@2629bb49, org.springframework.test.context.support.DynamicPropertiesContextCustomizer@0, org.springframework.boot.test.context.SpringBootTestAnnotation@af3b7975], resourceBasePath = "src/main/webapp", contextLoader = org.springframework.boot.test.context.SpringBootContextLoader, parent = null]
	at org.springframework.test.context.cache.DefaultCacheAwareContextLoaderDelegate.loadContext(DefaultCacheAwareContextLoaderDelegate.java:145)
	at org.springframework.test.context.support.DefaultTestContext.getApplicationContext(DefaultTestContext.java:130)
	at org.springframework.test.context.bean.override.BeanOverrideTestExecutionListener.injectFields(BeanOverrideTestExecutionListener.java:107)
	at org.springframework.test.context.bean.override.BeanOverrideTestExecutionListener.prepareTestInstance(BeanOverrideTestExecutionListener.java:70)
	at org.springframework.test.context.TestContextManager.prepareTestInstance(TestContextManager.java:260)
	at org.springframework.test.context.junit.jupiter.SpringExtension.postProcessTestInstance(SpringExtension.java:159)
	at org.junit.jupiter.engine.descriptor.ClassBasedTestDescriptor.lambda$invokeTestInstancePostProcessors$10(ClassBasedTestDescriptor.java:383)
	at org.junit.jupiter.engine.descriptor.ClassBasedTestDescriptor.executeAndMaskThrowable(ClassBasedTestDescriptor.java:388)
	at org.junit.jupiter.engine.descriptor.ClassBasedTestDescriptor.lambda$invokeTestInstancePostProcessors$11(ClassBasedTestDescriptor.java:382)
	at java.base/java.util.stream.ForEachOps$ForEachOp$OfRef.accept(ForEachOps.java:184)
	at java.base/java.util.stream.ReferencePipeline$3$1.accept(ReferencePipeline.java:197)
	at java.base/java.util.stream.ReferencePipeline$2$1.accept(ReferencePipeline.java:179)
	at java.base/java.util.stream.ReferencePipeline$3$1.accept(ReferencePipeline.java:197)
	at java.base/java.util.ArrayList$ArrayListSpliterator.forEachRemaining(ArrayList.java:1708)
	at java.base/java.util.stream.AbstractPipeline.copyInto(AbstractPipeline.java:509)
	at java.base/java.util.stream.AbstractPipeline.wrapAndCopyInto(AbstractPipeline.java:499)
	at java.base/java.util.stream.ForEachOps$ForEachOp.evaluateSequential(ForEachOps.java:151)
	at java.base/java.util.stream.ForEachOps$ForEachOp$OfRef.evaluateSequential(ForEachOps.java:174)
	at java.base/java.util.stream.AbstractPipeline.evaluate(AbstractPipeline.java:234)
	at java.base/java.util.stream.ReferencePipeline.forEach(ReferencePipeline.java:596)
	at org.junit.jupiter.engine.descriptor.ClassBasedTestDescriptor.invokeTestInstancePostProcessors(ClassBasedTestDescriptor.java:382)
	at org.junit.jupiter.engine.descriptor.ClassBasedTestDescriptor.lambda$instantiateAndPostProcessTestInstance$6(ClassBasedTestDescriptor.java:293)
	at org.junit.platform.engine.support.hierarchical.ThrowableCollector.execute(ThrowableCollector.java:73)
	at org.junit.jupiter.engine.descriptor.ClassBasedTestDescriptor.instantiateAndPostProcessTestInstance(ClassBasedTestDescriptor.java:292)
	at org.junit.jupiter.engine.descriptor.ClassBasedTestDescriptor.lambda$testInstancesProvider$4(ClassBasedTestDescriptor.java:281)
	at java.base/java.util.Optional.orElseGet(Optional.java:364)
	at org.junit.jupiter.engine.descriptor.ClassBasedTestDescriptor.lambda$testInstancesProvider$5(ClassBasedTestDescriptor.java:280)
	at org.junit.jupiter.engine.execution.TestInstancesProvider.getTestInstances(TestInstancesProvider.java:27)
	at org.junit.jupiter.engine.descriptor.TestMethodTestDescriptor.lambda$prepare$0(TestMethodTestDescriptor.java:112)
	at org.junit.platform.engine.support.hierarchical.ThrowableCollector.execute(ThrowableCollector.java:73)
	at org.junit.jupiter.engine.descriptor.TestMethodTestDescriptor.prepare(TestMethodTestDescriptor.java:111)
	at org.junit.jupiter.engine.descriptor.TestMethodTestDescriptor.prepare(TestMethodTestDescriptor.java:69)
	at org.junit.platform.engine.support.hierarchical.NodeTestTask.lambda$prepare$2(NodeTestTask.java:128)
	at org.junit.platform.engine.support.hierarchical.ThrowableCollector.execute(ThrowableCollector.java:73)
	at org.junit.platform.engine.support.hierarchical.NodeTestTask.prepare(NodeTestTask.java:128)
	at org.junit.platform.engine.support.hierarchical.NodeTestTask.execute(NodeTestTask.java:95)
	at java.base/java.util.ArrayList.forEach(ArrayList.java:1596)
	at org.junit.platform.engine.support.hierarchical.SameThreadHierarchicalTestExecutorService.invokeAll(SameThreadHierarchicalTestExecutorService.java:41)
	at org.junit.platform.engine.support.hierarchical.NodeTestTask.lambda$executeRecursively$6(NodeTestTask.java:160)
	at org.junit.platform.engine.support.hierarchical.ThrowableCollector.execute(ThrowableCollector.java:73)
	at org.junit.platform.engine.support.hierarchical.NodeTestTask.lambda$executeRecursively$8(NodeTestTask.java:146)
	at org.junit.platform.engine.support.hierarchical.Node.around(Node.java:137)
	at org.junit.platform.engine.support.hierarchical.NodeTestTask.lambda$executeRecursively$9(NodeTestTask.java:144)
	at org.junit.platform.engine.support.hierarchical.ThrowableCollector.execute(ThrowableCollector.java:73)
	at org.junit.platform.engine.support.hierarchical.NodeTestTask.executeRecursively(NodeTestTask.java:143)
	at org.junit.platform.engine.support.hierarchical.NodeTestTask.execute(NodeTestTask.java:100)
	at java.base/java.util.ArrayList.forEach(ArrayList.java:1596)
	at org.junit.platform.engine.support.hierarchical.SameThreadHierarchicalTestExecutorService.invokeAll(SameThreadHierarchicalTestExecutorService.java:41)
	at org.junit.platform.engine.support.hierarchical.NodeTestTask.lambda$executeRecursively$6(NodeTestTask.java:160)
	at org.junit.platform.engine.support.hierarchical.ThrowableCollector.execute(ThrowableCollector.java:73)
	at org.junit.platform.engine.support.hierarchical.NodeTestTask.lambda$executeRecursively$8(NodeTestTask.java:146)
	at org.junit.platform.engine.support.hierarchical.Node.around(Node.java:137)
	at org.junit.platform.engine.support.hierarchical.NodeTestTask.lambda$executeRecursively$9(NodeTestTask.java:144)
	at org.junit.platform.engine.support.hierarchical.ThrowableCollector.execute(ThrowableCollector.java:73)
	at org.junit.platform.engine.support.hierarchical.NodeTestTask.executeRecursively(NodeTestTask.java:143)
	at org.junit.platform.engine.support.hierarchical.NodeTestTask.execute(NodeTestTask.java:100)
	at org.junit.platform.engine.support.hierarchical.SameThreadHierarchicalTestExecutorService.submit(SameThreadHierarchicalTestExecutorService.java:35)
	at org.junit.platform.engine.support.hierarchical.HierarchicalTestExecutor.execute(HierarchicalTestExecutor.java:57)
	at org.junit.platform.engine.support.hierarchical.HierarchicalTestEngine.execute(HierarchicalTestEngine.java:54)
	at org.junit.platform.launcher.core.EngineExecutionOrchestrator.execute(EngineExecutionOrchestrator.java:201)
	at org.junit.platform.launcher.core.EngineExecutionOrchestrator.execute(EngineExecutionOrchestrator.java:170)
	at org.junit.platform.launcher.core.EngineExecutionOrchestrator.execute(EngineExecutionOrchestrator.java:94)
	at org.junit.platform.launcher.core.EngineExecutionOrchestrator.lambda$execute$0(EngineExecutionOrchestrator.java:59)
	at org.junit.platform.launcher.core.EngineExecutionOrchestrator.withInterceptedStreams(EngineExecutionOrchestrator.java:142)
	at org.junit.platform.launcher.core.EngineExecutionOrchestrator.execute(EngineExecutionOrchestrator.java:58)
	at org.junit.platform.launcher.core.DefaultLauncher.execute(DefaultLauncher.java:103)
	at org.junit.platform.launcher.core.DefaultLauncher.execute(DefaultLauncher.java:85)
	at org.junit.platform.launcher.core.DelegatingLauncher.execute(DelegatingLauncher.java:47)
	at org.junit.platform.launcher.core.InterceptingLauncher.lambda$execute$1(InterceptingLauncher.java:39)
	at org.junit.platform.launcher.core.ClasspathAlignmentCheckingLauncherInterceptor.intercept(ClasspathAlignmentCheckingLauncherInterceptor.java:25)
	at org.junit.platform.launcher.core.InterceptingLauncher.execute(InterceptingLauncher.java:38)
	at org.junit.platform.launcher.core.DelegatingLauncher.execute(DelegatingLauncher.java:47)
	at org.apache.maven.surefire.junitplatform.LauncherAdapter.executeWithoutCancellationToken(LauncherAdapter.java:60)
	at org.apache.maven.surefire.junitplatform.LauncherAdapter.execute(LauncherAdapter.java:52)
	at org.apache.maven.surefire.junitplatform.JUnitPlatformProvider.execute(JUnitPlatformProvider.java:203)
	at org.apache.maven.surefire.junitplatform.JUnitPlatformProvider.invokeAllTests(JUnitPlatformProvider.java:168)
	at org.apache.maven.surefire.junitplatform.JUnitPlatformProvider.invoke(JUnitPlatformProvider.java:136)
	at org.apache.maven.surefire.booter.ForkedBooter.runSuitesInProcess(ForkedBooter.java:385)
	at org.apache.maven.surefire.booter.ForkedBooter.execute(ForkedBooter.java:162)
	at org.apache.maven.surefire.booter.ForkedBooter.run(ForkedBooter.java:507)
	at org.apache.maven.surefire.booter.ForkedBooter.main(ForkedBooter.java:495)
2026-09-11 00:28:36.581 [main] WARN  o.s.test.context.TestContextManager [traceId=,spanId=] - Caught exception while allowing TestExecutionListener [org.springframework.test.context.bean.override.BeanOverrideTestExecutionListener] to prepare test instance [com.gien.gits.api.controller.EngagementJourneyControllerTest@27aa700]
java.lang.IllegalStateException: ApplicationContext failure threshold (1) exceeded: skipping repeated attempt to load context for [WebMergedContextConfiguration@75ad7531 testClass = com.gien.gits.api.controller.EngagementJourneyControllerTest, locations = [], classes = [com.gien.gits.api.GitsKnoApiApplication], contextInitializerClasses = [], activeProfiles = [], propertySourceDescriptors = [], propertySourceProperties = ["org.springframework.boot.test.autoconfigure.web.servlet.WebMvcTestContextBootstrapper=true"], contextCustomizers = [[ImportsContextCustomizer@4d619aa0 key = [org.springframework.boot.autoconfigure.security.oauth2.client.servlet.OAuth2ClientWebSecurityAutoConfiguration, org.springframework.boot.autoconfigure.task.TaskExecutionAutoConfiguration, org.springframework.boot.autoconfigure.cache.CacheAutoConfiguration, org.springframework.boot.autoconfigure.web.servlet.HttpEncodingAutoConfiguration, org.springframework.boot.autoconfigure.validation.ValidationAutoConfiguration, org.springframework.boot.autoconfigure.security.saml2.Saml2RelyingPartyAutoConfiguration, org.springframework.boot.autoconfigure.context.MessageSourceAutoConfiguration, org.springframework.boot.autoconfigure.hateoas.HypermediaAutoConfiguration, org.springframework.boot.autoconfigure.jackson.JacksonAutoConfiguration, org.springframework.boot.autoconfigure.data.web.SpringDataWebAutoConfiguration, org.springframework.boot.test.autoconfigure.web.reactive.WebTestClientAutoConfiguration, org.springframework.boot.autoconfigure.web.servlet.error.ErrorMvcAutoConfiguration, org.springframework.boot.test.autoconfigure.web.servlet.MockMvcAutoConfiguration, org.springframework.boot.autoconfigure.security.servlet.SecurityAutoConfiguration, org.springframework.boot.autoconfigure.security.servlet.SecurityFilterAutoConfiguration, org.springframework.boot.autoconfigure.http.HttpMessageConvertersAutoConfiguration, org.springframework.boot.autoconfigure.security.oauth2.client.OAuth2ClientAutoConfiguration, org.springframework.boot.test.autoconfigure.web.servlet.MockMvcSecurityConfiguration, org.springframework.boot.test.autoconfigure.web.servlet.MockMvcWebClientAutoConfiguration, org.springframework.boot.test.autoconfigure.web.servlet.MockMvcWebDriverAutoConfiguration, org.springframework.boot.autoconfigure.thymeleaf.ThymeleafAutoConfiguration, org.springframework.boot.autoconfigure.gson.GsonAutoConfiguration, org.springframework.boot.autoconfigure.jsonb.JsonbAutoConfiguration, org.springframework.boot.autoconfigure.freemarker.FreeMarkerAutoConfiguration, org.springframework.boot.autoconfigure.web.servlet.WebMvcAutoConfiguration, org.springframework.boot.autoconfigure.security.servlet.UserDetailsServiceAutoConfiguration, org.springframework.boot.autoconfigure.security.oauth2.resource.servlet.OAuth2ResourceServerAutoConfiguration, org.springframework.boot.autoconfigure.groovy.template.GroovyTemplateAutoConfiguration, org.springframework.boot.autoconfigure.mustache.MustacheAutoConfiguration]], org.springframework.boot.test.context.filter.ExcludeFilterContextCustomizer@3c0fbd3a, org.springframework.boot.test.json.DuplicateJsonObjectContextCustomizerFactory$DuplicateJsonObjectContextCustomizer@5b12012e, org.springframework.boot.test.mock.mockito.MockitoContextCustomizer@0, org.springframework.boot.test.web.reactor.netty.DisableReactorResourceFactoryGlobalResourcesContextCustomizerFactory$DisableReactorResourceFactoryGlobalResourcesContextCustomizerCustomizer@4930539b, org.springframework.boot.test.autoconfigure.OnFailureConditionReportContextCustomizerFactory$OnFailureConditionReportContextCustomizer@3bb8aabc, org.springframework.boot.test.autoconfigure.OverrideAutoConfigurationContextCustomizerFactory$DisableAutoConfigurationContextCustomizer@29a4f594, org.springframework.boot.test.autoconfigure.actuate.observability.ObservabilityContextCustomizerFactory$DisableObservabilityContextCustomizer@1f, org.springframework.boot.test.autoconfigure.filter.TypeExcludeFiltersContextCustomizer@36b2352, org.springframework.boot.test.autoconfigure.properties.PropertyMappingContextCustomizer@d00e4b89, org.springframework.boot.test.autoconfigure.web.servlet.WebDriverContextCustomizer@62b969c4, org.springframework.test.context.bean.override.BeanOverrideContextCustomizer@2629bb49, org.springframework.test.context.support.DynamicPropertiesContextCustomizer@0, org.springframework.boot.test.context.SpringBootTestAnnotation@af3b7975], resourceBasePath = "src/main/webapp", contextLoader = org.springframework.boot.test.context.SpringBootContextLoader, parent = null]
	at org.springframework.test.context.cache.DefaultCacheAwareContextLoaderDelegate.loadContext(DefaultCacheAwareContextLoaderDelegate.java:145)
	at org.springframework.test.context.support.DefaultTestContext.getApplicationContext(DefaultTestContext.java:130)
	at org.springframework.test.context.bean.override.BeanOverrideTestExecutionListener.injectFields(BeanOverrideTestExecutionListener.java:107)
	at org.springframework.test.context.bean.override.BeanOverrideTestExecutionListener.prepareTestInstance(BeanOverrideTestExecutionListener.java:70)
	at org.springframework.test.context.TestContextManager.prepareTestInstance(TestContextManager.java:260)
	at org.springframework.test.context.junit.jupiter.SpringExtension.postProcessTestInstance(SpringExtension.java:159)
	at org.junit.jupiter.engine.descriptor.ClassBasedTestDescriptor.lambda$invokeTestInstancePostProcessors$10(ClassBasedTestDescriptor.java:383)
	at org.junit.jupiter.engine.descriptor.ClassBasedTestDescriptor.executeAndMaskThrowable(ClassBasedTestDescriptor.java:388)
	at org.junit.jupiter.engine.descriptor.ClassBasedTestDescriptor.lambda$invokeTestInstancePostProcessors$11(ClassBasedTestDescriptor.java:382)
	at java.base/java.util.stream.ForEachOps$ForEachOp$OfRef.accept(ForEachOps.java:184)
	at java.base/java.util.stream.ReferencePipeline$3$1.accept(ReferencePipeline.java:197)
	at java.base/java.util.stream.ReferencePipeline$2$1.accept(ReferencePipeline.java:179)
	at java.base/java.util.stream.ReferencePipeline$3$1.accept(ReferencePipeline.java:197)
	at java.base/java.util.ArrayList$ArrayListSpliterator.forEachRemaining(ArrayList.java:1708)
	at java.base/java.util.stream.AbstractPipeline.copyInto(AbstractPipeline.java:509)
	at java.base/java.util.stream.AbstractPipeline.wrapAndCopyInto(AbstractPipeline.java:499)
	at java.base/java.util.stream.ForEachOps$ForEachOp.evaluateSequential(ForEachOps.java:151)
	at java.base/java.util.stream.ForEachOps$ForEachOp$OfRef.evaluateSequential(ForEachOps.java:174)
	at java.base/java.util.stream.AbstractPipeline.evaluate(AbstractPipeline.java:234)
	at java.base/java.util.stream.ReferencePipeline.forEach(ReferencePipeline.java:596)
	at org.junit.jupiter.engine.descriptor.ClassBasedTestDescriptor.invokeTestInstancePostProcessors(ClassBasedTestDescriptor.java:382)
	at org.junit.jupiter.engine.descriptor.ClassBasedTestDescriptor.lambda$instantiateAndPostProcessTestInstance$6(ClassBasedTestDescriptor.java:293)
	at org.junit.platform.engine.support.hierarchical.ThrowableCollector.execute(ThrowableCollector.java:73)
	at org.junit.jupiter.engine.descriptor.ClassBasedTestDescriptor.instantiateAndPostProcessTestInstance(ClassBasedTestDescriptor.java:292)
	at org.junit.jupiter.engine.descriptor.ClassBasedTestDescriptor.lambda$testInstancesProvider$4(ClassBasedTestDescriptor.java:281)
	at java.base/java.util.Optional.orElseGet(Optional.java:364)
	at org.junit.jupiter.engine.descriptor.ClassBasedTestDescriptor.lambda$testInstancesProvider$5(ClassBasedTestDescriptor.java:280)
	at org.junit.jupiter.engine.execution.TestInstancesProvider.getTestInstances(TestInstancesProvider.java:27)
	at org.junit.jupiter.engine.descriptor.TestMethodTestDescriptor.lambda$prepare$0(TestMethodTestDescriptor.java:112)
	at org.junit.platform.engine.support.hierarchical.ThrowableCollector.execute(ThrowableCollector.java:73)
	at org.junit.jupiter.engine.descriptor.TestMethodTestDescriptor.prepare(TestMethodTestDescriptor.java:111)
	at org.junit.jupiter.engine.descriptor.TestMethodTestDescriptor.prepare(TestMethodTestDescriptor.java:69)
	at org.junit.platform.engine.support.hierarchical.NodeTestTask.lambda$prepare$2(NodeTestTask.java:128)
	at org.junit.platform.engine.support.hierarchical.ThrowableCollector.execute(ThrowableCollector.java:73)
	at org.junit.platform.engine.support.hierarchical.NodeTestTask.prepare(NodeTestTask.java:128)
	at org.junit.platform.engine.support.hierarchical.NodeTestTask.execute(NodeTestTask.java:95)
	at java.base/java.util.ArrayList.forEach(ArrayList.java:1596)
	at org.junit.platform.engine.support.hierarchical.SameThreadHierarchicalTestExecutorService.invokeAll(SameThreadHierarchicalTestExecutorService.java:41)
	at org.junit.platform.engine.support.hierarchical.NodeTestTask.lambda$executeRecursively$6(NodeTestTask.java:160)
	at org.junit.platform.engine.support.hierarchical.ThrowableCollector.execute(ThrowableCollector.java:73)
	at org.junit.platform.engine.support.hierarchical.NodeTestTask.lambda$executeRecursively$8(NodeTestTask.java:146)
	at org.junit.platform.engine.support.hierarchical.Node.around(Node.java:137)
	at org.junit.platform.engine.support.hierarchical.NodeTestTask.lambda$executeRecursively$9(NodeTestTask.java:144)
	at org.junit.platform.engine.support.hierarchical.ThrowableCollector.execute(ThrowableCollector.java:73)
	at org.junit.platform.engine.support.hierarchical.NodeTestTask.executeRecursively(NodeTestTask.java:143)
	at org.junit.platform.engine.support.hierarchical.NodeTestTask.execute(NodeTestTask.java:100)
	at java.base/java.util.ArrayList.forEach(ArrayList.java:1596)
	at org.junit.platform.engine.support.hierarchical.SameThreadHierarchicalTestExecutorService.invokeAll(SameThreadHierarchicalTestExecutorService.java:41)
	at org.junit.platform.engine.support.hierarchical.NodeTestTask.lambda$executeRecursively$6(NodeTestTask.java:160)
	at org.junit.platform.engine.support.hierarchical.ThrowableCollector.execute(ThrowableCollector.java:73)
	at org.junit.platform.engine.support.hierarchical.NodeTestTask.lambda$executeRecursively$8(NodeTestTask.java:146)
	at org.junit.platform.engine.support.hierarchical.Node.around(Node.java:137)
	at org.junit.platform.engine.support.hierarchical.NodeTestTask.lambda$executeRecursively$9(NodeTestTask.java:144)
	at org.junit.platform.engine.support.hierarchical.ThrowableCollector.execute(ThrowableCollector.java:73)
	at org.junit.platform.engine.support.hierarchical.NodeTestTask.executeRecursively(NodeTestTask.java:143)
	at org.junit.platform.engine.support.hierarchical.NodeTestTask.execute(NodeTestTask.java:100)
	at org.junit.platform.engine.support.hierarchical.SameThreadHierarchicalTestExecutorService.submit(SameThreadHierarchicalTestExecutorService.java:35)
	at org.junit.platform.engine.support.hierarchical.HierarchicalTestExecutor.execute(HierarchicalTestExecutor.java:57)
	at org.junit.platform.engine.support.hierarchical.HierarchicalTestEngine.execute(HierarchicalTestEngine.java:54)
	at org.junit.platform.launcher.core.EngineExecutionOrchestrator.execute(EngineExecutionOrchestrator.java:201)
	at org.junit.platform.launcher.core.EngineExecutionOrchestrator.execute(EngineExecutionOrchestrator.java:170)
	at org.junit.platform.launcher.core.EngineExecutionOrchestrator.execute(EngineExecutionOrchestrator.java:94)
	at org.junit.platform.launcher.core.EngineExecutionOrchestrator.lambda$execute$0(EngineExecutionOrchestrator.java:59)
	at org.junit.platform.launcher.core.EngineExecutionOrchestrator.withInterceptedStreams(EngineExecutionOrchestrator.java:142)
	at org.junit.platform.launcher.core.EngineExecutionOrchestrator.execute(EngineExecutionOrchestrator.java:58)
	at org.junit.platform.launcher.core.DefaultLauncher.execute(DefaultLauncher.java:103)
	at org.junit.platform.launcher.core.DefaultLauncher.execute(DefaultLauncher.java:85)
	at org.junit.platform.launcher.core.DelegatingLauncher.execute(DelegatingLauncher.java:47)
	at org.junit.platform.launcher.core.InterceptingLauncher.lambda$execute$1(InterceptingLauncher.java:39)
	at org.junit.platform.launcher.core.ClasspathAlignmentCheckingLauncherInterceptor.intercept(ClasspathAlignmentCheckingLauncherInterceptor.java:25)
	at org.junit.platform.launcher.core.InterceptingLauncher.execute(InterceptingLauncher.java:38)
	at org.junit.platform.launcher.core.DelegatingLauncher.execute(DelegatingLauncher.java:47)
	at org.apache.maven.surefire.junitplatform.LauncherAdapter.executeWithoutCancellationToken(LauncherAdapter.java:60)
	at org.apache.maven.surefire.junitplatform.LauncherAdapter.execute(LauncherAdapter.java:52)
	at org.apache.maven.surefire.junitplatform.JUnitPlatformProvider.execute(JUnitPlatformProvider.java:203)
	at org.apache.maven.surefire.junitplatform.JUnitPlatformProvider.invokeAllTests(JUnitPlatformProvider.java:168)
	at org.apache.maven.surefire.junitplatform.JUnitPlatformProvider.invoke(JUnitPlatformProvider.java:136)
	at org.apache.maven.surefire.booter.ForkedBooter.runSuitesInProcess(ForkedBooter.java:385)
	at org.apache.maven.surefire.booter.ForkedBooter.execute(ForkedBooter.java:162)
	at org.apache.maven.surefire.booter.ForkedBooter.run(ForkedBooter.java:507)
	at org.apache.maven.surefire.booter.ForkedBooter.main(ForkedBooter.java:495)
2026-09-11 00:28:36.590 [main] WARN  o.s.test.context.TestContextManager [traceId=,spanId=] - Caught exception while allowing TestExecutionListener [org.springframework.test.context.bean.override.BeanOverrideTestExecutionListener] to prepare test instance [com.gien.gits.api.controller.EngagementJourneyControllerTest@704c3ca2]
java.lang.IllegalStateException: ApplicationContext failure threshold (1) exceeded: skipping repeated attempt to load context for [WebMergedContextConfiguration@75ad7531 testClass = com.gien.gits.api.controller.EngagementJourneyControllerTest, locations = [], classes = [com.gien.gits.api.GitsKnoApiApplication], contextInitializerClasses = [], activeProfiles = [], propertySourceDescriptors = [], propertySourceProperties = ["org.springframework.boot.test.autoconfigure.web.servlet.WebMvcTestContextBootstrapper=true"], contextCustomizers = [[ImportsContextCustomizer@4d619aa0 key = [org.springframework.boot.autoconfigure.security.oauth2.client.servlet.OAuth2ClientWebSecurityAutoConfiguration, org.springframework.boot.autoconfigure.task.TaskExecutionAutoConfiguration, org.springframework.boot.autoconfigure.cache.CacheAutoConfiguration, org.springframework.boot.autoconfigure.web.servlet.HttpEncodingAutoConfiguration, org.springframework.boot.autoconfigure.validation.ValidationAutoConfiguration, org.springframework.boot.autoconfigure.security.saml2.Saml2RelyingPartyAutoConfiguration, org.springframework.boot.autoconfigure.context.MessageSourceAutoConfiguration, org.springframework.boot.autoconfigure.hateoas.HypermediaAutoConfiguration, org.springframework.boot.autoconfigure.jackson.JacksonAutoConfiguration, org.springframework.boot.autoconfigure.data.web.SpringDataWebAutoConfiguration, org.springframework.boot.test.autoconfigure.web.reactive.WebTestClientAutoConfiguration, org.springframework.boot.autoconfigure.web.servlet.error.ErrorMvcAutoConfiguration, org.springframework.boot.test.autoconfigure.web.servlet.MockMvcAutoConfiguration, org.springframework.boot.autoconfigure.security.servlet.SecurityAutoConfiguration, org.springframework.boot.autoconfigure.security.servlet.SecurityFilterAutoConfiguration, org.springframework.boot.autoconfigure.http.HttpMessageConvertersAutoConfiguration, org.springframework.boot.autoconfigure.security.oauth2.client.OAuth2ClientAutoConfiguration, org.springframework.boot.test.autoconfigure.web.servlet.MockMvcSecurityConfiguration, org.springframework.boot.test.autoconfigure.web.servlet.MockMvcWebClientAutoConfiguration, org.springframework.boot.test.autoconfigure.web.servlet.MockMvcWebDriverAutoConfiguration, org.springframework.boot.autoconfigure.thymeleaf.ThymeleafAutoConfiguration, org.springframework.boot.autoconfigure.gson.GsonAutoConfiguration, org.springframework.boot.autoconfigure.jsonb.JsonbAutoConfiguration, org.springframework.boot.autoconfigure.freemarker.FreeMarkerAutoConfiguration, org.springframework.boot.autoconfigure.web.servlet.WebMvcAutoConfiguration, org.springframework.boot.autoconfigure.security.servlet.UserDetailsServiceAutoConfiguration, org.springframework.boot.autoconfigure.security.oauth2.resource.servlet.OAuth2ResourceServerAutoConfiguration, org.springframework.boot.autoconfigure.groovy.template.GroovyTemplateAutoConfiguration, org.springframework.boot.autoconfigure.mustache.MustacheAutoConfiguration]], org.springframework.boot.test.context.filter.ExcludeFilterContextCustomizer@3c0fbd3a, org.springframework.boot.test.json.DuplicateJsonObjectContextCustomizerFactory$DuplicateJsonObjectContextCustomizer@5b12012e, org.springframework.boot.test.mock.mockito.MockitoContextCustomizer@0, org.springframework.boot.test.web.reactor.netty.DisableReactorResourceFactoryGlobalResourcesContextCustomizerFactory$DisableReactorResourceFactoryGlobalResourcesContextCustomizerCustomizer@4930539b, org.springframework.boot.test.autoconfigure.OnFailureConditionReportContextCustomizerFactory$OnFailureConditionReportContextCustomizer@3bb8aabc, org.springframework.boot.test.autoconfigure.OverrideAutoConfigurationContextCustomizerFactory$DisableAutoConfigurationContextCustomizer@29a4f594, org.springframework.boot.test.autoconfigure.actuate.observability.ObservabilityContextCustomizerFactory$DisableObservabilityContextCustomizer@1f, org.springframework.boot.test.autoconfigure.filter.TypeExcludeFiltersContextCustomizer@36b2352, org.springframework.boot.test.autoconfigure.properties.PropertyMappingContextCustomizer@d00e4b89, org.springframework.boot.test.autoconfigure.web.servlet.WebDriverContextCustomizer@62b969c4, org.springframework.test.context.bean.override.BeanOverrideContextCustomizer@2629bb49, org.springframework.test.context.support.DynamicPropertiesContextCustomizer@0, org.springframework.boot.test.context.SpringBootTestAnnotation@af3b7975], resourceBasePath = "src/main/webapp", contextLoader = org.springframework.boot.test.context.SpringBootContextLoader, parent = null]
	at org.springframework.test.context.cache.DefaultCacheAwareContextLoaderDelegate.loadContext(DefaultCacheAwareContextLoaderDelegate.java:145)
	at org.springframework.test.context.support.DefaultTestContext.getApplicationContext(DefaultTestContext.java:130)
	at org.springframework.test.context.bean.override.BeanOverrideTestExecutionListener.injectFields(BeanOverrideTestExecutionListener.java:107)
	at org.springframework.test.context.bean.override.BeanOverrideTestExecutionListener.prepareTestInstance(BeanOverrideTestExecutionListener.java:70)
	at org.springframework.test.context.TestContextManager.prepareTestInstance(TestContextManager.java:260)
	at org.springframework.test.context.junit.jupiter.SpringExtension.postProcessTestInstance(SpringExtension.java:159)
	at org.junit.jupiter.engine.descriptor.ClassBasedTestDescriptor.lambda$invokeTestInstancePostProcessors$10(ClassBasedTestDescriptor.java:383)
	at org.junit.jupiter.engine.descriptor.ClassBasedTestDescriptor.executeAndMaskThrowable(ClassBasedTestDescriptor.java:388)
	at org.junit.jupiter.engine.descriptor.ClassBasedTestDescriptor.lambda$invokeTestInstancePostProcessors$11(ClassBasedTestDescriptor.java:382)
	at java.base/java.util.stream.ForEachOps$ForEachOp$OfRef.accept(ForEachOps.java:184)
	at java.base/java.util.stream.ReferencePipeline$3$1.accept(ReferencePipeline.java:197)
	at java.base/java.util.stream.ReferencePipeline$2$1.accept(ReferencePipeline.java:179)
	at java.base/java.util.stream.ReferencePipeline$3$1.accept(ReferencePipeline.java:197)
	at java.base/java.util.ArrayList$ArrayListSpliterator.forEachRemaining(ArrayList.java:1708)
	at java.base/java.util.stream.AbstractPipeline.copyInto(AbstractPipeline.java:509)
	at java.base/java.util.stream.AbstractPipeline.wrapAndCopyInto(AbstractPipeline.java:499)
	at java.base/java.util.stream.ForEachOps$ForEachOp.evaluateSequential(ForEachOps.java:151)
	at java.base/java.util.stream.ForEachOps$ForEachOp$OfRef.evaluateSequential(ForEachOps.java:174)
	at java.base/java.util.stream.AbstractPipeline.evaluate(AbstractPipeline.java:234)
	at java.base/java.util.stream.ReferencePipeline.forEach(ReferencePipeline.java:596)
	at org.junit.jupiter.engine.descriptor.ClassBasedTestDescriptor.invokeTestInstancePostProcessors(ClassBasedTestDescriptor.java:382)
	at org.junit.jupiter.engine.descriptor.ClassBasedTestDescriptor.lambda$instantiateAndPostProcessTestInstance$6(ClassBasedTestDescriptor.java:293)
	at org.junit.platform.engine.support.hierarchical.ThrowableCollector.execute(ThrowableCollector.java:73)
	at org.junit.jupiter.engine.descriptor.ClassBasedTestDescriptor.instantiateAndPostProcessTestInstance(ClassBasedTestDescriptor.java:292)
	at org.junit.jupiter.engine.descriptor.ClassBasedTestDescriptor.lambda$testInstancesProvider$4(ClassBasedTestDescriptor.java:281)
	at java.base/java.util.Optional.orElseGet(Optional.java:364)
	at org.junit.jupiter.engine.descriptor.ClassBasedTestDescriptor.lambda$testInstancesProvider$5(ClassBasedTestDescriptor.java:280)
	at org.junit.jupiter.engine.execution.TestInstancesProvider.getTestInstances(TestInstancesProvider.java:27)
	at org.junit.jupiter.engine.descriptor.TestMethodTestDescriptor.lambda$prepare$0(TestMethodTestDescriptor.java:112)
	at org.junit.platform.engine.support.hierarchical.ThrowableCollector.execute(ThrowableCollector.java:73)
	at org.junit.jupiter.engine.descriptor.TestMethodTestDescriptor.prepare(TestMethodTestDescriptor.java:111)
	at org.junit.jupiter.engine.descriptor.TestMethodTestDescriptor.prepare(TestMethodTestDescriptor.java:69)
	at org.junit.platform.engine.support.hierarchical.NodeTestTask.lambda$prepare$2(NodeTestTask.java:128)
	at org.junit.platform.engine.support.hierarchical.ThrowableCollector.execute(ThrowableCollector.java:73)
	at org.junit.platform.engine.support.hierarchical.NodeTestTask.prepare(NodeTestTask.java:128)
	at org.junit.platform.engine.support.hierarchical.NodeTestTask.execute(NodeTestTask.java:95)
	at java.base/java.util.ArrayList.forEach(ArrayList.java:1596)
	at org.junit.platform.engine.support.hierarchical.SameThreadHierarchicalTestExecutorService.invokeAll(SameThreadHierarchicalTestExecutorService.java:41)
	at org.junit.platform.engine.support.hierarchical.NodeTestTask.lambda$executeRecursively$6(NodeTestTask.java:160)
	at org.junit.platform.engine.support.hierarchical.ThrowableCollector.execute(ThrowableCollector.java:73)
	at org.junit.platform.engine.support.hierarchical.NodeTestTask.lambda$executeRecursively$8(NodeTestTask.java:146)
	at org.junit.platform.engine.support.hierarchical.Node.around(Node.java:137)
	at org.junit.platform.engine.support.hierarchical.NodeTestTask.lambda$executeRecursively$9(NodeTestTask.java:144)
	at org.junit.platform.engine.support.hierarchical.ThrowableCollector.execute(ThrowableCollector.java:73)
	at org.junit.platform.engine.support.hierarchical.NodeTestTask.executeRecursively(NodeTestTask.java:143)
	at org.junit.platform.engine.support.hierarchical.NodeTestTask.execute(NodeTestTask.java:100)
	at java.base/java.util.ArrayList.forEach(ArrayList.java:1596)
	at org.junit.platform.engine.support.hierarchical.SameThreadHierarchicalTestExecutorService.invokeAll(SameThreadHierarchicalTestExecutorService.java:41)
	at org.junit.platform.engine.support.hierarchical.NodeTestTask.lambda$executeRecursively$6(NodeTestTask.java:160)
	at org.junit.platform.engine.support.hierarchical.ThrowableCollector.execute(ThrowableCollector.java:73)
	at org.junit.platform.engine.support.hierarchical.NodeTestTask.lambda$executeRecursively$8(NodeTestTask.java:146)
	at org.junit.platform.engine.support.hierarchical.Node.around(Node.java:137)
	at org.junit.platform.engine.support.hierarchical.NodeTestTask.lambda$executeRecursively$9(NodeTestTask.java:144)
	at org.junit.platform.engine.support.hierarchical.ThrowableCollector.execute(ThrowableCollector.java:73)
	at org.junit.platform.engine.support.hierarchical.NodeTestTask.executeRecursively(NodeTestTask.java:143)
	at org.junit.platform.engine.support.hierarchical.NodeTestTask.execute(NodeTestTask.java:100)
	at org.junit.platform.engine.support.hierarchical.SameThreadHierarchicalTestExecutorService.submit(SameThreadHierarchicalTestExecutorService.java:35)
	at org.junit.platform.engine.support.hierarchical.HierarchicalTestExecutor.execute(HierarchicalTestExecutor.java:57)
	at org.junit.platform.engine.support.hierarchical.HierarchicalTestEngine.execute(HierarchicalTestEngine.java:54)
	at org.junit.platform.launcher.core.EngineExecutionOrchestrator.execute(EngineExecutionOrchestrator.java:201)
	at org.junit.platform.launcher.core.EngineExecutionOrchestrator.execute(EngineExecutionOrchestrator.java:170)
	at org.junit.platform.launcher.core.EngineExecutionOrchestrator.execute(EngineExecutionOrchestrator.java:94)
	at org.junit.platform.launcher.core.EngineExecutionOrchestrator.lambda$execute$0(EngineExecutionOrchestrator.java:59)
	at org.junit.platform.launcher.core.EngineExecutionOrchestrator.withInterceptedStreams(EngineExecutionOrchestrator.java:142)
	at org.junit.platform.launcher.core.EngineExecutionOrchestrator.execute(EngineExecutionOrchestrator.java:58)
	at org.junit.platform.launcher.core.DefaultLauncher.execute(DefaultLauncher.java:103)
	at org.junit.platform.launcher.core.DefaultLauncher.execute(DefaultLauncher.java:85)
	at org.junit.platform.launcher.core.DelegatingLauncher.execute(DelegatingLauncher.java:47)
	at org.junit.platform.launcher.core.InterceptingLauncher.lambda$execute$1(InterceptingLauncher.java:39)
	at org.junit.platform.launcher.core.ClasspathAlignmentCheckingLauncherInterceptor.intercept(ClasspathAlignmentCheckingLauncherInterceptor.java:25)
	at org.junit.platform.launcher.core.InterceptingLauncher.execute(InterceptingLauncher.java:38)
	at org.junit.platform.launcher.core.DelegatingLauncher.execute(DelegatingLauncher.java:47)
	at org.apache.maven.surefire.junitplatform.LauncherAdapter.executeWithoutCancellationToken(LauncherAdapter.java:60)
	at org.apache.maven.surefire.junitplatform.LauncherAdapter.execute(LauncherAdapter.java:52)
	at org.apache.maven.surefire.junitplatform.JUnitPlatformProvider.execute(JUnitPlatformProvider.java:203)
	at org.apache.maven.surefire.junitplatform.JUnitPlatformProvider.invokeAllTests(JUnitPlatformProvider.java:168)
	at org.apache.maven.surefire.junitplatform.JUnitPlatformProvider.invoke(JUnitPlatformProvider.java:136)
	at org.apache.maven.surefire.booter.ForkedBooter.runSuitesInProcess(ForkedBooter.java:385)
	at org.apache.maven.surefire.booter.ForkedBooter.execute(ForkedBooter.java:162)
	at org.apache.maven.surefire.booter.ForkedBooter.run(ForkedBooter.java:507)
	at org.apache.maven.surefire.booter.ForkedBooter.main(ForkedBooter.java:495)
[ERROR] Tests run: 4, Failures: 0, Errors: 4, Skipped: 0, Time elapsed: 3.361 s <<< FAILURE! -- in com.gien.gits.api.controller.EngagementJourneyControllerTest
[ERROR] com.gien.gits.api.controller.EngagementJourneyControllerTest.testListOutreachScripts -- Time elapsed: 0.023 s <<< ERROR!
java.lang.IllegalStateException: Failed to load ApplicationContext for [WebMergedContextConfiguration@75ad7531 testClass = com.gien.gits.api.controller.EngagementJourneyControllerTest, locations = [], classes = [com.gien.gits.api.GitsKnoApiApplication], contextInitializerClasses = [], activeProfiles = [], propertySourceDescriptors = [], propertySourceProperties = ["org.springframework.boot.test.autoconfigure.web.servlet.WebMvcTestContextBootstrapper=true"], contextCustomizers = [[ImportsContextCustomizer@4d619aa0 key = [org.springframework.boot.autoconfigure.security.oauth2.client.servlet.OAuth2ClientWebSecurityAutoConfiguration, org.springframework.boot.autoconfigure.task.TaskExecutionAutoConfiguration, org.springframework.boot.autoconfigure.cache.CacheAutoConfiguration, org.springframework.boot.autoconfigure.web.servlet.HttpEncodingAutoConfiguration, org.springframework.boot.autoconfigure.validation.ValidationAutoConfiguration, org.springframework.boot.autoconfigure.security.saml2.Saml2RelyingPartyAutoConfiguration, org.springframework.boot.autoconfigure.context.MessageSourceAutoConfiguration, org.springframework.boot.autoconfigure.hateoas.HypermediaAutoConfiguration, org.springframework.boot.autoconfigure.jackson.JacksonAutoConfiguration, org.springframework.boot.autoconfigure.data.web.SpringDataWebAutoConfiguration, org.springframework.boot.test.autoconfigure.web.reactive.WebTestClientAutoConfiguration, org.springframework.boot.autoconfigure.web.servlet.error.ErrorMvcAutoConfiguration, org.springframework.boot.test.autoconfigure.web.servlet.MockMvcAutoConfiguration, org.springframework.boot.autoconfigure.security.servlet.SecurityAutoConfiguration, org.springframework.boot.autoconfigure.security.servlet.SecurityFilterAutoConfiguration, org.springframework.boot.autoconfigure.http.HttpMessageConvertersAutoConfiguration, org.springframework.boot.autoconfigure.security.oauth2.client.OAuth2ClientAutoConfiguration, org.springframework.boot.test.autoconfigure.web.servlet.MockMvcSecurityConfiguration, org.springframework.boot.test.autoconfigure.web.servlet.MockMvcWebClientAutoConfiguration, org.springframework.boot.test.autoconfigure.web.servlet.MockMvcWebDriverAutoConfiguration, org.springframework.boot.autoconfigure.thymeleaf.ThymeleafAutoConfiguration, org.springframework.boot.autoconfigure.gson.GsonAutoConfiguration, org.springframework.boot.autoconfigure.jsonb.JsonbAutoConfiguration, org.springframework.boot.autoconfigure.freemarker.FreeMarkerAutoConfiguration, org.springframework.boot.autoconfigure.web.servlet.WebMvcAutoConfiguration, org.springframework.boot.autoconfigure.security.servlet.UserDetailsServiceAutoConfiguration, org.springframework.boot.autoconfigure.security.oauth2.resource.servlet.OAuth2ResourceServerAutoConfiguration, org.springframework.boot.autoconfigure.groovy.template.GroovyTemplateAutoConfiguration, org.springframework.boot.autoconfigure.mustache.MustacheAutoConfiguration]], org.springframework.boot.test.context.filter.ExcludeFilterContextCustomizer@3c0fbd3a, org.springframework.boot.test.json.DuplicateJsonObjectContextCustomizerFactory$DuplicateJsonObjectContextCustomizer@5b12012e, org.springframework.boot.test.mock.mockito.MockitoContextCustomizer@0, org.springframework.boot.test.web.reactor.netty.DisableReactorResourceFactoryGlobalResourcesContextCustomizerFactory$DisableReactorResourceFactoryGlobalResourcesContextCustomizerCustomizer@4930539b, org.springframework.boot.test.autoconfigure.OnFailureConditionReportContextCustomizerFactory$OnFailureConditionReportContextCustomizer@3bb8aabc, org.springframework.boot.test.autoconfigure.OverrideAutoConfigurationContextCustomizerFactory$DisableAutoConfigurationContextCustomizer@29a4f594, org.springframework.boot.test.autoconfigure.actuate.observability.ObservabilityContextCustomizerFactory$DisableObservabilityContextCustomizer@1f, org.springframework.boot.test.autoconfigure.filter.TypeExcludeFiltersContextCustomizer@36b2352, org.springframework.boot.test.autoconfigure.properties.PropertyMappingContextCustomizer@d00e4b89, org.springframework.boot.test.autoconfigure.web.servlet.WebDriverContextCustomizer@62b969c4, org.springframework.test.context.bean.override.BeanOverrideContextCustomizer@2629bb49, org.springframework.test.context.support.DynamicPropertiesContextCustomizer@0, org.springframework.boot.test.context.SpringBootTestAnnotation@af3b7975], resourceBasePath = "src/main/webapp", contextLoader = org.springframework.boot.test.context.SpringBootContextLoader, parent = null]
	at org.springframework.test.context.cache.DefaultCacheAwareContextLoaderDelegate.loadContext(DefaultCacheAwareContextLoaderDelegate.java:180)
	at org.springframework.test.context.support.DefaultTestContext.getApplicationContext(DefaultTestContext.java:130)
	at org.springframework.test.context.bean.override.BeanOverrideTestExecutionListener.injectFields(BeanOverrideTestExecutionListener.java:107)
	at org.springframework.test.context.bean.override.BeanOverrideTestExecutionListener.prepareTestInstance(BeanOverrideTestExecutionListener.java:70)
	at org.springframework.test.context.TestContextManager.prepareTestInstance(TestContextManager.java:260)
	at org.springframework.test.context.junit.jupiter.SpringExtension.postProcessTestInstance(SpringExtension.java:159)
	at java.base/java.util.stream.ForEachOps$ForEachOp$OfRef.accept(ForEachOps.java:184)
	at java.base/java.util.stream.ReferencePipeline$3$1.accept(ReferencePipeline.java:197)
	at java.base/java.util.stream.ReferencePipeline$2$1.accept(ReferencePipeline.java:179)
	at java.base/java.util.stream.ReferencePipeline$3$1.accept(ReferencePipeline.java:197)
	at java.base/java.util.ArrayList$ArrayListSpliterator.forEachRemaining(ArrayList.java:1708)
	at java.base/java.util.stream.AbstractPipeline.copyInto(AbstractPipeline.java:509)
	at java.base/java.util.stream.AbstractPipeline.wrapAndCopyInto(AbstractPipeline.java:499)
	at java.base/java.util.stream.ForEachOps$ForEachOp.evaluateSequential(ForEachOps.java:151)
	at java.base/java.util.stream.ForEachOps$ForEachOp$OfRef.evaluateSequential(ForEachOps.java:174)
	at java.base/java.util.stream.AbstractPipeline.evaluate(AbstractPipeline.java:234)
	at java.base/java.util.stream.ReferencePipeline.forEach(ReferencePipeline.java:596)
	at java.base/java.util.Optional.orElseGet(Optional.java:364)
	at java.base/java.util.ArrayList.forEach(ArrayList.java:1596)
	at java.base/java.util.ArrayList.forEach(ArrayList.java:1596)
Caused by: org.springframework.beans.factory.UnsatisfiedDependencyException: Error creating bean with name 'engagementJourneyController' defined in file [/home/szf/dev/gits-cbanking/apps/api/target/classes/com/gien/gits/api/controller/EngagementJourneyController.class]: Unsatisfied dependency expressed through constructor parameter 6: No qualifying bean of type 'com.gien.gits.customerjourney.port.CustomerJourneyRepository' available: expected at least 1 bean which qualifies as autowire candidate. Dependency annotations: {}
	at org.springframework.beans.factory.support.ConstructorResolver.createArgumentArray(ConstructorResolver.java:804)
	at org.springframework.beans.factory.support.ConstructorResolver.autowireConstructor(ConstructorResolver.java:240)
	at org.springframework.beans.factory.support.AbstractAutowireCapableBeanFactory.autowireConstructor(AbstractAutowireCapableBeanFactory.java:1393)
	at org.springframework.beans.factory.support.AbstractAutowireCapableBeanFactory.createBeanInstance(AbstractAutowireCapableBeanFactory.java:1230)
	at org.springframework.beans.factory.support.AbstractAutowireCapableBeanFactory.doCreateBean(AbstractAutowireCapableBeanFactory.java:569)
	at org.springframework.beans.factory.support.AbstractAutowireCapableBeanFactory.createBean(AbstractAutowireCapableBeanFactory.java:529)
	at org.springframework.beans.factory.support.AbstractBeanFactory.lambda$doGetBean$0(AbstractBeanFactory.java:339)
	at org.springframework.beans.factory.support.DefaultSingletonBeanRegistry.getSingleton(DefaultSingletonBeanRegistry.java:373)
	at org.springframework.beans.factory.support.AbstractBeanFactory.doGetBean(AbstractBeanFactory.java:337)
	at org.springframework.beans.factory.support.AbstractBeanFactory.getBean(AbstractBeanFactory.java:202)
	at org.springframework.beans.factory.support.DefaultListableBeanFactory.instantiateSingleton(DefaultListableBeanFactory.java:1235)
	at org.springframework.beans.factory.support.DefaultListableBeanFactory.preInstantiateSingleton(DefaultListableBeanFactory.java:1201)
	at org.springframework.beans.factory.support.DefaultListableBeanFactory.preInstantiateSingletons(DefaultListableBeanFactory.java:1130)
	at org.springframework.context.support.AbstractApplicationContext.finishBeanFactoryInitialization(AbstractApplicationContext.java:991)
	at org.springframework.context.support.AbstractApplicationContext.refresh(AbstractApplicationContext.java:628)
	at org.springframework.boot.SpringApplication.refresh(SpringApplication.java:752)
	at org.springframework.boot.SpringApplication.refreshContext(SpringApplication.java:439)
	at org.springframework.boot.SpringApplication.run(SpringApplication.java:318)
	at org.springframework.boot.test.context.SpringBootContextLoader.lambda$loadContext$3(SpringBootContextLoader.java:151)
	at org.springframework.util.function.ThrowingSupplier.get(ThrowingSupplier.java:58)
	at org.springframework.util.function.ThrowingSupplier.get(ThrowingSupplier.java:46)
	at org.springframework.boot.SpringApplication.withHook(SpringApplication.java:1461)
	at org.springframework.boot.test.context.SpringBootContextLoader$ContextLoaderHook.run(SpringBootContextLoader.java:590)
	at org.springframework.boot.test.context.SpringBootContextLoader.loadContext(SpringBootContextLoader.java:151)
	at org.springframework.boot.test.context.SpringBootContextLoader.loadContext(SpringBootContextLoader.java:110)
	at org.springframework.test.context.cache.DefaultCacheAwareContextLoaderDelegate.loadContextInternal(DefaultCacheAwareContextLoaderDelegate.java:225)
	at org.springframework.test.context.cache.DefaultCacheAwareContextLoaderDelegate.loadContext(DefaultCacheAwareContextLoaderDelegate.java:152)
	... 19 more
Caused by: org.springframework.beans.factory.NoSuchBeanDefinitionException: No qualifying bean of type 'com.gien.gits.customerjourney.port.CustomerJourneyRepository' available: expected at least 1 bean which qualifies as autowire candidate. Dependency annotations: {}
	at org.springframework.beans.factory.support.DefaultListableBeanFactory.raiseNoMatchingBeanFound(DefaultListableBeanFactory.java:2322)
	at org.springframework.beans.factory.support.DefaultListableBeanFactory.doResolveDependency(DefaultListableBeanFactory.java:1740)
	at org.springframework.beans.factory.support.DefaultListableBeanFactory.resolveDependency(DefaultListableBeanFactory.java:1660)
	at org.springframework.beans.factory.support.ConstructorResolver.resolveAutowiredArgument(ConstructorResolver.java:913)
	at org.springframework.beans.factory.support.ConstructorResolver.createArgumentArray(ConstructorResolver.java:791)
	... 45 more

[ERROR] com.gien.gits.api.controller.EngagementJourneyControllerTest.testListMeetingScripts -- Time elapsed: 0.001 s <<< ERROR!
java.lang.IllegalStateException: ApplicationContext failure threshold (1) exceeded: skipping repeated attempt to load context for [WebMergedContextConfiguration@75ad7531 testClass = com.gien.gits.api.controller.EngagementJourneyControllerTest, locations = [], classes = [com.gien.gits.api.GitsKnoApiApplication], contextInitializerClasses = [], activeProfiles = [], propertySourceDescriptors = [], propertySourceProperties = ["org.springframework.boot.test.autoconfigure.web.servlet.WebMvcTestContextBootstrapper=true"], contextCustomizers = [[ImportsContextCustomizer@4d619aa0 key = [org.springframework.boot.autoconfigure.security.oauth2.client.servlet.OAuth2ClientWebSecurityAutoConfiguration, org.springframework.boot.autoconfigure.task.TaskExecutionAutoConfiguration, org.springframework.boot.autoconfigure.cache.CacheAutoConfiguration, org.springframework.boot.autoconfigure.web.servlet.HttpEncodingAutoConfiguration, org.springframework.boot.autoconfigure.validation.ValidationAutoConfiguration, org.springframework.boot.autoconfigure.security.saml2.Saml2RelyingPartyAutoConfiguration, org.springframework.boot.autoconfigure.context.MessageSourceAutoConfiguration, org.springframework.boot.autoconfigure.hateoas.HypermediaAutoConfiguration, org.springframework.boot.autoconfigure.jackson.JacksonAutoConfiguration, org.springframework.boot.autoconfigure.data.web.SpringDataWebAutoConfiguration, org.springframework.boot.test.autoconfigure.web.reactive.WebTestClientAutoConfiguration, org.springframework.boot.autoconfigure.web.servlet.error.ErrorMvcAutoConfiguration, org.springframework.boot.test.autoconfigure.web.servlet.MockMvcAutoConfiguration, org.springframework.boot.autoconfigure.security.servlet.SecurityAutoConfiguration, org.springframework.boot.autoconfigure.security.servlet.SecurityFilterAutoConfiguration, org.springframework.boot.autoconfigure.http.HttpMessageConvertersAutoConfiguration, org.springframework.boot.autoconfigure.security.oauth2.client.OAuth2ClientAutoConfiguration, org.springframework.boot.test.autoconfigure.web.servlet.MockMvcSecurityConfiguration, org.springframework.boot.test.autoconfigure.web.servlet.MockMvcWebClientAutoConfiguration, org.springframework.boot.test.autoconfigure.web.servlet.MockMvcWebDriverAutoConfiguration, org.springframework.boot.autoconfigure.thymeleaf.ThymeleafAutoConfiguration, org.springframework.boot.autoconfigure.gson.GsonAutoConfiguration, org.springframework.boot.autoconfigure.jsonb.JsonbAutoConfiguration, org.springframework.boot.autoconfigure.freemarker.FreeMarkerAutoConfiguration, org.springframework.boot.autoconfigure.web.servlet.WebMvcAutoConfiguration, org.springframework.boot.autoconfigure.security.servlet.UserDetailsServiceAutoConfiguration, org.springframework.boot.autoconfigure.security.oauth2.resource.servlet.OAuth2ResourceServerAutoConfiguration, org.springframework.boot.autoconfigure.groovy.template.GroovyTemplateAutoConfiguration, org.springframework.boot.autoconfigure.mustache.MustacheAutoConfiguration]], org.springframework.boot.test.context.filter.ExcludeFilterContextCustomizer@3c0fbd3a, org.springframework.boot.test.json.DuplicateJsonObjectContextCustomizerFactory$DuplicateJsonObjectContextCustomizer@5b12012e, org.springframework.boot.test.mock.mockito.MockitoContextCustomizer@0, org.springframework.boot.test.web.reactor.netty.DisableReactorResourceFactoryGlobalResourcesContextCustomizerFactory$DisableReactorResourceFactoryGlobalResourcesContextCustomizerCustomizer@4930539b, org.springframework.boot.test.autoconfigure.OnFailureConditionReportContextCustomizerFactory$OnFailureConditionReportContextCustomizer@3bb8aabc, org.springframework.boot.test.autoconfigure.OverrideAutoConfigurationContextCustomizerFactory$DisableAutoConfigurationContextCustomizer@29a4f594, org.springframework.boot.test.autoconfigure.actuate.observability.ObservabilityContextCustomizerFactory$DisableObservabilityContextCustomizer@1f, org.springframework.boot.test.autoconfigure.filter.TypeExcludeFiltersContextCustomizer@36b2352, org.springframework.boot.test.autoconfigure.properties.PropertyMappingContextCustomizer@d00e4b89, org.springframework.boot.test.autoconfigure.web.servlet.WebDriverContextCustomizer@62b969c4, org.springframework.test.context.bean.override.BeanOverrideContextCustomizer@2629bb49, org.springframework.test.context.support.DynamicPropertiesContextCustomizer@0, org.springframework.boot.test.context.SpringBootTestAnnotation@af3b7975], resourceBasePath = "src/main/webapp", contextLoader = org.springframework.boot.test.context.SpringBootContextLoader, parent = null]
	at org.springframework.test.context.cache.DefaultCacheAwareContextLoaderDelegate.loadContext(DefaultCacheAwareContextLoaderDelegate.java:145)
	at org.springframework.test.context.support.DefaultTestContext.getApplicationContext(DefaultTestContext.java:130)
	at org.springframework.test.context.bean.override.BeanOverrideTestExecutionListener.injectFields(BeanOverrideTestExecutionListener.java:107)
	at org.springframework.test.context.bean.override.BeanOverrideTestExecutionListener.prepareTestInstance(BeanOverrideTestExecutionListener.java:70)
	at org.springframework.test.context.TestContextManager.prepareTestInstance(TestContextManager.java:260)
	at org.springframework.test.context.junit.jupiter.SpringExtension.postProcessTestInstance(SpringExtension.java:159)
	at java.base/java.util.stream.ForEachOps$ForEachOp$OfRef.accept(ForEachOps.java:184)
	at java.base/java.util.stream.ReferencePipeline$3$1.accept(ReferencePipeline.java:197)
	at java.base/java.util.stream.ReferencePipeline$2$1.accept(ReferencePipeline.java:179)
	at java.base/java.util.stream.ReferencePipeline$3$1.accept(ReferencePipeline.java:197)
	at java.base/java.util.ArrayList$ArrayListSpliterator.forEachRemaining(ArrayList.java:1708)
	at java.base/java.util.stream.AbstractPipeline.copyInto(AbstractPipeline.java:509)
	at java.base/java.util.stream.AbstractPipeline.wrapAndCopyInto(AbstractPipeline.java:499)
	at java.base/java.util.stream.ForEachOps$ForEachOp.evaluateSequential(ForEachOps.java:151)
	at java.base/java.util.stream.ForEachOps$ForEachOp$OfRef.evaluateSequential(ForEachOps.java:174)
	at java.base/java.util.stream.AbstractPipeline.evaluate(AbstractPipeline.java:234)
	at java.base/java.util.stream.ReferencePipeline.forEach(ReferencePipeline.java:596)
	at java.base/java.util.Optional.orElseGet(Optional.java:364)
	at java.base/java.util.ArrayList.forEach(ArrayList.java:1596)
	at java.base/java.util.ArrayList.forEach(ArrayList.java:1596)

[ERROR] com.gien.gits.api.controller.EngagementJourneyControllerTest.testStartJourney -- Time elapsed: 0.002 s <<< ERROR!
java.lang.IllegalStateException: ApplicationContext failure threshold (1) exceeded: skipping repeated attempt to load context for [WebMergedContextConfiguration@75ad7531 testClass = com.gien.gits.api.controller.EngagementJourneyControllerTest, locations = [], classes = [com.gien.gits.api.GitsKnoApiApplication], contextInitializerClasses = [], activeProfiles = [], propertySourceDescriptors = [], propertySourceProperties = ["org.springframework.boot.test.autoconfigure.web.servlet.WebMvcTestContextBootstrapper=true"], contextCustomizers = [[ImportsContextCustomizer@4d619aa0 key = [org.springframework.boot.autoconfigure.security.oauth2.client.servlet.OAuth2ClientWebSecurityAutoConfiguration, org.springframework.boot.autoconfigure.task.TaskExecutionAutoConfiguration, org.springframework.boot.autoconfigure.cache.CacheAutoConfiguration, org.springframework.boot.autoconfigure.web.servlet.HttpEncodingAutoConfiguration, org.springframework.boot.autoconfigure.validation.ValidationAutoConfiguration, org.springframework.boot.autoconfigure.security.saml2.Saml2RelyingPartyAutoConfiguration, org.springframework.boot.autoconfigure.context.MessageSourceAutoConfiguration, org.springframework.boot.autoconfigure.hateoas.HypermediaAutoConfiguration, org.springframework.boot.autoconfigure.jackson.JacksonAutoConfiguration, org.springframework.boot.autoconfigure.data.web.SpringDataWebAutoConfiguration, org.springframework.boot.test.autoconfigure.web.reactive.WebTestClientAutoConfiguration, org.springframework.boot.autoconfigure.web.servlet.error.ErrorMvcAutoConfiguration, org.springframework.boot.test.autoconfigure.web.servlet.MockMvcAutoConfiguration, org.springframework.boot.autoconfigure.security.servlet.SecurityAutoConfiguration, org.springframework.boot.autoconfigure.security.servlet.SecurityFilterAutoConfiguration, org.springframework.boot.autoconfigure.http.HttpMessageConvertersAutoConfiguration, org.springframework.boot.autoconfigure.security.oauth2.client.OAuth2ClientAutoConfiguration, org.springframework.boot.test.autoconfigure.web.servlet.MockMvcSecurityConfiguration, org.springframework.boot.test.autoconfigure.web.servlet.MockMvcWebClientAutoConfiguration, org.springframework.boot.test.autoconfigure.web.servlet.MockMvcWebDriverAutoConfiguration, org.springframework.boot.autoconfigure.thymeleaf.ThymeleafAutoConfiguration, org.springframework.boot.autoconfigure.gson.GsonAutoConfiguration, org.springframework.boot.autoconfigure.jsonb.JsonbAutoConfiguration, org.springframework.boot.autoconfigure.freemarker.FreeMarkerAutoConfiguration, org.springframework.boot.autoconfigure.web.servlet.WebMvcAutoConfiguration, org.springframework.boot.autoconfigure.security.servlet.UserDetailsServiceAutoConfiguration, org.springframework.boot.autoconfigure.security.oauth2.resource.servlet.OAuth2ResourceServerAutoConfiguration, org.springframework.boot.autoconfigure.groovy.template.GroovyTemplateAutoConfiguration, org.springframework.boot.autoconfigure.mustache.MustacheAutoConfiguration]], org.springframework.boot.test.context.filter.ExcludeFilterContextCustomizer@3c0fbd3a, org.springframework.boot.test.json.DuplicateJsonObjectContextCustomizerFactory$DuplicateJsonObjectContextCustomizer@5b12012e, org.springframework.boot.test.mock.mockito.MockitoContextCustomizer@0, org.springframework.boot.test.web.reactor.netty.DisableReactorResourceFactoryGlobalResourcesContextCustomizerFactory$DisableReactorResourceFactoryGlobalResourcesContextCustomizerCustomizer@4930539b, org.springframework.boot.test.autoconfigure.OnFailureConditionReportContextCustomizerFactory$OnFailureConditionReportContextCustomizer@3bb8aabc, org.springframework.boot.test.autoconfigure.OverrideAutoConfigurationContextCustomizerFactory$DisableAutoConfigurationContextCustomizer@29a4f594, org.springframework.boot.test.autoconfigure.actuate.observability.ObservabilityContextCustomizerFactory$DisableObservabilityContextCustomizer@1f, org.springframework.boot.test.autoconfigure.filter.TypeExcludeFiltersContextCustomizer@36b2352, org.springframework.boot.test.autoconfigure.properties.PropertyMappingContextCustomizer@d00e4b89, org.springframework.boot.test.autoconfigure.web.servlet.WebDriverContextCustomizer@62b969c4, org.springframework.test.context.bean.override.BeanOverrideContextCustomizer@2629bb49, org.springframework.test.context.support.DynamicPropertiesContextCustomizer@0, org.springframework.boot.test.context.SpringBootTestAnnotation@af3b7975], resourceBasePath = "src/main/webapp", contextLoader = org.springframework.boot.test.context.SpringBootContextLoader, parent = null]
	at org.springframework.test.context.cache.DefaultCacheAwareContextLoaderDelegate.loadContext(DefaultCacheAwareContextLoaderDelegate.java:145)
	at org.springframework.test.context.support.DefaultTestContext.getApplicationContext(DefaultTestContext.java:130)
	at org.springframework.test.context.bean.override.BeanOverrideTestExecutionListener.injectFields(BeanOverrideTestExecutionListener.java:107)
	at org.springframework.test.context.bean.override.BeanOverrideTestExecutionListener.prepareTestInstance(BeanOverrideTestExecutionListener.java:70)
	at org.springframework.test.context.TestContextManager.prepareTestInstance(TestContextManager.java:260)
	at org.springframework.test.context.junit.jupiter.SpringExtension.postProcessTestInstance(SpringExtension.java:159)
	at java.base/java.util.stream.ForEachOps$ForEachOp$OfRef.accept(ForEachOps.java:184)
	at java.base/java.util.stream.ReferencePipeline$3$1.accept(ReferencePipeline.java:197)
	at java.base/java.util.stream.ReferencePipeline$2$1.accept(ReferencePipeline.java:179)
	at java.base/java.util.stream.ReferencePipeline$3$1.accept(ReferencePipeline.java:197)
	at java.base/java.util.ArrayList$ArrayListSpliterator.forEachRemaining(ArrayList.java:1708)
	at java.base/java.util.stream.AbstractPipeline.copyInto(AbstractPipeline.java:509)
	at java.base/java.util.stream.AbstractPipeline.wrapAndCopyInto(AbstractPipeline.java:499)
	at java.base/java.util.stream.ForEachOps$ForEachOp.evaluateSequential(ForEachOps.java:151)
	at java.base/java.util.stream.ForEachOps$ForEachOp$OfRef.evaluateSequential(ForEachOps.java:174)
	at java.base/java.util.stream.AbstractPipeline.evaluate(AbstractPipeline.java:234)
	at java.base/java.util.stream.ReferencePipeline.forEach(ReferencePipeline.java:596)
	at java.base/java.util.Optional.orElseGet(Optional.java:364)
	at java.base/java.util.ArrayList.forEach(ArrayList.java:1596)
	at java.base/java.util.ArrayList.forEach(ArrayList.java:1596)

[ERROR] com.gien.gits.api.controller.EngagementJourneyControllerTest.testCompleteJourney -- Time elapsed: 0.001 s <<< ERROR!
java.lang.IllegalStateException: ApplicationContext failure threshold (1) exceeded: skipping repeated attempt to load context for [WebMergedContextConfiguration@75ad7531 testClass = com.gien.gits.api.controller.EngagementJourneyControllerTest, locations = [], classes = [com.gien.gits.api.GitsKnoApiApplication], contextInitializerClasses = [], activeProfiles = [], propertySourceDescriptors = [], propertySourceProperties = ["org.springframework.boot.test.autoconfigure.web.servlet.WebMvcTestContextBootstrapper=true"], contextCustomizers = [[ImportsContextCustomizer@4d619aa0 key = [org.springframework.boot.autoconfigure.security.oauth2.client.servlet.OAuth2ClientWebSecurityAutoConfiguration, org.springframework.boot.autoconfigure.task.TaskExecutionAutoConfiguration, org.springframework.boot.autoconfigure.cache.CacheAutoConfiguration, org.springframework.boot.autoconfigure.web.servlet.HttpEncodingAutoConfiguration, org.springframework.boot.autoconfigure.validation.ValidationAutoConfiguration, org.springframework.boot.autoconfigure.security.saml2.Saml2RelyingPartyAutoConfiguration, org.springframework.boot.autoconfigure.context.MessageSourceAutoConfiguration, org.springframework.boot.autoconfigure.hateoas.HypermediaAutoConfiguration, org.springframework.boot.autoconfigure.jackson.JacksonAutoConfiguration, org.springframework.boot.autoconfigure.data.web.SpringDataWebAutoConfiguration, org.springframework.boot.test.autoconfigure.web.reactive.WebTestClientAutoConfiguration, org.springframework.boot.autoconfigure.web.servlet.error.ErrorMvcAutoConfiguration, org.springframework.boot.test.autoconfigure.web.servlet.MockMvcAutoConfiguration, org.springframework.boot.autoconfigure.security.servlet.SecurityAutoConfiguration, org.springframework.boot.autoconfigure.security.servlet.SecurityFilterAutoConfiguration, org.springframework.boot.autoconfigure.http.HttpMessageConvertersAutoConfiguration, org.springframework.boot.autoconfigure.security.oauth2.client.OAuth2ClientAutoConfiguration, org.springframework.boot.test.autoconfigure.web.servlet.MockMvcSecurityConfiguration, org.springframework.boot.test.autoconfigure.web.servlet.MockMvcWebClientAutoConfiguration, org.springframework.boot.test.autoconfigure.web.servlet.MockMvcWebDriverAutoConfiguration, org.springframework.boot.autoconfigure.thymeleaf.ThymeleafAutoConfiguration, org.springframework.boot.autoconfigure.gson.GsonAutoConfiguration, org.springframework.boot.autoconfigure.jsonb.JsonbAutoConfiguration, org.springframework.boot.autoconfigure.freemarker.FreeMarkerAutoConfiguration, org.springframework.boot.autoconfigure.web.servlet.WebMvcAutoConfiguration, org.springframework.boot.autoconfigure.security.servlet.UserDetailsServiceAutoConfiguration, org.springframework.boot.autoconfigure.security.oauth2.resource.servlet.OAuth2ResourceServerAutoConfiguration, org.springframework.boot.autoconfigure.groovy.template.GroovyTemplateAutoConfiguration, org.springframework.boot.autoconfigure.mustache.MustacheAutoConfiguration]], org.springframework.boot.test.context.filter.ExcludeFilterContextCustomizer@3c0fbd3a, org.springframework.boot.test.json.DuplicateJsonObjectContextCustomizerFactory$DuplicateJsonObjectContextCustomizer@5b12012e, org.springframework.boot.test.mock.mockito.MockitoContextCustomizer@0, org.springframework.boot.test.web.reactor.netty.DisableReactorResourceFactoryGlobalResourcesContextCustomizerFactory$DisableReactorResourceFactoryGlobalResourcesContextCustomizerCustomizer@4930539b, org.springframework.boot.test.autoconfigure.OnFailureConditionReportContextCustomizerFactory$OnFailureConditionReportContextCustomizer@3bb8aabc, org.springframework.boot.test.autoconfigure.OverrideAutoConfigurationContextCustomizerFactory$DisableAutoConfigurationContextCustomizer@29a4f594, org.springframework.boot.test.autoconfigure.actuate.observability.ObservabilityContextCustomizerFactory$DisableObservabilityContextCustomizer@1f, org.springframework.boot.test.autoconfigure.filter.TypeExcludeFiltersContextCustomizer@36b2352, org.springframework.boot.test.autoconfigure.properties.PropertyMappingContextCustomizer@d00e4b89, org.springframework.boot.test.autoconfigure.web.servlet.WebDriverContextCustomizer@62b969c4, org.springframework.test.context.bean.override.BeanOverrideContextCustomizer@2629bb49, org.springframework.test.context.support.DynamicPropertiesContextCustomizer@0, org.springframework.boot.test.context.SpringBootTestAnnotation@af3b7975], resourceBasePath = "src/main/webapp", contextLoader = org.springframework.boot.test.context.SpringBootContextLoader, parent = null]
	at org.springframework.test.context.cache.DefaultCacheAwareContextLoaderDelegate.loadContext(DefaultCacheAwareContextLoaderDelegate.java:145)
	at org.springframework.test.context.support.DefaultTestContext.getApplicationContext(DefaultTestContext.java:130)
	at org.springframework.test.context.bean.override.BeanOverrideTestExecutionListener.injectFields(BeanOverrideTestExecutionListener.java:107)
	at org.springframework.test.context.bean.override.BeanOverrideTestExecutionListener.prepareTestInstance(BeanOverrideTestExecutionListener.java:70)
	at org.springframework.test.context.TestContextManager.prepareTestInstance(TestContextManager.java:260)
	at org.springframework.test.context.junit.jupiter.SpringExtension.postProcessTestInstance(SpringExtension.java:159)
	at java.base/java.util.stream.ForEachOps$ForEachOp$OfRef.accept(ForEachOps.java:184)
	at java.base/java.util.stream.ReferencePipeline$3$1.accept(ReferencePipeline.java:197)
	at java.base/java.util.stream.ReferencePipeline$2$1.accept(ReferencePipeline.java:179)
	at java.base/java.util.stream.ReferencePipeline$3$1.accept(ReferencePipeline.java:197)
	at java.base/java.util.ArrayList$ArrayListSpliterator.forEachRemaining(ArrayList.java:1708)
	at java.base/java.util.stream.AbstractPipeline.copyInto(AbstractPipeline.java:509)
	at java.base/java.util.stream.AbstractPipeline.wrapAndCopyInto(AbstractPipeline.java:499)
	at java.base/java.util.stream.ForEachOps$ForEachOp.evaluateSequential(ForEachOps.java:151)
	at java.base/java.util.stream.ForEachOps$ForEachOp$OfRef.evaluateSequential(ForEachOps.java:174)
	at java.base/java.util.stream.AbstractPipeline.evaluate(AbstractPipeline.java:234)
	at java.base/java.util.stream.ReferencePipeline.forEach(ReferencePipeline.java:596)
	at java.base/java.util.Optional.orElseGet(Optional.java:364)
	at java.base/java.util.ArrayList.forEach(ArrayList.java:1596)
	at java.base/java.util.ArrayList.forEach(ArrayList.java:1596)

[INFO] 
[INFO] Results:
[INFO] 
[ERROR] Errors: 
[ERROR]   EngagementJourneyControllerTest.testCompleteJourney » IllegalState ApplicationContext failure threshold (1) exceeded: skipping repeated attempt to load context for [WebMergedContextConfiguration@75ad7531 testClass = com.gien.gits.api.controller.EngagementJourneyControllerTest, locations = [], classes = [com.gien.gits.api.GitsKnoApiApplication], contextInitializerClasses = [], activeProfiles = [], propertySourceDescriptors = [], propertySourceProperties = ["org.springframework.boot.test.autoconfigure.web.servlet.WebMvcTestContextBootstrapper=true"], contextCustomizers = [[ImportsContextCustomizer@4d619aa0 key = [org.springframework.boot.autoconfigure.security.oauth2.client.servlet.OAuth2ClientWebSecurityAutoConfiguration, org.springframework.boot.autoconfigure.task.TaskExecutionAutoConfiguration, org.springframework.boot.autoconfigure.cache.CacheAutoConfiguration, org.springframework.boot.autoconfigure.web.servlet.HttpEncodingAutoConfiguration, org.springframework.boot.autoconfigure.validation.ValidationAutoConfiguration, org.springframework.boot.autoconfigure.security.saml2.Saml2RelyingPartyAutoConfiguration, org.springframework.boot.autoconfigure.context.MessageSourceAutoConfiguration, org.springframework.boot.autoconfigure.hateoas.HypermediaAutoConfiguration, org.springframework.boot.autoconfigure.jackson.JacksonAutoConfiguration, org.springframework.boot.autoconfigure.data.web.SpringDataWebAutoConfiguration, org.springframework.boot.test.autoconfigure.web.reactive.WebTestClientAutoConfiguration, org.springframework.boot.autoconfigure.web.servlet.error.ErrorMvcAutoConfiguration, org.springframework.boot.test.autoconfigure.web.servlet.MockMvcAutoConfiguration, org.springframework.boot.autoconfigure.security.servlet.SecurityAutoConfiguration, org.springframework.boot.autoconfigure.security.servlet.SecurityFilterAutoConfiguration, org.springframework.boot.autoconfigure.http.HttpMessageConvertersAutoConfiguration, org.springframework.boot.autoconfigure.security.oauth2.client.OAuth2ClientAutoConfiguration, org.springframework.boot.test.autoconfigure.web.servlet.MockMvcSecurityConfiguration, org.springframework.boot.test.autoconfigure.web.servlet.MockMvcWebClientAutoConfiguration, org.springframework.boot.test.autoconfigure.web.servlet.MockMvcWebDriverAutoConfiguration, org.springframework.boot.autoconfigure.thymeleaf.ThymeleafAutoConfiguration, org.springframework.boot.autoconfigure.gson.GsonAutoConfiguration, org.springframework.boot.autoconfigure.jsonb.JsonbAutoConfiguration, org.springframework.boot.autoconfigure.freemarker.FreeMarkerAutoConfiguration, org.springframework.boot.autoconfigure.web.servlet.WebMvcAutoConfiguration, org.springframework.boot.autoconfigure.security.servlet.UserDetailsServiceAutoConfiguration, org.springframework.boot.autoconfigure.security.oauth2.resource.servlet.OAuth2ResourceServerAutoConfiguration, org.springframework.boot.autoconfigure.groovy.template.GroovyTemplateAutoConfiguration, org.springframework.boot.autoconfigure.mustache.MustacheAutoConfiguration]], org.springframework.boot.test.context.filter.ExcludeFilterContextCustomizer@3c0fbd3a, org.springframework.boot.test.json.DuplicateJsonObjectContextCustomizerFactory$DuplicateJsonObjectContextCustomizer@5b12012e, org.springframework.boot.test.mock.mockito.MockitoContextCustomizer@0, org.springframework.boot.test.web.reactor.netty.DisableReactorResourceFactoryGlobalResourcesContextCustomizerFactory$DisableReactorResourceFactoryGlobalResourcesContextCustomizerCustomizer@4930539b, org.springframework.boot.test.autoconfigure.OnFailureConditionReportContextCustomizerFactory$OnFailureConditionReportContextCustomizer@3bb8aabc, org.springframework.boot.test.autoconfigure.OverrideAutoConfigurationContextCustomizerFactory$DisableAutoConfigurationContextCustomizer@29a4f594, org.springframework.boot.test.autoconfigure.actuate.observability.ObservabilityContextCustomizerFactory$DisableObservabilityContextCustomizer@1f, org.springframework.boot.test.autoconfigure.filter.TypeExcludeFiltersContextCustomizer@36b2352, org.springframework.boot.test.autoconfigure.properties.PropertyMappingContextCustomizer@d00e4b89, org.springframework.boot.test.autoconfigure.web.servlet.WebDriverContextCustomizer@62b969c4, org.springframework.test.context.bean.override.BeanOverrideContextCustomizer@2629bb49, org.springframework.test.context.support.DynamicPropertiesContextCustomizer@0, org.springframework.boot.test.context.SpringBootTestAnnotation@af3b7975], resourceBasePath = "src/main/webapp", contextLoader = org.springframework.boot.test.context.SpringBootContextLoader, parent = null]
[ERROR]   EngagementJourneyControllerTest.testListMeetingScripts » IllegalState ApplicationContext failure threshold (1) exceeded: skipping repeated attempt to load context for [WebMergedContextConfiguration@75ad7531 testClass = com.gien.gits.api.controller.EngagementJourneyControllerTest, locations = [], classes = [com.gien.gits.api.GitsKnoApiApplication], contextInitializerClasses = [], activeProfiles = [], propertySourceDescriptors = [], propertySourceProperties = ["org.springframework.boot.test.autoconfigure.web.servlet.WebMvcTestContextBootstrapper=true"], contextCustomizers = [[ImportsContextCustomizer@4d619aa0 key = [org.springframework.boot.autoconfigure.security.oauth2.client.servlet.OAuth2ClientWebSecurityAutoConfiguration, org.springframework.boot.autoconfigure.task.TaskExecutionAutoConfiguration, org.springframework.boot.autoconfigure.cache.CacheAutoConfiguration, org.springframework.boot.autoconfigure.web.servlet.HttpEncodingAutoConfiguration, org.springframework.boot.autoconfigure.validation.ValidationAutoConfiguration, org.springframework.boot.autoconfigure.security.saml2.Saml2RelyingPartyAutoConfiguration, org.springframework.boot.autoconfigure.context.MessageSourceAutoConfiguration, org.springframework.boot.autoconfigure.hateoas.HypermediaAutoConfiguration, org.springframework.boot.autoconfigure.jackson.JacksonAutoConfiguration, org.springframework.boot.autoconfigure.data.web.SpringDataWebAutoConfiguration, org.springframework.boot.test.autoconfigure.web.reactive.WebTestClientAutoConfiguration, org.springframework.boot.autoconfigure.web.servlet.error.ErrorMvcAutoConfiguration, org.springframework.boot.test.autoconfigure.web.servlet.MockMvcAutoConfiguration, org.springframework.boot.autoconfigure.security.servlet.SecurityAutoConfiguration, org.springframework.boot.autoconfigure.security.servlet.SecurityFilterAutoConfiguration, org.springframework.boot.autoconfigure.http.HttpMessageConvertersAutoConfiguration, org.springframework.boot.autoconfigure.security.oauth2.client.OAuth2ClientAutoConfiguration, org.springframework.boot.test.autoconfigure.web.servlet.MockMvcSecurityConfiguration, org.springframework.boot.test.autoconfigure.web.servlet.MockMvcWebClientAutoConfiguration, org.springframework.boot.test.autoconfigure.web.servlet.MockMvcWebDriverAutoConfiguration, org.springframework.boot.autoconfigure.thymeleaf.ThymeleafAutoConfiguration, org.springframework.boot.autoconfigure.gson.GsonAutoConfiguration, org.springframework.boot.autoconfigure.jsonb.JsonbAutoConfiguration, org.springframework.boot.autoconfigure.freemarker.FreeMarkerAutoConfiguration, org.springframework.boot.autoconfigure.web.servlet.WebMvcAutoConfiguration, org.springframework.boot.autoconfigure.security.servlet.UserDetailsServiceAutoConfiguration, org.springframework.boot.autoconfigure.security.oauth2.resource.servlet.OAuth2ResourceServerAutoConfiguration, org.springframework.boot.autoconfigure.groovy.template.GroovyTemplateAutoConfiguration, org.springframework.boot.autoconfigure.mustache.MustacheAutoConfiguration]], org.springframework.boot.test.context.filter.ExcludeFilterContextCustomizer@3c0fbd3a, org.springframework.boot.test.json.DuplicateJsonObjectContextCustomizerFactory$DuplicateJsonObjectContextCustomizer@5b12012e, org.springframework.boot.test.mock.mockito.MockitoContextCustomizer@0, org.springframework.boot.test.web.reactor.netty.DisableReactorResourceFactoryGlobalResourcesContextCustomizerFactory$DisableReactorResourceFactoryGlobalResourcesContextCustomizerCustomizer@4930539b, org.springframework.boot.test.autoconfigure.OnFailureConditionReportContextCustomizerFactory$OnFailureConditionReportContextCustomizer@3bb8aabc, org.springframework.boot.test.autoconfigure.OverrideAutoConfigurationContextCustomizerFactory$DisableAutoConfigurationContextCustomizer@29a4f594, org.springframework.boot.test.autoconfigure.actuate.observability.ObservabilityContextCustomizerFactory$DisableObservabilityContextCustomizer@1f, org.springframework.boot.test.autoconfigure.filter.TypeExcludeFiltersContextCustomizer@36b2352, org.springframework.boot.test.autoconfigure.properties.PropertyMappingContextCustomizer@d00e4b89, org.springframework.boot.test.autoconfigure.web.servlet.WebDriverContextCustomizer@62b969c4, org.springframework.test.context.bean.override.BeanOverrideContextCustomizer@2629bb49, org.springframework.test.context.support.DynamicPropertiesContextCustomizer@0, org.springframework.boot.test.context.SpringBootTestAnnotation@af3b7975], resourceBasePath = "src/main/webapp", contextLoader = org.springframework.boot.test.context.SpringBootContextLoader, parent = null]
[ERROR]   EngagementJourneyControllerTest.testListOutreachScripts » IllegalState Failed to load ApplicationContext for [WebMergedContextConfiguration@75ad7531 testClass = com.gien.gits.api.controller.EngagementJourneyControllerTest, locations = [], classes = [com.gien.gits.api.GitsKnoApiApplication], contextInitializerClasses = [], activeProfiles = [], propertySourceDescriptors = [], propertySourceProperties = ["org.springframework.boot.test.autoconfigure.web.servlet.WebMvcTestContextBootstrapper=true"], contextCustomizers = [[ImportsContextCustomizer@4d619aa0 key = [org.springframework.boot.autoconfigure.security.oauth2.client.servlet.OAuth2ClientWebSecurityAutoConfiguration, org.springframework.boot.autoconfigure.task.TaskExecutionAutoConfiguration, org.springframework.boot.autoconfigure.cache.CacheAutoConfiguration, org.springframework.boot.autoconfigure.web.servlet.HttpEncodingAutoConfiguration, org.springframework.boot.autoconfigure.validation.ValidationAutoConfiguration, org.springframework.boot.autoconfigure.security.saml2.Saml2RelyingPartyAutoConfiguration, org.springframework.boot.autoconfigure.context.MessageSourceAutoConfiguration, org.springframework.boot.autoconfigure.hateoas.HypermediaAutoConfiguration, org.springframework.boot.autoconfigure.jackson.JacksonAutoConfiguration, org.springframework.boot.autoconfigure.data.web.SpringDataWebAutoConfiguration, org.springframework.boot.test.autoconfigure.web.reactive.WebTestClientAutoConfiguration, org.springframework.boot.autoconfigure.web.servlet.error.ErrorMvcAutoConfiguration, org.springframework.boot.test.autoconfigure.web.servlet.MockMvcAutoConfiguration, org.springframework.boot.autoconfigure.security.servlet.SecurityAutoConfiguration, org.springframework.boot.autoconfigure.security.servlet.SecurityFilterAutoConfiguration, org.springframework.boot.autoconfigure.http.HttpMessageConvertersAutoConfiguration, org.springframework.boot.autoconfigure.security.oauth2.client.OAuth2ClientAutoConfiguration, org.springframework.boot.test.autoconfigure.web.servlet.MockMvcSecurityConfiguration, org.springframework.boot.test.autoconfigure.web.servlet.MockMvcWebClientAutoConfiguration, org.springframework.boot.test.autoconfigure.web.servlet.MockMvcWebDriverAutoConfiguration, org.springframework.boot.autoconfigure.thymeleaf.ThymeleafAutoConfiguration, org.springframework.boot.autoconfigure.gson.GsonAutoConfiguration, org.springframework.boot.autoconfigure.jsonb.JsonbAutoConfiguration, org.springframework.boot.autoconfigure.freemarker.FreeMarkerAutoConfiguration, org.springframework.boot.autoconfigure.web.servlet.WebMvcAutoConfiguration, org.springframework.boot.autoconfigure.security.servlet.UserDetailsServiceAutoConfiguration, org.springframework.boot.autoconfigure.security.oauth2.resource.servlet.OAuth2ResourceServerAutoConfiguration, org.springframework.boot.autoconfigure.groovy.template.GroovyTemplateAutoConfiguration, org.springframework.boot.autoconfigure.mustache.MustacheAutoConfiguration]], org.springframework.boot.test.context.filter.ExcludeFilterContextCustomizer@3c0fbd3a, org.springframework.boot.test.json.DuplicateJsonObjectContextCustomizerFactory$DuplicateJsonObjectContextCustomizer@5b12012e, org.springframework.boot.test.mock.mockito.MockitoContextCustomizer@0, org.springframework.boot.test.web.reactor.netty.DisableReactorResourceFactoryGlobalResourcesContextCustomizerFactory$DisableReactorResourceFactoryGlobalResourcesContextCustomizerCustomizer@4930539b, org.springframework.boot.test.autoconfigure.OnFailureConditionReportContextCustomizerFactory$OnFailureConditionReportContextCustomizer@3bb8aabc, org.springframework.boot.test.autoconfigure.OverrideAutoConfigurationContextCustomizerFactory$DisableAutoConfigurationContextCustomizer@29a4f594, org.springframework.boot.test.autoconfigure.actuate.observability.ObservabilityContextCustomizerFactory$DisableObservabilityContextCustomizer@1f, org.springframework.boot.test.autoconfigure.filter.TypeExcludeFiltersContextCustomizer@36b2352, org.springframework.boot.test.autoconfigure.properties.PropertyMappingContextCustomizer@d00e4b89, org.springframework.boot.test.autoconfigure.web.servlet.WebDriverContextCustomizer@62b969c4, org.springframework.test.context.bean.override.BeanOverrideContextCustomizer@2629bb49, org.springframework.test.context.support.DynamicPropertiesContextCustomizer@0, org.springframework.boot.test.context.SpringBootTestAnnotation@af3b7975], resourceBasePath = "src/main/webapp", contextLoader = org.springframework.boot.test.context.SpringBootContextLoader, parent = null]
[ERROR]   EngagementJourneyControllerTest.testStartJourney » IllegalState ApplicationContext failure threshold (1) exceeded: skipping repeated attempt to load context for [WebMergedContextConfiguration@75ad7531 testClass = com.gien.gits.api.controller.EngagementJourneyControllerTest, locations = [], classes = [com.gien.gits.api.GitsKnoApiApplication], contextInitializerClasses = [], activeProfiles = [], propertySourceDescriptors = [], propertySourceProperties = ["org.springframework.boot.test.autoconfigure.web.servlet.WebMvcTestContextBootstrapper=true"], contextCustomizers = [[ImportsContextCustomizer@4d619aa0 key = [org.springframework.boot.autoconfigure.security.oauth2.client.servlet.OAuth2ClientWebSecurityAutoConfiguration, org.springframework.boot.autoconfigure.task.TaskExecutionAutoConfiguration, org.springframework.boot.autoconfigure.cache.CacheAutoConfiguration, org.springframework.boot.autoconfigure.web.servlet.HttpEncodingAutoConfiguration, org.springframework.boot.autoconfigure.validation.ValidationAutoConfiguration, org.springframework.boot.autoconfigure.security.saml2.Saml2RelyingPartyAutoConfiguration, org.springframework.boot.autoconfigure.context.MessageSourceAutoConfiguration, org.springframework.boot.autoconfigure.hateoas.HypermediaAutoConfiguration, org.springframework.boot.autoconfigure.jackson.JacksonAutoConfiguration, org.springframework.boot.autoconfigure.data.web.SpringDataWebAutoConfiguration, org.springframework.boot.test.autoconfigure.web.reactive.WebTestClientAutoConfiguration, org.springframework.boot.autoconfigure.web.servlet.error.ErrorMvcAutoConfiguration, org.springframework.boot.test.autoconfigure.web.servlet.MockMvcAutoConfiguration, org.springframework.boot.autoconfigure.security.servlet.SecurityAutoConfiguration, org.springframework.boot.autoconfigure.security.servlet.SecurityFilterAutoConfiguration, org.springframework.boot.autoconfigure.http.HttpMessageConvertersAutoConfiguration, org.springframework.boot.autoconfigure.security.oauth2.client.OAuth2ClientAutoConfiguration, org.springframework.boot.test.autoconfigure.web.servlet.MockMvcSecurityConfiguration, org.springframework.boot.test.autoconfigure.web.servlet.MockMvcWebClientAutoConfiguration, org.springframework.boot.test.autoconfigure.web.servlet.MockMvcWebDriverAutoConfiguration, org.springframework.boot.autoconfigure.thymeleaf.ThymeleafAutoConfiguration, org.springframework.boot.autoconfigure.gson.GsonAutoConfiguration, org.springframework.boot.autoconfigure.jsonb.JsonbAutoConfiguration, org.springframework.boot.autoconfigure.freemarker.FreeMarkerAutoConfiguration, org.springframework.boot.autoconfigure.web.servlet.WebMvcAutoConfiguration, org.springframework.boot.autoconfigure.security.servlet.UserDetailsServiceAutoConfiguration, org.springframework.boot.autoconfigure.security.oauth2.resource.servlet.OAuth2ResourceServerAutoConfiguration, org.springframework.boot.autoconfigure.groovy.template.GroovyTemplateAutoConfiguration, org.springframework.boot.autoconfigure.mustache.MustacheAutoConfiguration]], org.springframework.boot.test.context.filter.ExcludeFilterContextCustomizer@3c0fbd3a, org.springframework.boot.test.json.DuplicateJsonObjectContextCustomizerFactory$DuplicateJsonObjectContextCustomizer@5b12012e, org.springframework.boot.test.mock.mockito.MockitoContextCustomizer@0, org.springframework.boot.test.web.reactor.netty.DisableReactorResourceFactoryGlobalResourcesContextCustomizerFactory$DisableReactorResourceFactoryGlobalResourcesContextCustomizerCustomizer@4930539b, org.springframework.boot.test.autoconfigure.OnFailureConditionReportContextCustomizerFactory$OnFailureConditionReportContextCustomizer@3bb8aabc, org.springframework.boot.test.autoconfigure.OverrideAutoConfigurationContextCustomizerFactory$DisableAutoConfigurationContextCustomizer@29a4f594, org.springframework.boot.test.autoconfigure.actuate.observability.ObservabilityContextCustomizerFactory$DisableObservabilityContextCustomizer@1f, org.springframework.boot.test.autoconfigure.filter.TypeExcludeFiltersContextCustomizer@36b2352, org.springframework.boot.test.autoconfigure.properties.PropertyMappingContextCustomizer@d00e4b89, org.springframework.boot.test.autoconfigure.web.servlet.WebDriverContextCustomizer@62b969c4, org.springframework.test.context.bean.override.BeanOverrideContextCustomizer@2629bb49, org.springframework.test.context.support.DynamicPropertiesContextCustomizer@0, org.springframework.boot.test.context.SpringBootTestAnnotation@af3b7975], resourceBasePath = "src/main/webapp", contextLoader = org.springframework.boot.test.context.SpringBootContextLoader, parent = null]
[INFO] 
[ERROR] Tests run: 4, Failures: 0, Errors: 4, Skipped: 0
[INFO] 
[INFO] ------------------------------------------------------------------------
[INFO] Reactor Summary for GITS Knowledge Engineering 0.1.0-SNAPSHOT:
[INFO] 
[INFO] GITS Knowledge Engineering ......................... SUCCESS [  0.172 s]
[INFO] operational-ontology ............................... SUCCESS [  0.270 s]
[INFO] semantic-runtime ................................... SUCCESS [  0.023 s]
[INFO] knowledge-architecture ............................. SUCCESS [  0.026 s]
[INFO] context-evidence ................................... SUCCESS [  0.029 s]
[INFO] scenario-execute ................................... SUCCESS [  1.085 s]
[INFO] human-action ....................................... SUCCESS [  0.229 s]
[INFO] evaluation ......................................... SUCCESS [  0.022 s]
[INFO] scenario-customer-journey .......................... SUCCESS [  0.346 s]
[INFO] semantic-jena ...................................... SUCCESS [  0.169 s]
[INFO] persistence-relational ............................. SUCCESS [  1.113 s]
[INFO] Oracle Source Adapter .............................. SUCCESS [  0.025 s]
[INFO] knowledge-filesystem ............................... SUCCESS [  0.013 s]
[INFO] gits-kno-api ....................................... FAILURE [  6.601 s]
[INFO] ------------------------------------------------------------------------
[INFO] BUILD FAILURE
[INFO] ------------------------------------------------------------------------
[INFO] Total time:  10.358 s
[INFO] Finished at: 2026-09-11T00:28:36+08:00
[INFO] ------------------------------------------------------------------------
[ERROR] Failed to execute goal org.apache.maven.plugins:maven-surefire-plugin:3.5.6:test (default-test) on project gits-kno-api: 
[ERROR] 
[ERROR] See /home/szf/dev/gits-cbanking/apps/api/target/surefire-reports for the individual test results.
[ERROR] See dump files (if any exist) [date].dump, [date]-jvmRun[N].dump and [date].dumpstream.
[ERROR] -> [Help 1]
[ERROR] 
[ERROR] To see the full stack trace of the errors, re-run Maven with the -e switch.
[ERROR] Re-run Maven using the -X switch to enable full debug logging.
[ERROR] 
[ERROR] For more information about the errors and possible solutions, please read the following articles:
[ERROR] [Help 1] http://cwiki.apache.org/confluence/display/MAVEN/MojoFailureException
[ERROR] 
[ERROR] After correcting the problems, you can resume the build with the command
[ERROR]   mvn <args> -rf :gits-kno-api

STDERR
Mockito is currently self-attaching to enable the inline-mock-maker. This will no longer work in future releases of the JDK. Please add Mockito as an agent to your build as described in Mockito's documentation: https://javadoc.io/doc/org.mockito/mockito-core/latest/org.mockito/org/mockito/Mockito.html#0.3
OpenJDK 64-Bit Server VM warning: Sharing is only supported for boot loader classes because bootstrap classpath has been appended
WARNING: A Java agent has been loaded dynamically (/home/szf/.m2/repository/net/bytebuddy/byte-buddy-agent/1.17.8/byte-buddy-agent-1.17.8.jar)
WARNING: If a serviceability tool is in use, please run with -XX:+EnableDynamicAgentLoading to hide this warning
WARNING: If a serviceability tool is not in use, please run with -Djdk.instrument.traceUsage for more information
WARNING: Dynamic loading of agents will be disallowed by default in a future release



============================
CONDITIONS EVALUATION REPORT
============================


Positive matches:
-----------------

   ErrorMvcAutoConfiguration matched:
      - @ConditionalOnClass found required classes 'jakarta.servlet.Servlet', 'org.springframework.web.servlet.DispatcherServlet' (OnClassCondition)
      - found 'session' scope (OnWebApplicationCondition)

   ErrorMvcAutoConfiguration#basicErrorController matched:
      - @ConditionalOnMissingBean (types: org.springframework.boot.web.servlet.error.ErrorController; SearchStrategy: current) did not find any beans (OnBeanCondition)

   ErrorMvcAutoConfiguration#errorAttributes matched:
      - @ConditionalOnMissingBean (types: org.springframework.boot.web.servlet.error.ErrorAttributes; SearchStrategy: current) did not find any beans (OnBeanCondition)

   ErrorMvcAutoConfiguration.WhitelabelErrorViewConfiguration matched:
      - @ConditionalOnBooleanProperty (server.error.whitelabel.enabled=true) matched (OnPropertyCondition)
      - ErrorTemplate Missing did not find error template view (ErrorMvcAutoConfiguration.ErrorTemplateMissingCondition)

   ErrorMvcAutoConfiguration.WhitelabelErrorViewConfiguration#beanNameViewResolver matched:
      - @ConditionalOnMissingBean (types: org.springframework.web.servlet.view.BeanNameViewResolver; SearchStrategy: all) did not find any beans (OnBeanCondition)

   ErrorMvcAutoConfiguration.WhitelabelErrorViewConfiguration#defaultErrorView matched:
      - @ConditionalOnMissingBean (names: error; SearchStrategy: all) did not find any beans (OnBeanCondition)

   GsonAutoConfiguration matched:
      - @ConditionalOnClass found required class 'com.google.gson.Gson' (OnClassCondition)

   GsonAutoConfiguration#gson matched:
      - @ConditionalOnMissingBean (types: com.google.gson.Gson; SearchStrategy: all) did not find any beans (OnBeanCondition)

   GsonAutoConfiguration#gsonBuilder matched:
      - @ConditionalOnMissingBean (types: com.google.gson.GsonBuilder; SearchStrategy: all) did not find any beans (OnBeanCondition)

   GsonHttpMessageConvertersConfiguration matched:
      - @ConditionalOnClass found required class 'com.google.gson.Gson' (OnClassCondition)

   HttpEncodingAutoConfiguration matched:
      - @ConditionalOnClass found required class 'org.springframework.web.filter.CharacterEncodingFilter' (OnClassCondition)
      - found 'session' scope (OnWebApplicationCondition)
      - @ConditionalOnBooleanProperty (server.servlet.encoding.enabled=true) matched (OnPropertyCondition)

   HttpEncodingAutoConfiguration#characterEncodingFilter matched:
      - @ConditionalOnMissingBean (types: org.springframework.web.filter.CharacterEncodingFilter; SearchStrategy: all) did not find any beans (OnBeanCondition)

   HttpMessageConvertersAutoConfiguration matched:
      - @ConditionalOnClass found required class 'org.springframework.http.converter.HttpMessageConverter' (OnClassCondition)
      - NoneNestedConditions 0 matched 1 did not; NestedCondition on HttpMessageConvertersAutoConfiguration.NotReactiveWebApplicationCondition.ReactiveWebApplication did not find reactive web application classes (HttpMessageConvertersAutoConfiguration.NotReactiveWebApplicationCondition)

   HttpMessageConvertersAutoConfiguration#messageConverters matched:
      - @ConditionalOnMissingBean (types: org.springframework.boot.autoconfigure.http.HttpMessageConverters; SearchStrategy: all) did not find any beans (OnBeanCondition)

   HttpMessageConvertersAutoConfiguration.StringHttpMessageConverterConfiguration matched:
      - @ConditionalOnClass found required class 'org.springframework.http.converter.StringHttpMessageConverter' (OnClassCondition)

   HttpMessageConvertersAutoConfiguration.StringHttpMessageConverterConfiguration#stringHttpMessageConverter matched:
      - @ConditionalOnMissingBean (types: org.springframework.http.converter.StringHttpMessageConverter; SearchStrategy: all) did not find any beans (OnBeanCondition)

   JacksonAutoConfiguration matched:
      - @ConditionalOnClass found required class 'com.fasterxml.jackson.databind.ObjectMapper' (OnClassCondition)

   JacksonAutoConfiguration.Jackson2ObjectMapperBuilderCustomizerConfiguration matched:
      - @ConditionalOnClass found required class 'org.springframework.http.converter.json.Jackson2ObjectMapperBuilder' (OnClassCondition)

   JacksonAutoConfiguration.JacksonObjectMapperBuilderConfiguration matched:
      - @ConditionalOnClass found required class 'org.springframework.http.converter.json.Jackson2ObjectMapperBuilder' (OnClassCondition)

   JacksonAutoConfiguration.JacksonObjectMapperBuilderConfiguration#jacksonObjectMapperBuilder matched:
      - @ConditionalOnMissingBean (types: org.springframework.http.converter.json.Jackson2ObjectMapperBuilder; SearchStrategy: all) did not find any beans (OnBeanCondition)

   JacksonAutoConfiguration.JacksonObjectMapperConfiguration matched:
      - @ConditionalOnClass found required class 'org.springframework.http.converter.json.Jackson2ObjectMapperBuilder' (OnClassCondition)

   JacksonAutoConfiguration.JacksonObjectMapperConfiguration#jacksonObjectMapper matched:
      - @ConditionalOnMissingBean (types: com.fasterxml.jackson.databind.ObjectMapper; SearchStrategy: all) did not find any beans (OnBeanCondition)

   JacksonAutoConfiguration.ParameterNamesModuleConfiguration matched:
      - @ConditionalOnClass found required class 'com.fasterxml.jackson.module.paramnames.ParameterNamesModule' (OnClassCondition)

   JacksonAutoConfiguration.ParameterNamesModuleConfiguration#parameterNamesModule matched:
      - @ConditionalOnMissingBean (types: com.fasterxml.jackson.module.paramnames.ParameterNamesModule; SearchStrategy: all) did not find any beans (OnBeanCondition)

   JacksonHttpMessageConvertersConfiguration.MappingJackson2HttpMessageConverterConfiguration matched:
      - @ConditionalOnClass found required class 'com.fasterxml.jackson.databind.ObjectMapper' (OnClassCondition)
      - @ConditionalOnPreferredJsonMapper JACKSON no property was configured and Jackson is the default (OnPreferredJsonMapperCondition)
      - @ConditionalOnBean (types: com.fasterxml.jackson.databind.ObjectMapper; SearchStrategy: all) found bean 'jacksonObjectMapper' (OnBeanCondition)

   JacksonHttpMessageConvertersConfiguration.MappingJackson2HttpMessageConverterConfiguration#mappingJackson2HttpMessageConverter matched:
      - @ConditionalOnMissingBean (types: org.springframework.http.converter.json.MappingJackson2HttpMessageConverter ignored: org.springframework.hateoas.server.mvc.TypeConstrainedMappingJackson2HttpMessageConverter,org.springframework.data.rest.webmvc.alps.AlpsJsonHttpMessageConverter; SearchStrategy: all) did not find any beans (OnBeanCondition)

   JacksonHttpMessageConvertersConfiguration.MappingJackson2XmlHttpMessageConverterConfiguration matched:
      - @ConditionalOnClass found required class 'com.fasterxml.jackson.dataformat.xml.XmlMapper' (OnClassCondition)
      - @ConditionalOnBean (types: org.springframework.http.converter.json.Jackson2ObjectMapperBuilder; SearchStrategy: all) found bean 'jacksonObjectMapperBuilder' (OnBeanCondition)

   JacksonHttpMessageConvertersConfiguration.MappingJackson2XmlHttpMessageConverterConfiguration#mappingJackson2XmlHttpMessageConverter matched:
      - @ConditionalOnMissingBean (types: org.springframework.http.converter.xml.MappingJackson2XmlHttpMessageConverter; SearchStrategy: all) did not find any beans (OnBeanCondition)

   MockMvcAutoConfiguration matched:
      - found 'session' scope (OnWebApplicationCondition)

   MockMvcAutoConfiguration#dispatcherServlet matched:
      - @ConditionalOnMissingBean (types: org.springframework.web.servlet.DispatcherServlet; SearchStrategy: all) did not find any beans (OnBeanCondition)

   MockMvcAutoConfiguration#dispatcherServletPath matched:
      - @ConditionalOnMissingBean (types: org.springframework.boot.autoconfigure.web.servlet.DispatcherServletPath; SearchStrategy: all) did not find any beans (OnBeanCondition)

   MockMvcConfiguration#mockMvc matched:
      - @ConditionalOnMissingBean (types: org.springframework.test.web.servlet.MockMvc; SearchStrategy: all) did not find any beans (OnBeanCondition)

   MockMvcConfiguration#mockMvcBuilder matched:
      - @ConditionalOnMissingBean (types: org.springframework.test.web.servlet.MockMvcBuilder; SearchStrategy: all) did not find any beans (OnBeanCondition)

   MockMvcTesterConfiguration matched:
      - @ConditionalOnClass found required class 'org.assertj.core.api.Assert' (OnClassCondition)

   MockMvcTesterConfiguration#mockMvcTester matched:
      - @ConditionalOnMissingBean (types: org.springframework.test.web.servlet.assertj.MockMvcTester; SearchStrategy: all) did not find any beans (OnBeanCondition)

   NoOpCacheConfiguration matched:
      - Cache org.springframework.boot.autoconfigure.cache.NoOpCacheConfiguration NONE cache type (CacheCondition)

   SecurityAutoConfiguration matched:
      - @ConditionalOnClass found required class 'org.springframework.security.authentication.DefaultAuthenticationEventPublisher' (OnClassCondition)

   SecurityAutoConfiguration#authenticationEventPublisher matched:
      - @ConditionalOnMissingBean (types: org.springframework.security.authentication.AuthenticationEventPublisher; SearchStrategy: all) did not find any beans (OnBeanCondition)

   SecurityFilterAutoConfiguration matched:
      - @ConditionalOnClass found required classes 'org.springframework.security.web.context.AbstractSecurityWebApplicationInitializer', 'org.springframework.security.config.http.SessionCreationPolicy' (OnClassCondition)
      - found 'session' scope (OnWebApplicationCondition)

   SecurityFilterAutoConfiguration#securityFilterChainRegistration matched:
      - @ConditionalOnBean (names: springSecurityFilterChain; SearchStrategy: all) found bean 'springSecurityFilterChain' (OnBeanCondition)

   SpringBootWebSecurityConfiguration matched:
      - found 'session' scope (OnWebApplicationCondition)

   SpringBootWebSecurityConfiguration.SecurityFilterChainConfiguration matched:
      - AllNestedConditions 2 matched 0 did not; NestedCondition on DefaultWebSecurityCondition.Beans @ConditionalOnMissingBean (types: org.springframework.security.web.SecurityFilterChain; SearchStrategy: all) did not find any beans; NestedCondition on DefaultWebSecurityCondition.Classes @ConditionalOnClass found required classes 'org.springframework.security.web.SecurityFilterChain', 'org.springframework.security.config.annotation.web.builders.HttpSecurity' (DefaultWebSecurityCondition)

   SpringBootWebSecurityConfiguration.WebSecurityEnablerConfiguration matched:
      - @ConditionalOnClass found required class 'org.springframework.security.config.annotation.web.configuration.EnableWebSecurity' (OnClassCondition)
      - @ConditionalOnMissingBean (names: springSecurityFilterChain; SearchStrategy: all) did not find any beans (OnBeanCondition)

   TaskExecutionAutoConfiguration matched:
      - @ConditionalOnClass found required class 'org.springframework.scheduling.concurrent.ThreadPoolTaskExecutor' (OnClassCondition)

   TaskExecutorConfigurations.AsyncConfigurerConfiguration matched:
      - @ConditionalOnMissingBean (types: org.springframework.scheduling.annotation.AsyncConfigurer; SearchStrategy: all) did not find any beans (OnBeanCondition)

   TaskExecutorConfigurations.AsyncConfigurerConfiguration#applicationTaskExecutorAsyncConfigurer matched:
      - @ConditionalOnMissingBean (types: org.springframework.scheduling.annotation.AsyncConfigurer; SearchStrategy: all) did not find any beans (OnBeanCondition)

   TaskExecutorConfigurations.SimpleAsyncTaskExecutorBuilderConfiguration#simpleAsyncTaskExecutorBuilder matched:
      - @ConditionalOnMissingBean (types: org.springframework.boot.task.SimpleAsyncTaskExecutorBuilder; SearchStrategy: all) did not find any beans (OnBeanCondition)
      - @ConditionalOnThreading found PLATFORM (OnThreadingCondition)

   TaskExecutorConfigurations.TaskExecutorConfiguration matched:
      - AnyNestedCondition 1 matched 1 did not; NestedCondition on TaskExecutorConfigurations.OnExecutorCondition.ModelCondition @ConditionalOnProperty (spring.task.execution.mode=force) did not find property 'spring.task.execution.mode'; NestedCondition on TaskExecutorConfigurations.OnExecutorCondition.ExecutorBeanCondition @ConditionalOnMissingBean (types: java.util.concurrent.Executor; SearchStrategy: all) did not find any beans (TaskExecutorConfigurations.OnExecutorCondition)

   TaskExecutorConfigurations.TaskExecutorConfiguration#applicationTaskExecutor matched:
      - @ConditionalOnThreading found PLATFORM (OnThreadingCondition)

   TaskExecutorConfigurations.ThreadPoolTaskExecutorBuilderConfiguration#threadPoolTaskExecutorBuilder matched:
      - @ConditionalOnMissingBean (types: org.springframework.boot.task.ThreadPoolTaskExecutorBuilder; SearchStrategy: all) did not find any beans (OnBeanCondition)

   UserDetailsServiceAutoConfiguration matched:
      - @ConditionalOnClass found required class 'org.springframework.security.authentication.AuthenticationManager' (OnClassCondition)
      - found 'session' scope (OnWebApplicationCondition)
      - AnyNestedCondition 1 matched 2 did not; NestedCondition on UserDetailsServiceAutoConfiguration.MissingAlternativeOrUserPropertiesConfigured.PasswordConfigured @ConditionalOnProperty (spring.security.user.password) did not find property 'spring.security.user.password'; NestedCondition on UserDetailsServiceAutoConfiguration.MissingAlternativeOrUserPropertiesConfigured.NameConfigured @ConditionalOnProperty (spring.security.user.name) did not find property 'spring.security.user.name'; NestedCondition on UserDetailsServiceAutoConfiguration.MissingAlternativeOrUserPropertiesConfigured.MissingAlternative @ConditionalOnMissingClass did not find unwanted classes 'org.springframework.security.oauth2.client.registration.ClientRegistrationRepository', 'org.springframework.security.oauth2.server.resource.introspection.OpaqueTokenIntrospector', 'org.springframework.security.saml2.provider.service.registration.RelyingPartyRegistrationRepository' (UserDetailsServiceAutoConfiguration.MissingAlternativeOrUserPropertiesConfigured)
      - @ConditionalOnBean (types: org.springframework.security.config.ObjectPostProcessor; SearchStrategy: all) found beans 'objectPostProcessor', 'webAuthorizationManagerPostProcessor', 'filterChainDecoratorPostProcessor', 'authenticationManagerPostProcessor'; @ConditionalOnMissingBean (types: org.springframework.security.authentication.AuthenticationManager,org.springframework.security.authentication.AuthenticationProvider,org.springframework.security.core.userdetails.UserDetailsService,org.springframework.security.authentication.AuthenticationManagerResolver,org.springframework.security.oauth2.jwt.JwtDecoder; SearchStrategy: all) did not find any beans (OnBeanCondition)

   WebMvcAutoConfiguration matched:
      - @ConditionalOnClass found required classes 'jakarta.servlet.Servlet', 'org.springframework.web.servlet.DispatcherServlet', 'org.springframework.web.servlet.config.annotation.WebMvcConfigurer' (OnClassCondition)
      - found 'session' scope (OnWebApplicationCondition)
      - @ConditionalOnMissingBean (types: org.springframework.web.servlet.config.annotation.WebMvcConfigurationSupport; SearchStrategy: all) did not find any beans (OnBeanCondition)

   WebMvcAutoConfiguration#formContentFilter matched:
      - @ConditionalOnBooleanProperty (spring.mvc.formcontent.filter.enabled=true) matched (OnPropertyCondition)
      - @ConditionalOnMissingBean (types: org.springframework.web.filter.FormContentFilter; SearchStrategy: all) did not find any beans (OnBeanCondition)

   WebMvcAutoConfiguration.EnableWebMvcConfiguration#flashMapManager matched:
      - @ConditionalOnMissingBean (names: flashMapManager; SearchStrategy: all) did not find any beans (OnBeanCondition)

   WebMvcAutoConfiguration.EnableWebMvcConfiguration#localeResolver matched:
      - @ConditionalOnMissingBean (names: localeResolver; SearchStrategy: all) did not find any beans (OnBeanCondition)

   WebMvcAutoConfiguration.EnableWebMvcConfiguration#themeResolver matched:
      - @ConditionalOnMissingBean (names: themeResolver; SearchStrategy: all) did not find any beans (OnBeanCondition)

   WebMvcAutoConfiguration.EnableWebMvcConfiguration#viewNameTranslator matched:
      - @ConditionalOnMissingBean (names: viewNameTranslator; SearchStrategy: all) did not find any beans (OnBeanCondition)

   WebMvcAutoConfiguration.WebMvcAutoConfigurationAdapter#defaultViewResolver matched:
      - @ConditionalOnMissingBean (types: org.springframework.web.servlet.view.InternalResourceViewResolver; SearchStrategy: all) did not find any beans (OnBeanCondition)

   WebMvcAutoConfiguration.WebMvcAutoConfigurationAdapter#requestContextFilter matched:
      - @ConditionalOnMissingBean (types: org.springframework.web.context.request.RequestContextListener,org.springframework.web.filter.RequestContextFilter; SearchStrategy: all) did not find any beans (OnBeanCondition)

   WebMvcAutoConfiguration.WebMvcAutoConfigurationAdapter#viewResolver matched:
      - @ConditionalOnBean (types: org.springframework.web.servlet.ViewResolver; SearchStrategy: all) found beans 'defaultViewResolver', 'beanNameViewResolver', 'mvcViewResolver'; @ConditionalOnMissingBean (names: viewResolver types: org.springframework.web.servlet.view.ContentNegotiatingViewResolver; SearchStrategy: all) did not find any beans (OnBeanCondition)


Negative matches:
-----------------

   Cache2kCacheConfiguration:
      Did not match:
         - @ConditionalOnClass did not find required class 'org.cache2k.Cache2kBuilder' (OnClassCondition)

   CacheAutoConfiguration:
      Did not match:
         - @ConditionalOnBean (types: org.springframework.cache.interceptor.CacheAspectSupport; SearchStrategy: all) did not find any beans of type org.springframework.cache.interceptor.CacheAspectSupport (OnBeanCondition)
      Matched:
         - @ConditionalOnClass found required class 'org.springframework.cache.CacheManager' (OnClassCondition)

   CacheAutoConfiguration.CacheManagerEntityManagerFactoryDependsOnPostProcessor:
      Did not match:
         - @ConditionalOnClass did not find required class 'org.springframework.orm.jpa.LocalContainerEntityManagerFactoryBean' (OnClassCondition)
         - Ancestor org.springframework.boot.autoconfigure.cache.CacheAutoConfiguration did not match (ConditionEvaluationReport.AncestorsMatchedCondition)

   CaffeineCacheConfiguration:
      Did not match:
         - @ConditionalOnClass did not find required class 'org.springframework.cache.caffeine.CaffeineCacheManager' (OnClassCondition)

   CouchbaseCacheConfiguration:
      Did not match:
         - @ConditionalOnClass did not find required class 'com.couchbase.client.java.Cluster' (OnClassCondition)

   ErrorMvcAutoConfiguration.DefaultErrorViewResolverConfiguration#conventionErrorViewResolver:
      Did not match:
         - @ConditionalOnBean (types: org.springframework.web.servlet.DispatcherServlet; SearchStrategy: all) did not find any beans of type org.springframework.web.servlet.DispatcherServlet (OnBeanCondition)

   FreeMarkerAutoConfiguration:
      Did not match:
         - @ConditionalOnClass did not find required class 'freemarker.template.Configuration' (OnClassCondition)

   GenericCacheConfiguration:
      Did not match:
         - Cache org.springframework.boot.autoconfigure.cache.GenericCacheConfiguration unknown cache type (CacheCondition)

   GroovyTemplateAutoConfiguration:
      Did not match:
         - @ConditionalOnClass did not find required class 'groovy.text.markup.MarkupTemplateEngine' (OnClassCondition)

   GsonHttpMessageConvertersConfiguration.GsonHttpMessageConverterConfiguration:
      Did not match:
         - AnyNestedCondition 0 matched 2 did not; NestedCondition on GsonHttpMessageConvertersConfiguration.PreferGsonOrJacksonAndJsonbUnavailableCondition.JacksonJsonbUnavailable NoneNestedConditions 1 matched 1 did not; NestedCondition on GsonHttpMessageConvertersConfiguration.JacksonAndJsonbUnavailableCondition.JsonbPreferred @ConditionalOnPreferredJsonMapper JSONB no property was configured and Jackson is the default; NestedCondition on GsonHttpMessageConvertersConfiguration.JacksonAndJsonbUnavailableCondition.JacksonAvailable @ConditionalOnBean (types: org.springframework.http.converter.json.MappingJackson2HttpMessageConverter; SearchStrategy: all) found bean 'mappingJackson2HttpMessageConverter'; NestedCondition on GsonHttpMessageConvertersConfiguration.PreferGsonOrJacksonAndJsonbUnavailableCondition.GsonPreferred @ConditionalOnPreferredJsonMapper GSON no property was configured and Jackson is the default (GsonHttpMessageConvertersConfiguration.PreferGsonOrJacksonAndJsonbUnavailableCondition)

   HazelcastCacheConfiguration:
      Did not match:
         - @ConditionalOnClass did not find required class 'com.hazelcast.core.HazelcastInstance' (OnClassCondition)

   HypermediaAutoConfiguration:
      Did not match:
         - @ConditionalOnClass did not find required class 'org.springframework.hateoas.EntityModel' (OnClassCondition)

   InfinispanCacheConfiguration:
      Did not match:
         - @ConditionalOnClass did not find required class 'org.infinispan.spring.embedded.provider.SpringEmbeddedCacheManager' (OnClassCondition)

   JCacheCacheConfiguration:
      Did not match:
         - @ConditionalOnClass did not find required class 'javax.cache.Caching' (OnClassCondition)

   JsonbAutoConfiguration:
      Did not match:
         - @ConditionalOnClass did not find required class 'jakarta.json.bind.Jsonb' (OnClassCondition)

   JsonbHttpMessageConvertersConfiguration:
      Did not match:
         - @ConditionalOnClass did not find required class 'jakarta.json.bind.Jsonb' (OnClassCondition)

   MessageSourceAutoConfiguration:
      Did not match:
         - ResourceBundle did not find bundle with basename messages (MessageSourceAutoConfiguration.ResourceBundleCondition)

   MockMvcAutoConfiguration.WebTestClientMockMvcConfiguration:
      Did not match:
         - @ConditionalOnClass did not find required class 'org.springframework.web.reactive.function.client.WebClient' (OnClassCondition)

   MockMvcSecurityConfiguration:
      Did not match:
         - @ConditionalOnClass did not find required class 'org.springframework.security.test.web.servlet.request.SecurityMockMvcRequestPostProcessors' (OnClassCondition)

   MockMvcWebClientAutoConfiguration:
      Did not match:
         - @ConditionalOnClass did not find required class 'org.htmlunit.WebClient' (OnClassCondition)

   MockMvcWebDriverAutoConfiguration:
      Did not match:
         - @ConditionalOnClass did not find required class 'org.openqa.selenium.htmlunit.HtmlUnitDriver' (OnClassCondition)

   MustacheAutoConfiguration:
      Did not match:
         - @ConditionalOnClass did not find required class 'com.samskivert.mustache.Mustache' (OnClassCondition)

   OAuth2ClientAutoConfiguration:
      Did not match:
         - @ConditionalOnClass did not find required class 'org.springframework.security.oauth2.client.registration.ClientRegistration' (OnClassCondition)

   OAuth2ClientWebSecurityAutoConfiguration:
      Did not match:
         - @ConditionalOnClass did not find required class 'org.springframework.security.oauth2.client.web.OAuth2AuthorizedClientRepository' (OnClassCondition)

   OAuth2ResourceServerAutoConfiguration:
      Did not match:
         - @ConditionalOnClass did not find required class 'org.springframework.security.oauth2.server.resource.authentication.BearerTokenAuthenticationToken' (OnClassCondition)

   RedisCacheConfiguration:
      Did not match:
         - @ConditionalOnClass did not find required class 'org.springframework.data.redis.connection.RedisConnectionFactory' (OnClassCondition)

   Saml2RelyingPartyAutoConfiguration:
      Did not match:
         - @ConditionalOnClass did not find required class 'org.springframework.security.saml2.provider.service.registration.RelyingPartyRegistrationRepository' (OnClassCondition)

   SecurityDataConfiguration:
      Did not match:
         - @ConditionalOnClass did not find required class 'org.springframework.security.data.repository.query.SecurityEvaluationContextExtension' (OnClassCondition)

   SimpleCacheConfiguration:
      Did not match:
         - Cache org.springframework.boot.autoconfigure.cache.SimpleCacheConfiguration unknown cache type (CacheCondition)

   SpringDataWebAutoConfiguration:
      Did not match:
         - @ConditionalOnClass did not find required class 'org.springframework.data.web.PageableHandlerMethodArgumentResolver' (OnClassCondition)

   TaskExecutorConfigurations.SimpleAsyncTaskExecutorBuilderConfiguration#simpleAsyncTaskExecutorBuilderVirtualThreads:
      Did not match:
         - @ConditionalOnMissingBean (types: org.springframework.boot.task.SimpleAsyncTaskExecutorBuilder; SearchStrategy: all) found beans of type 'org.springframework.boot.task.SimpleAsyncTaskExecutorBuilder' simpleAsyncTaskExecutorBuilder (OnBeanCondition)

   TaskExecutorConfigurations.TaskExecutorConfiguration#applicationTaskExecutorVirtualThreads:
      Did not match:
         - @ConditionalOnThreading did not find VIRTUAL (OnThreadingCondition)

   ThymeleafAutoConfiguration:
      Did not match:
         - @ConditionalOnClass did not find required class 'org.thymeleaf.spring6.SpringTemplateEngine' (OnClassCondition)

   ValidationAutoConfiguration:
      Did not match:
         - @ConditionalOnResource did not find resource 'classpath:META-INF/services/jakarta.validation.spi.ValidationProvider' (OnResourceCondition)
      Matched:
         - @ConditionalOnClass found required class 'jakarta.validation.executable.ExecutableValidator' (OnClassCondition)

   WebMvcAutoConfiguration#hiddenHttpMethodFilter:
      Did not match:
         - @ConditionalOnBooleanProperty (spring.mvc.hiddenmethod.filter.enabled=true) did not find property 'spring.mvc.hiddenmethod.filter.enabled' (OnPropertyCondition)

   WebMvcAutoConfiguration.ProblemDetailsErrorHandlingConfiguration:
      Did not match:
         - @ConditionalOnBooleanProperty (spring.mvc.problemdetails.enabled=true) did not find property 'spring.mvc.problemdetails.enabled' (OnPropertyCondition)

   WebMvcAutoConfiguration.ResourceChainCustomizerConfiguration:
      Did not match:
         - @ConditionalOnEnabledResourceChain did not find class org.webjars.WebJarVersionLocator (OnEnabledResourceChainCondition)

   WebMvcAutoConfiguration.WebMvcAutoConfigurationAdapter#beanNameViewResolver:
      Did not match:
         - @ConditionalOnMissingBean (types: org.springframework.web.servlet.view.BeanNameViewResolver; SearchStrategy: all) found beans of type 'org.springframework.web.servlet.view.BeanNameViewResolver' beanNameViewResolver (OnBeanCondition)

   WebTestClientAutoConfiguration:
      Did not match:
         - @ConditionalOnClass did not find required class 'org.springframework.web.reactive.function.client.WebClient' (OnClassCondition)


Exclusions:
-----------

    None


Unconditional classes:
----------------------

    None



